name,currentTribe,cardType,cost,attack,hp,text,officialDbPage,officialDbSearchQuery,manualAnswer
アントベア,なし,ユニット,1,1,2,召喚時:味方リーダーのテンションを1消費する。 消費した後+1/+1を得る。,,アントベア ドラゴンクエストライバルズ 攻略データベース,
イチゴ爆弾,なし,ユニット,1,0,3,"攻撃できない。
死亡時：隣接するユニットに2ダメージを与える。",,イチゴ爆弾 ドラゴンクエストライバルズ 攻略データベース,
オニオーン,なし,ユニット,1,1,2,テンションリンク：味方リーダーのHPを1回復,,オニオーン ドラゴンクエストライバルズ 攻略データベース,
オニムカデ,なし,ユニット,1,1,1,召喚時:自分のデッキからダンジョンを持つ建物カードを1枚引く。大戦中にダンジョンを持つ味方建物が出ていたら代わりにカードを1枚引く,,オニムカデ ドラゴンクエストライバルズ 攻略データベース,
カメレオンマン,なし,ユニット,1,1,2,味方リーダーが攻撃する度攻撃力+1,,カメレオンマン ドラゴンクエストライバルズ 攻略データベース,
ガップリン,なし,ユニット,1,1,1,豊作のじんめんじゅの効果で場に出るユニット,,ガップリン ドラゴンクエストライバルズ 攻略データベース,
キラースコップ,なし,ユニット,1,1,2,召喚時:お互いのデッキのランダムなユニットカード1枚を比べ 自分の方がコストが高いならGET(1)、BET:攻撃力+1,,キラースコップ ドラゴンクエストライバルズ 攻略データベース,
サボテンゴールド,なし,ユニット,1,0,1,,,サボテンゴールド ドラゴンクエストライバルズ 攻略データベース,
スパイクヘッド,なし,ユニット,1,2,3,召喚時：相手はカードを1枚引く,,スパイクヘッド ドラゴンクエストライバルズ 攻略データベース,
スマイルロック,なし,ユニット,1,2,2,絶好調、攻撃時：このユニットが絶好調状態ならテンション+1,,スマイルロック ドラゴンクエストライバルズ 攻略データベース,
スモーク,なし,ユニット,1,0,2,絶好調、このユニットが絶好調状態なら攻撃力+2とにおうだちを得る,,スモーク ドラゴンクエストライバルズ 攻略データベース,
タホドラキー,なし,ユニット,1,2,1,召喚時：カードを1枚引く。その後自分の手札から1枚選び自分のデッキに混ぜる,,タホドラキー ドラゴンクエストライバルズ 攻略データベース,
テンタコルス,なし,ユニット,1,1,1,自分のターン終了時全ての味方のHPを1回復,,テンタコルス ドラゴンクエストライバルズ 攻略データベース,
デスファレーナ,なし,ユニット,1,1,1,占い：(1)攻撃力+2、(2)HP+2,,デスファレーナ ドラゴンクエストライバルズ 攻略データベース,
デンダの子分,なし,ユニット,1,1,1,,,デンダの子分 ドラゴンクエストライバルズ 攻略データベース,
ドルマゲスの分身,なし,ユニット,1,1,1,,,ドルマゲスの分身 ドラゴンクエストライバルズ 攻略データベース,
ビッグハット,なし,ユニット,1,1,3,,,ビッグハット ドラゴンクエストライバルズ 攻略データベース,
ピッキー,なし,ユニット,1,2,1,いずれかのプレイヤーのヒーロースキルが発動する度両プレイヤーはカードを1枚引く,,ピッキー ドラゴンクエストライバルズ 攻略データベース,
フェアリーバット,なし,ユニット,1,1,1,召喚時：後列にいるすべての敵ユニットを前列に移動させる。,,フェアリーバット ドラゴンクエストライバルズ 攻略データベース,
フォンデュ,なし,ユニット,1,2,1,召喚時：味方冒険者1体を+1/+1,,フォンデュ ドラゴンクエストライバルズ 攻略データベース,
ブラックタヌー,なし,ユニット,1,1,2,,,ブラックタヌー ドラゴンクエストライバルズ 攻略データベース,
ブレッドハンド,なし,ユニット,1,3,3,この武器の攻撃で敵ユニットが死亡した場合大きなパン1枚を手札に加える,,ブレッドハンド ドラゴンクエストライバルズ 攻略データベース,
プチさまようよろい,なし,ユニット,1,2,1,死亡時：ピサロナイト1枚を手札に加える,,プチさまようよろい ドラゴンクエストライバルズ 攻略データベース,
プチアーノン,なし,ユニット,1,0,2,攻撃時：攻撃力+1,,プチアーノン ドラゴンクエストライバルズ 攻略データベース,
プチファイター,なし,ユニット,1,1,1,シンクロ：①攻撃力+1、②HP+1、③速攻,,プチファイター ドラゴンクエストライバルズ 攻略データベース,
プチプリースト,なし,ユニット,1,0,2,シンクロ：①攻撃力+1、②HP+1、攻撃力+1、③死亡時：味方リーダーのHPを4回復,,プチプリースト ドラゴンクエストライバルズ 攻略データベース,
プチマージ,なし,ユニット,1,1,2,シンクロ:①攻撃力+1、②死亡時:ランダムな魔法使いの特技カードを手札に1枚加える、③HP+1,,プチマージ ドラゴンクエストライバルズ 攻略データベース,
マーマン,なし,ユニット,1,1,2,れんけい：速攻1/1のとつげきうおを1体出す,,マーマン ドラゴンクエストライバルズ 攻略データベース,
ミノーン,なし,ユニット,1,0,4,攻撃時：前後にいる味方ユニットのHP+1,,ミノーン ドラゴンクエストライバルズ 攻略データベース,
メイジドラキー,なし,ユニット,1,1,2,死亡時:死亡したマスの地形を天啓の神域に変える。 この効果で地形の上書きはできない。,,メイジドラキー ドラゴンクエストライバルズ 攻略データベース,
モコッキー,なし,ユニット,1,0,3,自分のターン終了時このユニットのHPを1回復,,モコッキー ドラゴンクエストライバルズ 攻略データベース,
ランタンこぞう,なし,ユニット,1,2,1,味方リーダーが攻撃する度カードを1枚引く、その後手札を1枚捨てる,,ランタンこぞう ドラゴンクエストライバルズ 攻略データベース,
リカント,なし,ユニット,1,1,2,戦闘以外のダメージで敵ユニットが死亡する度攻撃力+1,,リカント ドラゴンクエストライバルズ 攻略データベース,
リリパット,なし,ユニット,1,1,1,後列から攻撃する場合敵ユニットから反撃を受けない。,,リリパット ドラゴンクエストライバルズ 攻略データベース,
レッドプリン,なし,ユニット,1,1,1,絶好調、このユニットが絶好調状態なら攻撃力+1,,レッドプリン ドラゴンクエストライバルズ 攻略データベース,
ワルぼう,なし,ユニット,1,0,4,お互いのターン終了時両プレイヤーはデッキの一番上のカードを1枚捨てる,,ワルぼう ドラゴンクエストライバルズ 攻略データベース,
共鳴のどんぐりベビー,なし,ユニット,1,3,2,召喚時：味方リーダーのテンションの数と同じ攻撃力になる。死亡時:このユニットの攻撃力が3以上ならカードを1枚引く,,共鳴のどんぐりベビー ドラゴンクエストライバルズ 攻略データベース,
執念のひとくいサーベル,なし,ユニット,1,2,1,死亡時：自分のデッキからコスト4以下の武器カードをランダムに1枚引く,,執念のひとくいサーベル ドラゴンクエストライバルズ 攻略データベース,
炎のメイジドラキー,なし,ユニット,1,1,2,死亡時：正面にいるランダムな敵ユニット1体にこのユニットの攻撃力と同じ数分のダメージ,,炎のメイジドラキー ドラゴンクエストライバルズ 攻略データベース,
犬,なし,ユニット,1,1,1,,,犬 ドラゴンクエストライバルズ 攻略データベース,
魚,なし,ユニット,1,2,2,,,魚 ドラゴンクエストライバルズ 攻略データベース,
あおだけ童子,なし,ユニット,2,2,3,召喚時：このカード以外の自分の手札が6枚以上ある場合攻撃力+2,,あおだけ童子 ドラゴンクエストライバルズ 攻略データベース,
あくましんかん,なし,ユニット,2,2,2,占い：(1)「死亡時：この場所に復活する」を得る(2)におうだちHP+1,,あくましんかん ドラゴンクエストライバルズ 攻略データベース,
あくまのす,なし,ユニット,2,2,3,自分が特技を使う度このユニットのHP+1,,あくまのす ドラゴンクエストライバルズ 攻略データベース,
あくまの書,なし,ユニット,2,2,2,れんけい：自分の手札のコスト2以下のユニットカードを2枚選び、そのコピーを手札に加える。ターン終了時、この効果で加えたカードが手札にあれば破棄する。,,あくまの書 ドラゴンクエストライバルズ 攻略データベース,
あばれザル,なし,ユニット,2,3,2,絶好調、死亡時：このユニットが絶好調状態ならカードを1枚引く,,あばれザル ドラゴンクエストライバルズ 攻略データベース,
あばれ足鳥,なし,ユニット,2,2,2,占い:(1)速攻と貫通を得る、(2)+1/+1,,あばれ足鳥 ドラゴンクエストライバルズ 攻略データベース,
うみうし,なし,ユニット,2,2,1,召喚時&手札から捨てた時：1/2のおおなめくじを1体出す,,うみうし ドラゴンクエストライバルズ 攻略データベース,
おおがらす,なし,ユニット,2,1,3,死亡時：カードを1枚引く,,おおがらす ドラゴンクエストライバルズ 攻略データベース,
おおきづち,なし,ユニット,2,1,3,テンションリンク：このターン中攻撃力+2,,おおきづち ドラゴンクエストライバルズ 攻略データベース,
おおにわとり,なし,ユニット,2,2,1,召喚時：ランダムなコスト2以下の味方建物1つの耐久値+1、味方建物がないなら自分のデッキからコスト2以下の建物カードを1枚引く,,おおにわとり ドラゴンクエストライバルズ 攻略データベース,
おおめだま,なし,ユニット,2,3,2,召喚時:全てのユニットのステルスを解除する。解除した数分+1/+2を得る。,,おおめだま ドラゴンクエストライバルズ 攻略データベース,
おおドラキー,なし,ユニット,2,2,2,ねらい撃ち、召喚時：味方ヒーローがいる場合2/1のドラキーを1体出す,,おおドラキー ドラゴンクエストライバルズ 攻略データベース,
おにびドングリ,なし,ユニット,2,2,2,召喚時:このターン中ユニットが死亡しているなら魔力開放1枚を手札に加える,,おにびドングリ ドラゴンクエストライバルズ 攻略データベース,
おばけキノコ,なし,ユニット,2,2,2,死亡時：ランダムな敵1体を次のターン攻撃不能にする,,おばけキノコ ドラゴンクエストライバルズ 攻略データベース,
おばけパラソル,なし,ユニット,2,2,2,れんけい：敵1体に2ダメージ,,おばけパラソル ドラゴンクエストライバルズ 攻略データベース,
おむつっこり,なし,ユニット,2,3,2,召喚時：HPを2回復,,おむつっこり ドラゴンクエストライバルズ 攻略データベース,
かくれんぼう,なし,ユニット,2,2,2,ステルス、れんけい：カードを1枚引く,,かくれんぼう ドラゴンクエストライバルズ 攻略データベース,
かまいたち,なし,ユニット,2,2,2,召喚時：前列にいる他の全てのユニットに1ダメージ,,かまいたち ドラゴンクエストライバルズ 攻略データベース,
かれくさネズミ,なし,ユニット,2,2,1,味方ヒーローのヒーロースキルが発動する度メタルスライムを1体出す,,かれくさネズミ ドラゴンクエストライバルズ 攻略データベース,
きめんどうし,なし,ユニット,2,2,3,召喚時：自分のデッキの上からカードを2枚見る。1枚をデッキの上に戻し残りをデッキの下に戻す。,,きめんどうし ドラゴンクエストライバルズ 攻略データベース,
きりかぶおばけ,なし,ユニット,2,2,2,召喚時：GET(1)。BET：1ターンに1回のみ、他のランダムな味方ユニットのHP+2。,,きりかぶおばけ ドラゴンクエストライバルズ 攻略データベース,
くしざしツインズ,なし,ユニット,2,1,2,味方リーダーの武器の攻撃力+1,,くしざしツインズ ドラゴンクエストライバルズ 攻略データベース,
くものきょじん,なし,ユニット,2,2,3,死亡時:死亡したマスの地形を宝箱に変える。 この効果で地形の上書きはできない。,,くものきょじん ドラゴンクエストライバルズ 攻略データベース,
くらやみハーピー,なし,ユニット,2,2,2,召喚時：ユニット1体のHPを攻撃力と同じ値にする,,くらやみハーピー ドラゴンクエストライバルズ 攻略データベース,
しびれだんびら,なし,ユニット,2,3,2,召喚時:味方リーダーが装備中の武器に耐久力+1と「攻撃した敵ユニットを次のターン終了時まで攻撃不能にする」を付与する,,しびれだんびら ドラゴンクエストライバルズ 攻略データベース,
しましまキャット,なし,ユニット,2,2,2,召喚時&死亡時：しあわせのたね1枚を手札に加える,,しましまキャット ドラゴンクエストライバルズ 攻略データベース,
じごくのハサミ,なし,ユニット,2,3,2,絶好調、このユニットが絶好調状態なら相手のターン中このユニットが受けるダメージは1になる。,,じごくのハサミ ドラゴンクエストライバルズ 攻略データベース,
じんめんじゅ,なし,ユニット,2,1,4,自分のターン終了時このユニットのHPを1回復,,じんめんじゅ ドラゴンクエストライバルズ 攻略データベース,
たけやりへい,なし,ユニット,2,2,2,召喚時：このターン中ユニット1体の攻撃力+2,,たけやりへい ドラゴンクエストライバルズ 攻略データベース,
たんすミミック,なし,ユニット,2,2,2,召喚時：このカード以外の自分の手札が6枚以上ある場合敵ユニット1体をコストが1低いランダムなユニットに変身させる。,,たんすミミック ドラゴンクエストライバルズ 攻略データベース,
とうろうへい,なし,ユニット,2,3,1,召喚時：このターン中味方リーダーの攻撃力+1,,とうろうへい ドラゴンクエストライバルズ 攻略データベース,
とつげきこぞう,なし,ユニット,2,3,4,正面に敵ユニットが1体もいない場合攻撃できない。,,とつげきこぞう ドラゴンクエストライバルズ 攻略データベース,
とらおとこ,なし,ユニット,2,3,2,召喚時:地形マスに召喚された場合+1/+1,,とらおとこ ドラゴンクエストライバルズ 攻略データベース,
どくやずきん,なし,ユニット,2,2,3,相手がデッキからカードを手札に加える度的リーダーに1ダメージ,,どくやずきん ドラゴンクエストライバルズ 攻略データベース,
どくイモムシ,なし,ユニット,2,2,1,死亡時：ランダムな敵ユニット1体を毒にする,,どくイモムシ ドラゴンクエストライバルズ 攻略データベース,
どんぐりベビー,なし,ユニット,2,2,3,味方リーダーのHPが回復する度カードを1枚引く,,どんぐりベビー ドラゴンクエストライバルズ 攻略データベース,
はえおとこ,なし,ユニット,2,3,3,死亡時：相手リーダーのテンション+1,,はえおとこ ドラゴンクエストライバルズ 攻略データベース,
ひとくいサーベル,なし,ユニット,2,3,2,味方リーダーの攻撃で敵ユニットを倒す度敵リーダーに1ダメージ,,ひとくいサーベル ドラゴンクエストライバルズ 攻略データベース,
ひとつめピエロ,なし,ユニット,2,0,4,テンションリンク：ランダムな敵ユニット1体に1ダメージ,,ひとつめピエロ ドラゴンクエストライバルズ 攻略データベース,
まじゅつし,なし,ユニット,2,2,2,死亡時:死亡したマスの地形を魔法陣に変える。この効果で地形の上書きはできない。,,まじゅつし ドラゴンクエストライバルズ 攻略データベース,
まじょ,なし,ユニット,2,3,2,選択：・魔法使いの特技カードをランダムに1枚手札に加える・魔力の息吹を1枚手札に加える,,まじょ ドラゴンクエストライバルズ 攻略データベース,
まどうし,なし,ユニット,2,1,4,攻撃時：このターン中特技ダメージ+1を得る,,まどうし ドラゴンクエストライバルズ 攻略データベース,
まものつかい,なし,ユニット,2,3,1,死亡時:自分のデッキからパワフルバッジを持つユニットを1枚引く,,まものつかい ドラゴンクエストライバルズ 攻略データベース,
みみずん,なし,ユニット,2,2,3,召喚時：味方建物1つを手札に戻す,,みみずん ドラゴンクエストライバルズ 攻略データベース,
むつでエビ,なし,ユニット,2,2,3,召喚時:相手の手札が3枚以下の場合HP+1とにおうだちを得る,,むつでエビ ドラゴンクエストライバルズ 攻略データベース,
ももんじゃ,なし,ユニット,2,2,2,召喚時：敵ユニット１体につきHP+1,,ももんじゃ ドラゴンクエストライバルズ 攻略データベース,
やみのとうぞく,なし,ユニット,2,3,1,召喚時:相手のデッキのランダムなカードと同じカード1枚を手札に加える,,やみのとうぞく ドラゴンクエストライバルズ 攻略データベース,
よるのていおう,なし,ユニット,2,2,2,テンションリンク：後列にいるランダムな敵ユニット1体を前列のランダムな空きマスに移動させる,,よるのていおう ドラゴンクエストライバルズ 攻略データベース,
わたぼう,なし,ユニット,2,2,2,ターンを終了したプレイヤーはカードを1枚引く,,わたぼう ドラゴンクエストライバルズ 攻略データベース,
アロードッグ,なし,ユニット,2,3,1,召喚時：このカード以外の自分の手札が6枚以上ある場合敵1体に2ダメージ,,アロードッグ ドラゴンクエストライバルズ 攻略データベース,
イエローシックル,なし,ユニット,2,1,4,正面にいるユニットと戦闘をする場合このターン中攻撃力+2,,イエローシックル ドラゴンクエストライバルズ 攻略データベース,
イノブタマン,なし,ユニット,2,2,2,召喚時：このターン中味方ユニット1体に攻撃力+3と「敵リーダーを攻撃できない」を付与する,,イノブタマン ドラゴンクエストライバルズ 攻略データベース,
インプ,なし,ユニット,2,2,3,召喚時：GET(1)。BET：デッキの一番上が偶数コストなら敵リーダーに2ダメージ。このユニットへのBETは1ターン1回,,インプ ドラゴンクエストライバルズ 攻略データベース,
エビルアップル,なし,ユニット,2,2,1,味方のヒーロースキルが発動したターン中手札にあるこのユニットのコスト-2,,エビルアップル ドラゴンクエストライバルズ 攻略データベース,
エビルポット,なし,ユニット,2,1,2,熟練度(0)、おうえん、死亡時:自分のデッキの上7枚から熟練度を持つカードを1枚引く。残りをデッキの下に戻す。(2)攻撃力+1,,エビルポット ドラゴンクエストライバルズ 攻略データベース,
オコボルト,なし,ユニット,2,3,2,におうだち、召喚時：敵リーダーがパワフルバッジを持つ場合+2/+2,,オコボルト ドラゴンクエストライバルズ 攻略データベース,
オベルジーヌ,なし,ユニット,2,2,2,味方ユニットのHPが回復する度+1/+1,,オベルジーヌ ドラゴンクエストライバルズ 攻略データベース,
オーク,なし,ユニット,2,2,3,貫通,,オーク ドラゴンクエストライバルズ 攻略データベース,
カンダタこぶん,なし,ユニット,2,3,2,召喚時：GET(1)。BET：このターン中、次に使用するテンションカードのコストが0になる。,,カンダタこぶん ドラゴンクエストライバルズ 攻略データベース,
キメラ,なし,ユニット,2,3,2,召喚時：ユニット1体の位置を前後に入れ替える,,キメラ ドラゴンクエストライバルズ 攻略データベース,
キラーG,なし,ユニット,2,2,2,貫通、ステルス、死亡時：味方建物があるならカードを1枚引く,,キラーG ドラゴンクエストライバルズ 攻略データベース,
キラークラブ,なし,ユニット,2,2,3,召喚時:味方リーダーが装備中の武器に「この武器で攻撃した時の反撃ダメージ-2」を付与する,,キラークラブ ドラゴンクエストライバルズ 攻略データベース,
キラーグース,なし,ユニット,2,3,3,おうえん、召喚時：相手は50%の確率でカードを1枚引く,,キラーグース ドラゴンクエストライバルズ 攻略データベース,
ギズモ,なし,ユニット,2,2,2,召喚時：GET(1) BET:正面にいる全ての敵ユニットに1ダメージ,,ギズモ ドラゴンクエストライバルズ 攻略データベース,
クックルー,なし,ユニット,2,3,2,死亡時：道具カード1枚を手札に加える,,クックルー ドラゴンクエストライバルズ 攻略データベース,
グリズリー,なし,ユニット,2,3,2,召喚時:味方リーダーのテンションの数以下の攻撃力を持つ前列の味方ユニット1体を相手の手札に戻す。,,グリズリー ドラゴンクエストライバルズ 攻略データベース,
グリーンシザー,なし,ユニット,2,1,4,正面にいるユニットと戦闘をする場合このターン攻撃力+3、味方冒険者が場に出た後そのユニットの前後に移動する,,グリーンシザー ドラゴンクエストライバルズ 攻略データベース,
ケダモン,なし,ユニット,2,1,3,速攻、召喚時:このターン中味方リーダーが攻撃力+1を得る,,ケダモン ドラゴンクエストライバルズ 攻略データベース,
ケンタラウス,なし,ユニット,2,2,3,召喚時：味方ヒーローがいる場合このターン中味方リーダーは攻撃力+1を得る,,ケンタラウス ドラゴンクエストライバルズ 攻略データベース,
ゴールドタヌ,なし,ユニット,2,2,2,召喚時:宝の地図1枚を手札に加える,,ゴールドタヌ ドラゴンクエストライバルズ 攻略データベース,
サイおとこ,なし,ユニット,2,1,4,におうだち,,サイおとこ ドラゴンクエストライバルズ 攻略データベース,
サタンパピー,なし,ユニット,2,2,1,召喚時:このターン中ユニットが死亡しているなら敵ユニット1体を-2/-2,,サタンパピー ドラゴンクエストライバルズ 攻略データベース,
サボテンボール,なし,ユニット,2,3,1,テンションリンク：お互いのリーダーに1ダメージ,,サボテンボール ドラゴンクエストライバルズ 攻略データベース,
サンダーラット,なし,ユニット,2,1,4,テンションリンク：敵リーダーに1ダメージ,,サンダーラット ドラゴンクエストライバルズ 攻略データベース,
サーベルきつね,なし,ユニット,2,2,2,上下にいるユニットの攻撃力+1,,サーベルきつね ドラゴンクエストライバルズ 攻略データベース,
ザイル,なし,ユニット,2,3,2,死亡時&手札から捨てた時:はるかぜのフルートを1枚手札に加える,,ザイル ドラゴンクエストライバルズ 攻略データベース,
ジャイアントバット,なし,ユニット,2,2,2,召喚時：このユニットにさくせんを出す。自分のターン中このユニットが戦闘ダメージを与えた敵を次のターン終了時まで攻撃不能にする,,ジャイアントバット ドラゴンクエストライバルズ 攻略データベース,
ジュエルン,なし,ユニット,2,1,1,召喚時：自分のデッキからコスト3以下の建物カードを1枚引く。そのカードのコストを-1,,ジュエルン ドラゴンクエストライバルズ 攻略データベース,
スキッパー,なし,ユニット,2,2,2,テンションリンク：デッキの一番上のカードのコストが奇数ならそのカードを手札に加える。,,スキッパー ドラゴンクエストライバルズ 攻略データベース,
スノーベビー,なし,ユニット,2,3,2,召喚時：ダメージを受けている敵ユニット1体に2ダメージ,,スノーベビー ドラゴンクエストライバルズ 攻略データベース,
スピンサタン,なし,ユニット,2,3,2,召喚時:自分が次に使用する占いカードは発動する効果を選べる 味方リーダーが必中モードの場合手札のこのカードのコスト-1,,スピンサタン ドラゴンクエストライバルズ 攻略データベース,
ズッキーニャ,なし,ユニット,2,2,2,召喚時:召喚されたマスの地形を刃の紋章に変える。この効果で地形の上書きはできない。,,ズッキーニャ ドラゴンクエストライバルズ 攻略データベース,
タイガーランス,なし,ユニット,2,3,3,召喚時：指定の敵マスに1/1のスライムを1体出す,,タイガーランス ドラゴンクエストライバルズ 攻略データベース,
タイプG,なし,ユニット,2,1,1,スキルブースト:+1/+1、自身の攻撃力にあわせて場にいる間、以下の効果を得る。 攻撃力3以上:貫通、攻撃力5以上:ねらい撃ち、攻撃力10以上:2回攻撃,,タイプG ドラゴンクエストライバルズ 攻略データベース,
ダックカイト,なし,ユニット,2,3,4,召喚時:召喚されたマスの地形をバリア床に変える。 この効果は地形の上書きはできない。,,ダックカイト ドラゴンクエストライバルズ 攻略データベース,
ダンスニードル,なし,ユニット,2,1,4,貫通、貫通を持つ他の全ての味方ユニットの攻撃力+1,,ダンスニードル ドラゴンクエストライバルズ 攻略データベース,
ダークプラネット,なし,ユニット,2,3,2,選択：・ダンジョンではない敵建物１つの耐久値を2にする。・ダンジョンではない敵建物1つの耐久値を-2,,ダークプラネット ドラゴンクエストライバルズ 攻略データベース,
ダークホビット,なし,ユニット,2,2,3,熟練度(0)、(3)におうだち+1/+1,,ダークホビット ドラゴンクエストライバルズ 攻略データベース,
テンツク,なし,ユニット,2,2,3,死亡時:死亡したマスの地形を祝福の聖域に変える。 この効果で地形の上書きはできない。,,テンツク ドラゴンクエストライバルズ 攻略データベース,
デスフラッター,なし,ユニット,2,1,2,召喚時：自分のデッキの上からカード4枚を見る。ユニットカード以外のカードを1枚選び、それを引く。残りをデッキの下に戻す,,デスフラッター ドラゴンクエストライバルズ 攻略データベース,
デビルパピヨン,なし,ユニット,2,2,2,召喚時：GET(1)。BET：ランダムな敵ユニット1体を毒にする,,デビルパピヨン ドラゴンクエストライバルズ 攻略データベース,
トンネラー,なし,ユニット,2,1,3,におうだち、れんけい：+1/+1,,トンネラー ドラゴンクエストライバルズ 攻略データベース,
ドロヌーバ,なし,ユニット,2,2,3,ステルス,,ドロヌーバ ドラゴンクエストライバルズ 攻略データベース,
ナスビナーラ,なし,ユニット,2,2,3,召喚時：ユニット１体を縦1列の中央に移動させる,,ナスビナーラ ドラゴンクエストライバルズ 攻略データベース,
パペットこぞう,なし,ユニット,2,3,2,占い：(1)味方リーダーのテンション-1、(2)+1/+1を得る,,パペットこぞう ドラゴンクエストライバルズ 攻略データベース,
ヒポせんし,なし,ユニット,2,2,3,敵リーダーのテンションが上がる度攻撃力+1,,ヒポせんし ドラゴンクエストライバルズ 攻略データベース,
ヒートギズモ,なし,ユニット,2,2,2,前列召喚時：正面にいる敵ユニットに2ダメージ、後列召喚時：味方リーダーのテンション+1,,ヒートギズモ ドラゴンクエストライバルズ 攻略データベース,
ビッグスロース,なし,ユニット,2,1,1,自分がコスト1以下の手札を使う度+1/+1,,ビッグスロース ドラゴンクエストライバルズ 攻略データベース,
ビッグハンマー,なし,ユニット,2,2,3,召喚時：自分のデッキから建物カードを1枚手札に加える。その後自分の手札から1枚選んで捨てる,,ビッグハンマー ドラゴンクエストライバルズ 攻略データベース,
ピクシー,なし,ユニット,2,1,4,ねらい撃ち,,ピクシー ドラゴンクエストライバルズ 攻略データベース,
ピサロナイト,なし,ユニット,2,3,2,,,ピサロナイト ドラゴンクエストライバルズ 攻略データベース,
ピンクモーモン,なし,ユニット,2,2,3,このユニットの攻撃で与えたダメージ分味方リーダーのHPを回復する,,ピンクモーモン ドラゴンクエストライバルズ 攻略データベース,
フレイム,なし,ユニット,2,1,1,前列にいる場合攻撃力+3,,フレイム ドラゴンクエストライバルズ 攻略データベース,
ブチュチュンパ,なし,ユニット,2,3,2,召喚時：全ての敵ユニットは絶好調状態ではなくなる。,,ブチュチュンパ ドラゴンクエストライバルズ 攻略データベース,
ブラックマンティス,なし,ユニット,2,1,4,におうだち、召喚時：敵ユニット1体の攻撃力-1,,ブラックマンティス ドラゴンクエストライバルズ 攻略データベース,
ブラッドソード,なし,ユニット,2,2,2,死亡時：味方ヒーローがいる場合自分のデッキからコスト2以下の武器を装備する。,,ブラッドソード ドラゴンクエストライバルズ 攻略データベース,
プオーン,なし,ユニット,2,3,2,召喚時：自分のデッキからコストが最も高い武闘家のカードを手札に1枚加える,,プオーン ドラゴンクエストライバルズ 攻略データベース,
プチヒーロー,なし,ユニット,2,2,2,シンクロ:①HP+1、②攻撃力+1、③HP+1,,プチヒーロー ドラゴンクエストライバルズ 攻略データベース,
プテラノドン,なし,ユニット,2,2,1,死亡時：自分のデッキからコストが4以下の冒険者カードをランダムに1枚手札に加える,,プテラノドン ドラゴンクエストライバルズ 攻略データベース,
プラズママウス,なし,ユニット,2,3,2,味方ヒーローがいる場合速攻を得る,,プラズママウス ドラゴンクエストライバルズ 攻略データベース,
プークプック,なし,ユニット,2,1,3,前後にいる味方ユニットの攻撃力+1,,プークプック ドラゴンクエストライバルズ 攻略データベース,
ヘルコンドル,なし,ユニット,2,3,1,ねらい撃ち,,ヘルコンドル ドラゴンクエストライバルズ 攻略データベース,
ヘルホーネット,なし,ユニット,2,2,2,召喚時：味方ユニット1体の攻撃力+1,,ヘルホーネット ドラゴンクエストライバルズ 攻略データベース,
ベビーサタン,なし,ユニット,2,3,2,テンションリンク：自分と相手の最大MPが1増える,,ベビーサタン ドラゴンクエストライバルズ 攻略データベース,
ベビーパンサー,なし,ユニット,2,2,2,おうえん,,ベビーパンサー ドラゴンクエストライバルズ 攻略データベース,
ベロニャーゴ,なし,ユニット,2,1,3,れんけい：HP+1、味方リーダーが攻撃した後1/1のプリスニャンを1体出す,,ベロニャーゴ ドラゴンクエストライバルズ 攻略データベース,
ポンポコだぬき,なし,ユニット,2,3,2,死亡時：味方リーダーのテンション+1,,ポンポコだぬき ドラゴンクエストライバルズ 攻略データベース,
マギール,なし,ユニット,2,2,3,味方建物があるなら手札のこのカードのコスト-1,,マギール ドラゴンクエストライバルズ 攻略データベース,
マクロベータ,なし,ユニット,2,2,3,れんけい:縦1列にいる全てのユニットに1ダメージ,,マクロベータ ドラゴンクエストライバルズ 攻略データベース,
マジックフライ,なし,ユニット,2,1,1,死亡時：自分のデッキから特技カードを1枚引く,,マジックフライ ドラゴンクエストライバルズ 攻略データベース,
マタンゴ,なし,ユニット,2,2,3,召喚時：敵リーダーが装備中のコスト4以下の武器を破壊する。,,マタンゴ ドラゴンクエストライバルズ 攻略データベース,
マッドプラント,なし,ユニット,2,2,3,召喚時：味方ユニット1体を次の相手のターン中ステルスにする,,マッドプラント ドラゴンクエストライバルズ 攻略データベース,
マドルーパー,なし,ユニット,2,2,2,このユニットは戦闘ダメージのみ受ける,,マドルーパー ドラゴンクエストライバルズ 攻略データベース,
マヒャドフライ,なし,ユニット,2,1,4,敵リーダーにダメージを与えた時相手の手札にうまのふんを加える。,,マヒャドフライ ドラゴンクエストライバルズ 攻略データベース,
マーブルン,なし,ユニット,2,2,1,召喚時：指定の味方マスに1/1のプリズニャンを1体出す,,マーブルン ドラゴンクエストライバルズ 攻略データベース,
ミステリドール,なし,ユニット,2,2,3,召喚時:前後のマスにこのユニットがいる地形をコピーする。 この効果で地形の上書きはできない。,,ミステリドール ドラゴンクエストライバルズ 攻略データベース,
メイジももんじゃ,なし,ユニット,2,1,2,召喚時：味方ヒーローがいる場合ヒャドを手札に加える,,メイジももんじゃ ドラゴンクエストライバルズ 攻略データベース,
メイジキメラ,なし,ユニット,2,2,3,自分が特技を使う度攻撃力+1,,メイジキメラ ドラゴンクエストライバルズ 攻略データベース,
メソコボルト,なし,ユニット,2,2,3,召喚時：ユニット1体ににおうだちを付与する,,メソコボルト ドラゴンクエストライバルズ 攻略データベース,
メタッピー,なし,ユニット,2,2,3,テンションリンク：このターン中味方リーダーが受けるダメージ-3,,メタッピー ドラゴンクエストライバルズ 攻略データベース,
メドーサボール,なし,ユニット,2,2,2,味方ヒーローのヒーロースキルが発動した後自分のデッキからシンクロを持つカードを1枚引く,,メドーサボール ドラゴンクエストライバルズ 攻略データベース,
メーダ,なし,ユニット,2,3,2,前列にいる場合両プレイヤーの特技カードのコスト+1,,メーダ ドラゴンクエストライバルズ 攻略データベース,
モコフル,なし,ユニット,2,2,3,召喚時:味方ユニット1体を封印する,,モコフル ドラゴンクエストライバルズ 攻略データベース,
モコモコじゅう,なし,ユニット,2,1,3,速攻,,モコモコじゅう ドラゴンクエストライバルズ 攻略データベース,
ラーミア,なし,ユニット,2,0,1,召喚時:6つのオーブをデッキに混ぜ復活の準備に入る。 自分の場にオーブが全て揃った時ラーミアは復活しこの対戦に勝利する。,,ラーミア ドラゴンクエストライバルズ 攻略データベース,
リカントマムル,なし,ユニット,2,2,1,召喚時&死亡時：武術カード1枚を手札に加える,,リカントマムル ドラゴンクエストライバルズ 攻略データベース,
リップス,なし,ユニット,2,2,2,敵リーダーにダメージを与えると敵リーダーのテンション-1,,リップス ドラゴンクエストライバルズ 攻略データベース,
卑劣などくやずきん,なし,ユニット,2,3,2,召喚時：敵1体に1ダメージ。対象が毒なら3ダメージ,,卑劣などくやずきん ドラゴンクエストライバルズ 攻略データベース,
変貌のくものきょじん,なし,ユニット,2,3,2,召喚時：味方ユニット1体をランダムなコストが1高いランダムなユニットに変身させる,,変貌のくものきょじん ドラゴンクエストライバルズ 攻略データベース,
天啓のエビルドライブ,なし,ユニット,2,1,3,召喚時:自分のデッキの一番上のカードのコストが偶数ならそのカードを引き、その後自分の手札から1枚選び自分のデッキに混ぜこのユニットの攻撃力+3,,天啓のエビルドライブ ドラゴンクエストライバルズ 攻略データベース,
救援のドラキー,なし,ユニット,2,3,2,選択：・2/1のこんぼう1枚を手札に加える。・このターン中味方リーダーが受けるダメージ-3,,救援のドラキー ドラゴンクエストライバルズ 攻略データベース,
歌姫のマポレーナ,なし,ユニット,2,2,3,れんけい:次に場に出る味方ユニット1体を+1/+1,,歌姫のマポレーナ ドラゴンクエストライバルズ 攻略データベース,
潮風のディーバ,なし,ユニット,2,2,2,他の全ての味方ユニットの攻撃力+1,,潮風のディーバ ドラゴンクエストライバルズ 攻略データベース,
あやしいかげ,なし,ユニット,3,4,2,ステルス,,あやしいかげ ドラゴンクエストライバルズ 攻略データベース,
あらくれ,なし,ユニット,3,3,1,速攻,,あらくれ ドラゴンクエストライバルズ 攻略データベース,
いしにんぎょう,なし,ユニット,3,3,3,前列召喚時：ユニット1体のHP+2、後列召喚時:ユニット1体の攻撃力をHPと同じ値にする,,いしにんぎょう ドラゴンクエストライバルズ 攻略データベース,
いどまじん,なし,ユニット,3,1,5,におうだち、相手のターン中このユニットがダメージを受ける度、ターン終了時までステルスを得る。召喚時：対戦中に味方建物が3つ以上出ていたら+2/+2,,いどまじん ドラゴンクエストライバルズ 攻略データベース,
いなずまビリー,なし,ユニット,3,1,3,召喚時：このユニットの攻撃力とにおうだちを持つ敵ユニット1体を死亡させる。スキルブースト:攻撃力+1,,いなずまビリー ドラゴンクエストライバルズ 攻略データベース,
うずしおキング,なし,ユニット,3,2,5,におうだち。れんけい：自分の山札の上から4枚を見て、れんけいを持つカードを1枚選び引く。,,うずしおキング ドラゴンクエストライバルズ 攻略データベース,
おおねずみ,なし,ユニット,3,2,2,死亡時：1/1のやまねずみを2体出す。対戦中に味方建物が3つ以上出ていたら代わりに2/2のやまねずみを2体出す,,おおねずみ ドラゴンクエストライバルズ 攻略データベース,
おにこぞう,なし,ユニット,3,2,2,自分のターン開始時このユニットが前列にいる場合7/7おにこんぼうに変身する,,おにこぞう ドラゴンクエストライバルズ 攻略データベース,
おばけねずみ,なし,ユニット,3,1,3,自分のターン終了時1/1のやまねずみを1体出す,,おばけねずみ ドラゴンクエストライバルズ 攻略データベース,
かいぞくウーパー,なし,ユニット,3,2,3,召喚時&手札から捨てた時：カードを1枚引く,,かいぞくウーパー ドラゴンクエストライバルズ 攻略データベース,
かっちゅうアリ,なし,ユニット,3,1,4,BET：1ターンに1回のみ、攻撃力+1/HP+1。自分のターン終了時にGET(1)。このGETは1度だけ発動する。,,かっちゅうアリ ドラゴンクエストライバルズ 攻略データベース,
からくりだいみょう,なし,ユニット,3,4,2,召喚時：味方ユニット1体をこのユニットの前後に移動させる,,からくりだいみょう ドラゴンクエストライバルズ 攻略データベース,
からくりエッグ,なし,ユニット,3,3,3,パワフルバッジ：メタルボディもしくはハードメタルボディを持つ味方ユニットと武器の攻撃力+1,,からくりエッグ ドラゴンクエストライバルズ 攻略データベース,
きりかぶこぞう,なし,ユニット,3,1,1,,,きりかぶこぞう ドラゴンクエストライバルズ 攻略データベース,
げんじゅつし,なし,ユニット,3,3,3,特技ダメージ+1,,げんじゅつし ドラゴンクエストライバルズ 攻略データベース,
ごうけつぐま,なし,ユニット,3,2,4,絶好調、このユニットが絶好調状態なら攻撃力+2と「敵リーダーを攻撃できない」を得る,,ごうけつぐま ドラゴンクエストライバルズ 攻略データベース,
さそりばち,なし,ユニット,3,1,1,速攻、自分がコスト1以下の手札を使う度このターン中攻撃力+1,,さそりばち ドラゴンクエストライバルズ 攻略データベース,
さまようたましい,なし,ユニット,3,1,4,攻撃時：このターン中攻撃力+3,,さまようたましい ドラゴンクエストライバルズ 攻略データベース,
じんめんガエル,なし,ユニット,3,0,1,後列にいる場合攻撃力+5,,じんめんガエル ドラゴンクエストライバルズ 攻略データベース,
たまねぎマン,なし,ユニット,3,2,4,占い：①ユニット1体の攻撃力を2にする②：ユニット1体のHPを2にする,,たまねぎマン ドラゴンクエストライバルズ 攻略データベース,
だいおうイカ,なし,ユニット,3,3,2,死亡時:GET(2),,だいおうイカ ドラゴンクエストライバルズ 攻略データベース,
だいおうキッズ,なし,ユニット,3,4,3,召喚時：次のターン相手はユニットを後列に召喚できない。,,だいおうキッズ ドラゴンクエストライバルズ 攻略データベース,
ちんもくのひつじ,なし,ユニット,3,3,2,召喚時：正面にいるランダムな敵ユニット1体を封印する。,,ちんもくのひつじ ドラゴンクエストライバルズ 攻略データベース,
とうぞくこぞう,なし,ユニット,3,5,4,召喚時：自分の手札から1枚選んで捨てる,,とうぞくこぞう ドラゴンクエストライバルズ 攻略データベース,
とげこんぼう,なし,ユニット,3,2,3,召喚時：味方ヒーローがいる場合味方リーダーのテンション+2,,とげこんぼう ドラゴンクエストライバルズ 攻略データベース,
どろにんぎょう,なし,ユニット,3,3,1,召喚時：次の相手のターン相手のMPが1減る,,どろにんぎょう ドラゴンクエストライバルズ 攻略データベース,
なぞの神官,なし,ユニット,3,2,4,味方ヒーローがいる場合占いカードのコスト-1,,なぞの神官 ドラゴンクエストライバルズ 攻略データベース,
ぬすっとウサギ,なし,ユニット,3,3,3,攻撃対象が敵リーダーの場合カードを1枚引く,,ぬすっとウサギ ドラゴンクエストライバルズ 攻略データベース,
のろいのランプ,なし,ユニット,3,2,3,絶好調、占いを持つ特技カードを使った後このユニットが絶好調状態なら同じカードを手札に加える。その後絶好調状態ではなくなる。,,のろいのランプ ドラゴンクエストライバルズ 攻略データベース,
ばくだん岩,なし,ユニット,3,3,3,死亡時：前列にいる全てのユニットに2ダメージ,,ばくだん岩 ドラゴンクエストライバルズ 攻略データベース,
ひぐらしそう,なし,ユニット,3,2,4,選択：・コスト1のランダムなユニットカードを手札に1枚加える・コスト3のランダムな特技カードを手札に1枚加える,,ひぐらしそう ドラゴンクエストライバルズ 攻略データベース,
びっくりサタン,なし,ユニット,3,2,3,自分の占いで(1)の効果が発動する度カードを1枚引く,,びっくりサタン ドラゴンクエストライバルズ 攻略データベース,
ふくぶくろ,なし,ユニット,3,3,1,召喚時：両プレイヤーはカードを２枚引く,,ふくぶくろ ドラゴンクエストライバルズ 攻略データベース,
ふくまねき,なし,ユニット,3,3,1,死亡時：カードを1枚引く,,ふくまねき ドラゴンクエストライバルズ 攻略データベース,
ふくめんバニー,なし,ユニット,3,4,3,攻撃対象が敵リーダーの場合武術カード1枚を手札に加える,,ふくめんバニー ドラゴンクエストライバルズ 攻略データベース,
ましょうぐも,なし,ユニット,3,3,2,すべての敵は回復の効果で代わりにダメージを受ける,,ましょうぐも ドラゴンクエストライバルズ 攻略データベース,
アイアンクック,なし,ユニット,3,2,4,召喚時：次の自分のターン開始時まで味方リーダーが受けるダメージ-1 スキルブースト:受けるダメージ-1,,アイアンクック ドラゴンクエストライバルズ 攻略データベース,
アイスゴーレム,なし,ユニット,3,2,4,召喚時：自分のデッキにメラ系の特技カードが無いならランダムな敵の空きマスに0/3の氷塊を2つ出す,,アイスゴーレム ドラゴンクエストライバルズ 攻略データベース,
アカイライ,なし,ユニット,3,4,2,自分のターン終了時このユニットがダメージを受けているならカードを1枚引く。,,アカイライ ドラゴンクエストライバルズ 攻略データベース,
アビスソルジャー,なし,ユニット,3,3,3,,,アビスソルジャー ドラゴンクエストライバルズ 攻略データベース,
アルケミストン,なし,ユニット,3,3,3,攻撃時：このターン中MPが1増える,,アルケミストン ドラゴンクエストライバルズ 攻略データベース,
アローインプ,なし,ユニット,3,2,3,後列から攻撃する場合敵ユニットから反撃を受けない,,アローインプ ドラゴンクエストライバルズ 攻略データベース,
イエティ,なし,ユニット,3,1,5,自分がコスト1以下の手札を使う度攻撃力+1,,イエティ ドラゴンクエストライバルズ 攻略データベース,
インキュバス,なし,ユニット,3,3,3,召喚時：デッキの一番上のカードのコストが奇数なら+1/+1、偶数なら-1/-1,,インキュバス ドラゴンクエストライバルズ 攻略データベース,
ウィッチレディ,なし,ユニット,3,3,3,自分が特技を使って敵ユニットを倒す度味方リーダーのテンション+1,,ウィッチレディ ドラゴンクエストライバルズ 攻略データベース,
ウパソルジャー,なし,ユニット,3,1,5,絶好調、絶好調状態の味方ユニットが攻撃する度このターン中味方リーダーは攻撃力+1を得る,,ウパソルジャー ドラゴンクエストライバルズ 攻略データベース,
オオカミ,なし,ユニット,3,3,1,速攻,,オオカミ ドラゴンクエストライバルズ 攻略データベース,
オーガソルジャー,なし,ユニット,3,3,3,召喚時：全てのピサロナイトにさくせんを出す,,オーガソルジャー ドラゴンクエストライバルズ 攻略データベース,
オーガー,なし,ユニット,3,4,3,天啓の神域の効果によってデッキから手札にこのカードが加わった場合、ランダムな敵ユニットに3ダメージ,,オーガー ドラゴンクエストライバルズ 攻略データベース,
ガチャコッコ,なし,ユニット,3,0,5,におうだち、召喚時：敵ユニット1体につき攻撃力＋1,,ガチャコッコ ドラゴンクエストライバルズ 攻略データベース,
キッシム,なし,ユニット,3,3,2,おうえん、死亡時：自分のデッキからコスト5以上の建物カードを1枚引く。そのカードのコスト-1,,キッシム ドラゴンクエストライバルズ 攻略データベース,
キャタピラー,なし,ユニット,3,1,5,召喚時：味方ユニット1体のHP+2,,キャタピラー ドラゴンクエストライバルズ 攻略データベース,
キャットバット,なし,ユニット,3,2,1,召喚時：このユニットの前後にキャットバットを出す,,キャットバット ドラゴンクエストライバルズ 攻略データベース,
クラウンヘッド,なし,ユニット,3,1,4,におうだち。召喚時：GET(1)。BET：HP+1、次の相手のターン終了時まで受けるダメージ-1。このユニットへのBETは1ターン1回,,クラウンヘッド ドラゴンクエストライバルズ 攻略データベース,
グリゴンダンス,なし,ユニット,3,3,2,テンションリンク：全てのユニットに1ダメージ,,グリゴンダンス ドラゴンクエストライバルズ 攻略データベース,
グリムン,なし,ユニット,3,3,3,召喚時：このターン中次に使う建物カードのコスト-2,,グリムン ドラゴンクエストライバルズ 攻略データベース,
グレムリン,なし,ユニット,3,2,4,味方が回復する度攻撃力+1,,グレムリン ドラゴンクエストライバルズ 攻略データベース,
グレンデル,なし,ユニット,3,2,4,におうだち　召喚時:味方リーダーのテンションを1消費する。消費した後+1/+1を得る。,,グレンデル ドラゴンクエストライバルズ 攻略データベース,
ケセランパセラン,なし,ユニット,3,4,3,自分の占いで(1)の効果が発動する度味方リーダーのHPを2回復,,ケセランパセラン ドラゴンクエストライバルズ 攻略データベース,
ケミカルゼリー,なし,ユニット,3,3,2,召喚時：敵ユニット1体に2ダメージ、そのユニットが前列にいる場合代わりに4ダメージ,,ケミカルゼリー ドラゴンクエストライバルズ 攻略データベース,
ケムケムベス,なし,ユニット,3,3,6,絶好調、このユニットは絶好調状態ではない場合攻撃できない,,ケムケムベス ドラゴンクエストライバルズ 攻略データベース,
ゲントの杖,なし,ユニット,3,1,2,テンションリンク：ダメージを受けているランダムな味方1体のHPを4回復する。カードを1枚引く。武器の耐久力を-1する。,,ゲントの杖 ドラゴンクエストライバルズ 攻略データベース,
コサックシープ,なし,ユニット,3,4,3,召喚時：味方ユニット1体を手札に戻す,,コサックシープ ドラゴンクエストライバルズ 攻略データベース,
コンジャラー,なし,ユニット,3,2,4,味方リーダーは超必中モードになる,,コンジャラー ドラゴンクエストライバルズ 攻略データベース,
ゴルゴンゾーラ,なし,ユニット,3,2,4,召喚時：GET(1)。BET：このユニット自身のHPを3回復する。,,ゴルゴンゾーラ ドラゴンクエストライバルズ 攻略データベース,
ゴーレム,なし,ユニット,3,3,3,におうだち,,ゴーレム ドラゴンクエストライバルズ 攻略データベース,
サブナック,なし,ユニット,3,4,4,召喚時：指定の敵マスに2/1のスライムベスを出す,,サブナック ドラゴンクエストライバルズ 攻略データベース,
ザバン,なし,ユニット,3,3,3,召喚時：道具カードを手札に1枚加える,,ザバン ドラゴンクエストライバルズ 攻略データベース,
シャイニング,なし,ユニット,3,3,4,召喚時：自分が次に使用する占いカードは発動する効果を選べるようになる。,,シャイニング ドラゴンクエストライバルズ 攻略データベース,
シャドウベビー,なし,ユニット,3,3,2,ステルス、貫通,,シャドウベビー ドラゴンクエストライバルズ 攻略データベース,
シルバーベア,なし,ユニット,3,2,4,れんけい：このターン中速攻と「敵リーダーを攻撃できない」を得る。スキルブースト:攻撃力+1,,シルバーベア ドラゴンクエストライバルズ 攻略データベース,
シーゴーレム,なし,ユニット,3,2,4,召喚時：味方ヒーローがいる場合HP+2とにおうだちを得る,,シーゴーレム ドラゴンクエストライバルズ 攻略データベース,
シーメーダ,なし,ユニット,3,3,3,おうえん、このユニットに自分が特技を使う度味方リーダーのHPを1回復,,シーメーダ ドラゴンクエストライバルズ 攻略データベース,
シーライオン,なし,ユニット,3,1,5,におうだち、自分のターン終了時このユニットのHPを2回復,,シーライオン ドラゴンクエストライバルズ 攻略データベース,
ジゴック,なし,ユニット,3,2,4,におうだち、召喚時：味方建物１つの耐久値+1、そうした場合攻撃力+1を得る,,ジゴック ドラゴンクエストライバルズ 攻略データベース,
ジャガーメイジ,なし,ユニット,3,3,3,召喚時：敵ユニットが3体以上いる場合全ての敵ユニットに1ダメージ,,ジャガーメイジ ドラゴンクエストライバルズ 攻略データベース,
ジャミ&ゴンズ,なし,ユニット,3,4,4,選択：・HP-2 カードを1枚引く、敵リーダーに2ダメージ・攻撃力-2 におうだちを得る、味方リーダーのテンション+1,,ジャミ&ゴンズ ドラゴンクエストライバルズ 攻略データベース,
ストロングアニマル,なし,ユニット,3,3,4,召喚時：味方ユニット1体を手札に戻す。それが冒険者ならさらにコストを-2する。,,ストロングアニマル ドラゴンクエストライバルズ 攻略データベース,
ストーンビースト,なし,ユニット,3,1,5,絶好調、このユニットが絶好調状態なら攻撃力+2とにおうだちを得る,,ストーンビースト ドラゴンクエストライバルズ 攻略データベース,
スピニー,なし,ユニット,3,2,3,召喚時：貫通、1/2のメラリザードを1体出す。自分のデッキの一番上のカードのコストが3以上ならそのメラリザードに攻撃力+1とにおうだちを付与する,,スピニー ドラゴンクエストライバルズ 攻略データベース,
スーパーテンツク,なし,ユニット,3,2,4,召喚時:味方ヒーローがいる場合自分のデッキから武器カードまたは必殺技を持つカードを手札に加える。,,スーパーテンツク ドラゴンクエストライバルズ 攻略データベース,
セージももんじゃ,なし,ユニット,3,2,2,召喚時:自分のデッキの一番上のカードのコストが偶数なら合計3ダメージをランダムな敵ユニットに割り振る,,セージももんじゃ ドラゴンクエストライバルズ 攻略データベース,
タップデビル,なし,ユニット,3,2,2,絶好調、死亡時：自分のデッキからコスト4の特技カードを1枚引く。このユニットが絶好調状態ならそのカードのコスト-1,,タップデビル ドラゴンクエストライバルズ 攻略データベース,
タップペンギー,なし,ユニット,3,3,4,,,タップペンギー ドラゴンクエストライバルズ 攻略データベース,
ダークペルシャ,なし,ユニット,3,3,2,召喚時:敵ユニットが3体以上いる場合GET(1)、BET:全てのユニットに1ダメージ,,ダークペルシャ ドラゴンクエストライバルズ 攻略データベース,
ツボック,なし,ユニット,3,3,4,死亡時：自分のデッキに特技カードが無いなら味方リーダーのテンション+2,,ツボック ドラゴンクエストライバルズ 攻略データベース,
テールイーター,なし,ユニット,3,3,3,召喚時:このユニットにさくせんを出す,,テールイーター ドラゴンクエストライバルズ 攻略データベース,
デザートデーモン,なし,ユニット,3,3,1,召喚時:合計3ダメージをこのユニット以外のランダムなユニットに割り振る,,デザートデーモン ドラゴンクエストライバルズ 攻略データベース,
デザートランナー,なし,ユニット,3,3,3,召喚時:地形マスに召喚された場合速攻を得る。,,デザートランナー ドラゴンクエストライバルズ 攻略データベース,
デスパロット,なし,ユニット,3,2,3,味方ヒーローのヒーロースキルが発動した後道具カード2枚を手札に加える,,デスパロット ドラゴンクエストライバルズ 攻略データベース,
トドマン,なし,ユニット,3,2,2,このユニットに自分が特技を使う度攻撃力+1,,トドマン ドラゴンクエストライバルズ 攻略データベース,
ドッグスナイパー,なし,ユニット,3,2,4,ねらい撃ち、戦闘以外のダメージで敵ユニットが死亡する度攻撃力+1,,ドッグスナイパー ドラゴンクエストライバルズ 攻略データベース,
ドラキーマ,なし,ユニット,3,2,1,召喚時：ユニット1体を次のターン攻撃不能にする,,ドラキーマ ドラゴンクエストライバルズ 攻略データベース,
ドラムゴート,なし,ユニット,3,3,3,テンションカードを1ターンに2回まで使える,,ドラムゴート ドラゴンクエストライバルズ 攻略データベース,
ドロザラー,なし,ユニット,3,3,3,召喚時:指定のマスの地形を破壊する,,ドロザラー ドラゴンクエストライバルズ 攻略データベース,
ネーレウス,なし,ユニット,3,2,3,味方ユニットが場に出た後そのユニットの攻撃力+1、それが冒険者なら代わりに+1/+1,,ネーレウス ドラゴンクエストライバルズ 攻略データベース,
パプリカン,なし,ユニット,3,3,2,召喚時：味方ヒーローがいる場合装備中の武器を+1/+1,,パプリカン ドラゴンクエストライバルズ 攻略データベース,
パペットマン,なし,ユニット,3,5,4,召喚時：最大MPが1減る,,パペットマン ドラゴンクエストライバルズ 攻略データベース,
ヒッポキング,なし,ユニット,3,2,4,貫通、敵リーダーのテンションが上がる度攻撃力+2,,ヒッポキング ドラゴンクエストライバルズ 攻略データベース,
ビッグフェイス,なし,ユニット,3,3,3,におうだち,,ビッグフェイス ドラゴンクエストライバルズ 攻略データベース,
ビッグボック,なし,ユニット,3,2,3,占い:(1)味方リーダーのテンション+1、このユニットのHP+1、(2)味方リーダーのテンション+2,,ビッグボック ドラゴンクエストライバルズ 攻略データベース,
ファイアボール,なし,ユニット,3,2,4,召喚時：GET(1)。BET：このターン中、味方リーダーが受けるダメージ-5。,,ファイアボール ドラゴンクエストライバルズ 攻略データベース,
フォレストマスター,なし,ユニット,3,2,3,召喚時：味方ヒーローがいない場合このターン中、次に使用する英雄カードのコスト-3。味方ヒーローがいる場合+1/+1,,フォレストマスター ドラゴンクエストライバルズ 攻略データベース,
フロストギズモ,なし,ユニット,3,2,4,召喚時：指定の敵マスに氷塊を1つ出す,,フロストギズモ ドラゴンクエストライバルズ 攻略データベース,
ブラウニー,なし,ユニット,3,1,4,味方リーダーの攻撃で敵ユニットを倒す度攻撃力+2,,ブラウニー ドラゴンクエストライバルズ 攻略データベース,
ブラッドレディ,なし,ユニット,3,3,3,召喚時：ユニット1体に2ダメージ,,ブラッドレディ ドラゴンクエストライバルズ 攻略データベース,
ブルホーク,なし,ユニット,3,3,2,占い:①自分のデッキから占いカードを1枚手札に加える ② 味方リーダーのテンション+2,,ブルホーク ドラゴンクエストライバルズ 攻略データベース,
ヘルコンダクター,なし,ユニット,3,1,4,召喚時：全ての敵ユニットの位置を前後入れ替える。スキルブースト:攻撃力+1,,ヘルコンダクター ドラゴンクエストライバルズ 攻略データベース,
ベビーマジシャン,なし,ユニット,3,2,3,死亡時:魔法陣にいる場合カードを2枚引く,,ベビーマジシャン ドラゴンクエストライバルズ 攻略データベース,
ベンガルクーン,なし,ユニット,3,3,3,召喚時:宝箱に召喚された場合、宝箱から4/4のミミックがあらわれる。,,ベンガルクーン ドラゴンクエストライバルズ 攻略データベース,
ホークマン,なし,ユニット,3,4,2,ねらい撃ち,,ホークマン ドラゴンクエストライバルズ 攻略データベース,
ボル&ブル,なし,ユニット,3,3,2,2回攻撃,,ボル&ブル ドラゴンクエストライバルズ 攻略データベース,
ポムポムボム,なし,ユニット,3,2,4,占いカードを使う度速攻1/1のバブリンを出す,,ポムポムボム ドラゴンクエストライバルズ 攻略データベース,
マジカルハット,なし,ユニット,3,1,3,他の味方ユニットに自分が特技を使う度その特技と同じ効果がこのユニットに対しても発動する。,,マジカルハット ドラゴンクエストライバルズ 攻略データベース,
マッドオックス,なし,ユニット,3,2,3,召喚時：正面にいるランダムな敵ユニット1体に１ダメージを与える。スキルブースト:+1ダメージ,,マッドオックス ドラゴンクエストライバルズ 攻略データベース,
マペットマン,なし,ユニット,3,2,4,召喚時：味方ユニット1体にさくせんを出す,,マペットマン ドラゴンクエストライバルズ 攻略データベース,
マポレーナ,なし,ユニット,3,2,3,召喚時： 味方ユニット1体を+1/+1,,マポレーナ ドラゴンクエストライバルズ 攻略データベース,
マージリンリン,なし,ユニット,3,2,4,れんけい：におうだち1/3のフーセンドラゴンを1体出す,,マージリンリン ドラゴンクエストライバルズ 攻略データベース,
ミケまどう,なし,ユニット,3,4,2,召喚時：後列にいるユニット1体に1ダメージ,,ミケまどう ドラゴンクエストライバルズ 攻略データベース,
ミステリピラー,なし,ユニット,3,4,3,召喚時：自分のデッキからコスト1以下のカードを1枚引く,,ミステリピラー ドラゴンクエストライバルズ 攻略データベース,
ミニデーモン,なし,ユニット,3,2,2,召喚時：味方ヒーローがいる場合自分のデッキからコスト2の特技カードをランダムに1枚引く,,ミニデーモン ドラゴンクエストライバルズ 攻略データベース,
ミミック,なし,ユニット,3,4,4,死亡時：相手はカードを引く,,ミミック ドラゴンクエストライバルズ 攻略データベース,
メイデンドール,なし,ユニット,3,1,3,召喚時：味方ヒーローがいる場合敵ユニット1体を-2/-2,,メイデンドール ドラゴンクエストライバルズ 攻略データベース,
メガザルロック,なし,ユニット,3,1,4,死亡時：コスト2以下のランダムな味方ユニット1体を復活させる,,メガザルロック ドラゴンクエストライバルズ 攻略データベース,
メーダクイン,なし,ユニット,3,2,4,お互いの手札にある本来のコストが0の特技カードのコスト+1,,メーダクイン ドラゴンクエストライバルズ 攻略データベース,
モグラの子分,なし,ユニット,3,1,1,速攻、ターン終了時このユニットは死亡する、スキルブースト：攻撃力+1,,モグラの子分 ドラゴンクエストライバルズ 攻略データベース,
ライノソルジャー,なし,ユニット,3,4,2,スキルブースト：HP+1,,ライノソルジャー ドラゴンクエストライバルズ 攻略データベース,
妖魔軍王ブギー,なし,ユニット,3,3,2,召喚時：敵の冒険者1体をこのユニットが場にいる間+2/+2して味方にする,,妖魔軍王ブギー ドラゴンクエストライバルズ 攻略データベース,
強欲なミミック,なし,ユニット,3,2,4,召喚時：GET(1)、BET:攻撃力+1、死亡時:このユニットの攻撃力が4以上ならレジェンドレアカードを手札に1枚加える,,強欲なミミック ドラゴンクエストライバルズ 攻略データベース,
忠義の騎士アドン,なし,ユニット,3,2,3,このカードはピサロナイトとしても扱う。召喚時:他の味方のピサロナイトの数分+1/+1を得る。,,忠義の騎士アドン ドラゴンクエストライバルズ 攻略データベース,
支援のかれくさネズミ,なし,ユニット,3,2,2,召喚時:味方リーダーが武器を装備していない場合+1/+1 味方リーダーにおどる宝石のそろばんを装備する 武器を装備している場合はぐれメタルを1体出す,,支援のかれくさネズミ ドラゴンクエストライバルズ 攻略データベース,
残響のようじゅつし,なし,ユニット,3,2,3,召喚時：耐戦中に自分が使った特技カード1枚を手札に加える。自分の手札にある対戦中に自分が使用した特技カードと同じカードのコスト-1,,残響のようじゅつし ドラゴンクエストライバルズ 攻略データベース,
群れなすよるのていおう,なし,ユニット,3,2,2,召喚時:群れなるよるのていおうを1体出す,,群れなすよるのていおう ドラゴンクエストライバルズ 攻略データベース,
豊作のじんめんじゅ,なし,ユニット,3,1,4,ステルス、自分のターン終了時1/1のガップリンを1体出す。このユニットは1ダメージを受ける,,豊作のじんめんじゅ ドラゴンクエストライバルズ 攻略データベース,
豪腕王アントン,なし,ユニット,3,2,4,絶好調、貫通、におうだち、このユニットが絶好調状態なら攻撃力+2を得る,,豪腕王アントン ドラゴンクエストライバルズ 攻略データベース,
鏡像のマネマネ,なし,ユニット,3,3,2,速攻、れんけい：次の1回のみ味方リーダーのテンションスキルは敵リーダーと同じテンションスキルになる,,鏡像のマネマネ ドラゴンクエストライバルズ 攻略データベース,
闇のクリスタル,なし,ユニット,3,0,3,攻撃できない。自分のターン終了時このユニットの正面にいる全ての敵ユニットと敵リーダーに2ダメージ。,,闇のクリスタル ドラゴンクエストライバルズ 攻略データベース,
韋駄天のドラまさ,なし,ユニット,3,2,3,絶好調、速攻、ねらい撃ち このユニットが敵リーダーを攻撃した時絶好調状態ならカードを1枚引く,,韋駄天のドラまさ ドラゴンクエストライバルズ 攻略データベース,
黄金兵,なし,ユニット,3,2,3,におうだち、自分がコインを使う度このターン中手札にあるこのカードのコスト-2,,黄金兵 ドラゴンクエストライバルズ 攻略データベース,
あらくれチャッピー,なし,ユニット,4,3,2,召喚時：ユニット1体に2ダメージ,,あらくれチャッピー ドラゴンクエストライバルズ 攻略データベース,
うみぼうず,なし,ユニット,4,3,3,ステルス、スキルブースト:攻撃力+1,,うみぼうず ドラゴンクエストライバルズ 攻略データベース,
かえんムカデ,なし,ユニット,4,2,2,召喚時:地形マスに召喚された場合他の全てのユニットに2ダメージ,,かえんムカデ ドラゴンクエストライバルズ 攻略データベース,
きとうし,なし,ユニット,4,4,4,特技ダメージ+1,,きとうし ドラゴンクエストライバルズ 攻略データベース,
きりさきピエロ,なし,ユニット,4,4,4,召喚時：敵ユニット1体につき武術カード1枚を手札に加える。,,きりさきピエロ ドラゴンクエストライバルズ 攻略データベース,
くびかりぞく,なし,ユニット,4,4,4,味方リーダーの攻撃で敵ユニットを倒す度味方リーダーのテンション+1,,くびかりぞく ドラゴンクエストライバルズ 攻略データベース,
ごくらくちょう,なし,ユニット,4,4,4,シンクロ:①HP+1、②ねらい撃ち、③死亡時:味方リーダーのHPを3回復、敵リーダーに3ダメージ,,ごくらくちょう ドラゴンクエストライバルズ 攻略データベース,
ごろつき,なし,ユニット,4,4,3,召喚時：自分のデッキから攻撃力1のユニットを1枚引く,,ごろつき ドラゴンクエストライバルズ 攻略データベース,
さんぞくウルフ,なし,ユニット,4,5,4,味方リーダーの攻撃で敵ユニットを倒す度敵リーダーに2ダメージ,,さんぞくウルフ ドラゴンクエストライバルズ 攻略データベース,
じごくのざりがに,なし,ユニット,4,3,6,味方のピサロナイトが場に出る度味方リーダーのHPを2回復する,,じごくのざりがに ドラゴンクエストライバルズ 攻略データベース,
じごくのばんけん,なし,ユニット,4,2,4,2回攻撃、隣接している味方建物の数分攻撃力+1,,じごくのばんけん ドラゴンクエストライバルズ 攻略データベース,
じごくのもんばん,なし,ユニット,4,4,4,召喚時：敵ユニット1体をこのユニットの正面に移動させる,,じごくのもんばん ドラゴンクエストライバルズ 攻略データベース,
ずしおうまる,なし,ユニット,4,3,5,敵リーダーのテンションが上がる度敵リーダーに3ダメージ,,ずしおうまる ドラゴンクエストライバルズ 攻略データベース,
たてまじん,なし,ユニット,4,3,6,前列にいる場合味方リーダーが受けるダメージ-1,,たてまじん ドラゴンクエストライバルズ 攻略データベース,
てっこうまじん,なし,ユニット,4,3,5,味方が持つメタルボディはハードメタルボディに強化される,,てっこうまじん ドラゴンクエストライバルズ 攻略データベース,
どぐうせんし,なし,ユニット,4,3,6,召喚時:このユニットがいる横1列の後列マスの地形を全てバリア床に変える。 この効果で地形の上書きはできない。,,どぐうせんし ドラゴンクエストライバルズ 攻略データベース,
ぶっちズキーニャ,なし,ユニット,4,3,5,貫通、召喚時：自分の場にある地形の数分攻撃力+1,,ぶっちズキーニャ ドラゴンクエストライバルズ 攻略データベース,
ほのおのせんし,なし,ユニット,4,4,3,召喚時：前列に召喚した場合味方ヒーローがいるなら１マス前にいる敵ユニットに4ダメージ,,ほのおのせんし ドラゴンクエストライバルズ 攻略データベース,
まほうじじい,なし,ユニット,4,4,4,味方ヒーローのヒーロースキルはコストが1下がる,,まほうじじい ドラゴンクエストライバルズ 攻略データベース,
みわくのランプ,なし,ユニット,4,3,5,自分が占いカードを使う度ランダムな占い師のカード1枚を手札に加える,,みわくのランプ ドラゴンクエストライバルズ 攻略データベース,
ようがんげんじん,なし,ユニット,4,4,3,ステルス、召喚時：このユニットにさくせんを出す,,ようがんげんじん ドラゴンクエストライバルズ 攻略データベース,
アイスボンバー,なし,ユニット,4,3,3,ねらい撃ち。召喚時：相手の場に氷塊があるなら+2/+2,,アイスボンバー ドラゴンクエストライバルズ 攻略データベース,
アサシンクロー,なし,ユニット,4,5,4,召喚時：GET(1)。BET：武術カードを1枚手札に加える。,,アサシンクロー ドラゴンクエストライバルズ 攻略データベース,
イーブルフライ,なし,ユニット,4,3,4,召喚時：ユニット1体の攻撃力をHPと同じ値にする,,イーブルフライ ドラゴンクエストライバルズ 攻略データベース,
ウィングタイガー,なし,ユニット,4,4,5,召喚時：味方ヒーローがいる場合敵ユニット1体の攻撃力を-2,,ウィングタイガー ドラゴンクエストライバルズ 攻略データベース,
エッグラ&チキーラ,なし,ユニット,4,4,5,召喚時：タマゴかニワトリどちらが偉いと思うかを選ぶ。次のターン開始時相手にどちらを選んだか当てられなかった場合選んだ効果が発動する。,,エッグラ&チキーラ ドラゴンクエストライバルズ 攻略データベース,
エビルチクリン,なし,ユニット,4,2,6,におうだち、召喚時：味方ユニット1体ににおうだちを付与する,,エビルチクリン ドラゴンクエストライバルズ 攻略データベース,
オークキング,なし,ユニット,4,4,4,貫通、召喚時：HPを2回復,,オークキング ドラゴンクエストライバルズ 攻略データベース,
オークデビル,なし,ユニット,4,3,6,自分のターン中味方リーダーはダメージを受けない,,オークデビル ドラゴンクエストライバルズ 攻略データベース,
カンダタ,なし,ユニット,4,2,5,召喚時&攻撃時:敵の手札コイン1枚を盗む。盗めなかった場合攻撃力+1、自分の手札のコインの数分このユニットの攻撃力+1,,カンダタ ドラゴンクエストライバルズ 攻略データベース,
カーディナルナイト,なし,ユニット,4,4,4,召喚時：敵リーダーが持つパワフルバッジの効果をランダムで１つ消す,,カーディナルナイト ドラゴンクエストライバルズ 攻略データベース,
ガーゴイル,なし,ユニット,4,4,3,ねらい撃ち、おうえん,,ガーゴイル ドラゴンクエストライバルズ 攻略データベース,
キラーピッケル,なし,ユニット,4,4,4,召喚時：このターン中味方リーダーのテンションと同じだけユニット1体の攻撃力を上げる。,,キラーピッケル ドラゴンクエストライバルズ 攻略データベース,
グレイトボンバー,なし,ユニット,4,2,4,におうだち、死亡時：味方ヒーローがいるなら全てのユニットに2ダメージ,,グレイトボンバー ドラゴンクエストライバルズ 攻略データベース,
コトブキーノ,なし,ユニット,4,3,2,召喚時：自分のデッキから特技カードをランダムに1枚手札に加える。自分の場に冒険者がいるなら代わりに2枚手札に加える。,,コトブキーノ ドラゴンクエストライバルズ 攻略データベース,
コンガオンガ,なし,ユニット,4,3,4,れんけい：攻撃力が6以上の敵ユニット1体を消滅させる。そのユニットと同じ使用コストのランダムなユニットカード1枚を相手の手札に加える。,,コンガオンガ ドラゴンクエストライバルズ 攻略データベース,
コングヘッド,なし,ユニット,4,4,3,前後にいる味方ユニットの攻撃力+2,,コングヘッド ドラゴンクエストライバルズ 攻略データベース,
ゴルドン,なし,ユニット,4,2,5,におうだち、召喚時：自分のデッキからコスト2以下の建物カードを1枚引く。そのカードのコストを-1,,ゴルドン ドラゴンクエストライバルズ 攻略データベース,
ゴンズ,なし,ユニット,4,2,4,おうえん、におうだち。召喚時：相手の手札が6枚以上なら+2/+2,,ゴンズ ドラゴンクエストライバルズ 攻略データベース,
ゴールドマン,なし,ユニット,4,4,4,召喚時:上下のマスの地形を宝箱に変える。 この効果で地形の上書きはできない。,,ゴールドマン ドラゴンクエストライバルズ 攻略データベース,
サイコロン,なし,ユニット,4,3,3,召喚時：味方ヒーローがいる場合合計5ダメージをこのユニット以外のランダムなユニットに割り振る,,サイコロン ドラゴンクエストライバルズ 攻略データベース,
サイレス,なし,ユニット,4,3,3,召喚時：ユニット1体を封印する,,サイレス ドラゴンクエストライバルズ 攻略データベース,
サタンメイル,なし,ユニット,4,4,4,召喚時:味方1マスの地形を刃の紋章に変える。 この効果で地形の上書きはできない。,,サタンメイル ドラゴンクエストライバルズ 攻略データベース,
シルバーデビル,なし,ユニット,4,3,3,ねらい撃ち、2回攻撃,,シルバーデビル ドラゴンクエストライバルズ 攻略データベース,
ジャミ,なし,ユニット,4,5,4,召喚時：相手の手札が6枚以上ある場合、縦1列にいる全ての敵ユニットを次のターン終了時まで攻撃不能にする。,,ジャミ ドラゴンクエストライバルズ 攻略データベース,
ジラフマスター,なし,ユニット,4,3,5,攻撃時:GET(1)、BET:以下の効果からランダムに1つ発動する (1)攻撃力+1 (2)HP+1 (3)このターン中2回攻撃を得る,,ジラフマスター ドラゴンクエストライバルズ 攻略データベース,
ダンビラムーチョ,なし,ユニット,4,3,5,テンションリンク：ランダムな味方ユニット1体の攻撃力+1,,ダンビラムーチョ ドラゴンクエストライバルズ 攻略データベース,
チョメ,なし,ユニット,4,3,3,速攻,,チョメ ドラゴンクエストライバルズ 攻略データベース,
デスケルト,なし,ユニット,4,3,6,召喚時：味方ユニット1体を手札に戻す,,デスケルト ドラゴンクエストライバルズ 攻略データベース,
デスセイレス,なし,ユニット,4,4,5,召喚時：全ての味方ユニットを絶好調状態に戻す,,デスセイレス ドラゴンクエストライバルズ 攻略データベース,
デスニャーゴ,なし,ユニット,4,4,4,死亡時:1/1のプリズニャンを1体出す。スキルブースト:+1体,,デスニャーゴ ドラゴンクエストライバルズ 攻略データベース,
デスマエストロ,なし,ユニット,4,4,4,召喚時:このターン中攻撃力1以下の敵ユニット1体を味方にして速攻を付与する。,,デスマエストロ ドラゴンクエストライバルズ 攻略データベース,
デスマーキュリー,なし,ユニット,4,4,4,召喚時:指定のマスの地形を天啓の神域に変える。 この効果で地形の上書きはできない。,,デスマーキュリー ドラゴンクエストライバルズ 攻略データベース,
デビルプリンス,なし,ユニット,4,4,4,死亡時:正面にいるランダムな敵ユニット1体を死亡させる,,デビルプリンス ドラゴンクエストライバルズ 攻略データベース,
デビルロード,なし,ユニット,4,4,5,2回攻撃、ねらい撃ち、このユニットが敵リーダーを攻撃した後「このターン中敵リーダーを攻撃できない」を得る,,デビルロード ドラゴンクエストライバルズ 攻略データベース,
デュランダル,なし,ユニット,4,4,4,パワフルバッジ：自分の手札にあるメタルボディもしくはハードメタルボディを持つユニットカードと武器のカード残すと-1,,デュランダル ドラゴンクエストライバルズ 攻略データベース,
トンブレロ,なし,ユニット,4,4,3,召喚時：味方ヒーローがいる場合味方ユニット1体を+2/+2,,トンブレロ ドラゴンクエストライバルズ 攻略データベース,
ドルイド,なし,ユニット,4,3,6,召喚時：対戦中に使った特技カード1枚を自分のデッキの一番上に置く。,,ドルイド ドラゴンクエストライバルズ 攻略データベース,
ドンホセ,なし,ユニット,4,3,4,召喚時：相手の職業のランダムなレジェンドレアカード3枚から1枚選び手札に加える。死亡時:手札にある自分のデッキに入っていなかったユニットカードを+1/+1,,ドンホセ ドラゴンクエストライバルズ 攻略データベース,
ハッスルじじい,なし,ユニット,4,3,4,パワフルバッジ：冒険者の味方ユニットを+1/+1,,ハッスルじじい ドラゴンクエストライバルズ 攻略データベース,
バリクナジャ,なし,ユニット,4,3,5,このユニットの攻撃で敵ユニットを倒す度味方リーダーのテンション+1,,バリクナジャ ドラゴンクエストライバルズ 攻略データベース,
バル&ベル,なし,ユニット,4,2,6,自分のターン開始時ボル&ブルが自分の場にいる場合合体してバブルボブルになる。,,バル&ベル ドラゴンクエストライバルズ 攻略データベース,
ビックアイ,なし,ユニット,4,3,4,召喚時：自分の場に冒険者がいるなら横一列にいる全ての敵ユニットに2ダメージ,,ビックアイ ドラゴンクエストライバルズ 攻略データベース,
ファラリスブル,なし,ユニット,4,4,4,召喚時：味方リーダーが装備中の武器の耐久力+1、対戦中に味方建物が3つ以上出ていたら代わりに味方リーダーが装備中の武器を+1/+2,,ファラリスブル ドラゴンクエストライバルズ 攻略データベース,
フェイスボール,なし,ユニット,4,4,3,ステルス、れんけい：次の相手のターン終了時まで味方リーダーが受けるダメージ-2,,フェイスボール ドラゴンクエストライバルズ 攻略データベース,
フライングデス,なし,ユニット,4,4,4,召喚時：自分の場に空きマスがあるなら味方ユニットを1体死亡させた後自分のデッキからそのユニットと同じコストを持つユニットを1体出す,,フライングデス ドラゴンクエストライバルズ 攻略データベース,
ブラックベジター,なし,ユニット,4,2,2,召喚時：味方建物があるなら他のすべてのユニットに2ダメージ,,ブラックベジター ドラゴンクエストライバルズ 攻略データベース,
ブラッドミスト,なし,ユニット,4,1,6,ステルス、スキルブースト:攻撃力+1,,ブラッドミスト ドラゴンクエストライバルズ 攻略データベース,
ブラバニクイーン,なし,ユニット,4,4,2,シンクロ：①貫通、②速攻、③攻撃力+1,,ブラバニクイーン ドラゴンクエストライバルズ 攻略データベース,
ブルサベージ,なし,ユニット,4,2,6,絶好調、絶好調状態のユニットが攻撃する度このユニットの攻撃力+2,,ブルサベージ ドラゴンクエストライバルズ 攻略データベース,
ブルベリーノ,なし,ユニット,4,4,3,召喚時：カードを1枚引く,,ブルベリーノ ドラゴンクエストライバルズ 攻略データベース,
ヘルパイレーツ,なし,ユニット,4,3,5,召喚時：自分のデッキと手札にある絶好調を持つカードのコスト-1,,ヘルパイレーツ ドラゴンクエストライバルズ 攻略データベース,
ヘルプラネット,なし,ユニット,4,3,4,におうだち。れんけい：自分が次に使う占いカード1枚のみ効果が両方発動する。,,ヘルプラネット ドラゴンクエストライバルズ 攻略データベース,
ヘルボックル,なし,ユニット,4,4,4,召喚時:1/1のきりかぶこぞう1体を指定の味方マスに出す,,ヘルボックル ドラゴンクエストライバルズ 攻略データベース,
ベビル,なし,ユニット,4,4,4,召喚時：縦1列にいる全ての敵ユニットに1ダメージ,,ベビル ドラゴンクエストライバルズ 攻略データベース,
ベビーゴイル,なし,ユニット,4,4,4,召喚時：お互いのデッキにランダムな2コストの特技カードを3枚加える,,ベビーゴイル ドラゴンクエストライバルズ 攻略データベース,
ベルザブル,なし,ユニット,4,3,5,テンションリンク:このユニットは1ダメージを受ける。その後このユニットのHPが1以上あるならカードを1枚引く,,ベルザブル ドラゴンクエストライバルズ 攻略データベース,
ベルフェゴル,なし,ユニット,4,3,5,自分が占いを持つ手札を使う度+1/+1,,ベルフェゴル ドラゴンクエストライバルズ 攻略データベース,
ベロベロ,なし,ユニット,4,2,2,れんけい：+1/+1。召喚時と自分のターン終了時に、このユニットの前後にコピーを出す。,,ベロベロ ドラゴンクエストライバルズ 攻略データベース,
ホースデビル,なし,ユニット,4,4,4,,,ホースデビル ドラゴンクエストライバルズ 攻略データベース,
マグマロン,なし,ユニット,4,2,5,召喚時：GET(1)、BET:攻撃力+1と「次の相手のターン終了時まで効果の対象にならない」を得る,,マグマロン ドラゴンクエストライバルズ 攻略データベース,
マージマタンゴ,なし,ユニット,4,2,7,召喚時:HPを3回復,,マージマタンゴ ドラゴンクエストライバルズ 攻略データベース,
ムーンキメラ,なし,ユニット,4,5,4,召喚時：後列にいる全ての敵ユニットを前列に移動させる。,,ムーンキメラ ドラゴンクエストライバルズ 攻略データベース,
ムーンフェイス,なし,ユニット,4,5,4,召喚時：敵ヒーローのレベルを1下げる,,ムーンフェイス ドラゴンクエストライバルズ 攻略データベース,
メダルにゃん,なし,ユニット,4,5,4,召喚時：カードを2枚引いた後自分の手札から2枚選んで捨てる,,メダルにゃん ドラゴンクエストライバルズ 攻略データベース,
メッサーラ,なし,ユニット,4,3,4,召喚時：縦1列にいる全ての敵ユニットに1ダメージ,,メッサーラ ドラゴンクエストライバルズ 攻略データベース,
メーダロード,なし,ユニット,4,4,4,相手が特技を使う度その効果が発動する前に味方リーダーのHPを3回復,,メーダロード ドラゴンクエストライバルズ 攻略データベース,
ヨージス,なし,ユニット,4,2,4,味方建物の数分手札にあるこのカードのコスト-1,,ヨージス ドラゴンクエストライバルズ 攻略データベース,
ラリホービートル,なし,ユニット,4,3,6,召喚時：味方ヒーローがいる場合敵ユニット1体を次のターン終了時まで攻撃不能にする。,,ラリホービートル ドラゴンクエストライバルズ 攻略データベース,
ルバンカ,なし,ユニット,4,5,3,におうだち。召喚時：デッキの一番上が偶数コストならGET(2)。BET：HP+1,,ルバンカ ドラゴンクエストライバルズ 攻略データベース,
ワンダーフール,なし,ユニット,4,4,4,召喚時：デッキの一番上のカードのコストが奇数なら+1/+1と貫通を得る。偶数なら-1/-1とにおうだちを得る,,ワンダーフール ドラゴンクエストライバルズ 攻略データベース,
修練のたてまじん,なし,ユニット,4,3,5,におうだち、召喚時：味方リーダーが武器を装備している場合このユニットにさくせんを出す,,修練のたてまじん ドラゴンクエストライバルズ 攻略データベース,
強奪のくびかりぞく,なし,ユニット,4,3,5,召喚時：味方リーダーのテンションが2以上あるならこのユニットにさくせんを出す。このユニットの攻撃で敵ユニットが死亡する度カードを1枚引く,,強奪のくびかりぞく ドラゴンクエストライバルズ 攻略データベース,
神鳥の杖,なし,ユニット,4,0,1,味方リーダーは攻撃できない、自分が特技カードを使うたび3/2のシャドーを出す,,神鳥の杖 ドラゴンクエストライバルズ 攻略データベース,
若葉の精霊,なし,ユニット,4,4,4,召喚時:地形マスに召喚された場合カードを1枚引く,,若葉の精霊 ドラゴンクエストライバルズ 攻略データベース,
飛翔のガーゴイル,なし,ユニット,4,3,4,おうえん、ねらい撃ち。召喚時：自分の手札に特技カードがあるならこのユニットにさくせんを出す,,飛翔のガーゴイル ドラゴンクエストライバルズ 攻略データベース,
あんこくまどう,なし,ユニット,5,3,6,におうだち、召喚時：敵リーダーが持つパワフルバッジの効果をランダムで２つ消す。その場合+1/+1を得る。,,あんこくまどう ドラゴンクエストライバルズ 攻略データベース,
うごくせきぞう,なし,ユニット,5,6,7,正面に敵ユニットが1体もいない場合攻撃できない,,うごくせきぞう ドラゴンクエストライバルズ 攻略データベース,
おどるほうせき,なし,ユニット,5,1,1,このユニットに自分が特技を使う度カードを1枚引く,,おどるほうせき ドラゴンクエストライバルズ 攻略データベース,
おばけトマト,なし,ユニット,5,4,4,占い：(1)敵ユニット1体の攻撃力を1にする、(2)敵ユニット1体のHPを1にする,,おばけトマト ドラゴンクエストライバルズ 攻略データベース,
かみさま,なし,ユニット,5,3,5,自分のターン終了時以下の効果からランダムに1つ発動する(1)カードを2枚引く(2)味方リーダーのテンション+3(3)他のすべての味方のHPを4回復,,かみさま ドラゴンクエストライバルズ 攻略データベース,
くらやみにゅうどう,なし,ユニット,5,5,5,召喚時:次の相手のターン中敵のヒーロースキルは使用できず発動もしない,,くらやみにゅうどう ドラゴンクエストライバルズ 攻略データベース,
けがれの渦,なし,ユニット,5,4,4,におうだち、死亡時：全てのユニットを毒にする,,けがれの渦 ドラゴンクエストライバルズ 攻略データベース,
さまようよろい,なし,ユニット,5,4,3,召喚時：前列に召喚した場合ホイミスライムを後ろに出す,,さまようよろい ドラゴンクエストライバルズ 攻略データベース,
じごくのよろい,なし,ユニット,5,3,2,召喚時&死亡時:ピサロナイトを1体出す。スキルブースト:攻撃力+1,,じごくのよろい ドラゴンクエストライバルズ 攻略データベース,
とうだいタイガー,なし,ユニット,5,4,4,れんけい：攻撃力3以下の敵ユニット1体を相手の手札に戻す。,,とうだいタイガー ドラゴンクエストライバルズ 攻略データベース,
ひくいどり,なし,ユニット,5,6,4,貫通,,ひくいどり ドラゴンクエストライバルズ 攻略データベース,
アイアンナイト,なし,ユニット,5,3,6,におうだち、死亡時：ランダムな味方ユニット1体を味方ヒーローのレベルの数分+1/+1,,アイアンナイト ドラゴンクエストライバルズ 攻略データベース,
アカリリス,なし,ユニット,5,2,3,このユニットが移動する度速攻2/1のいっかくうさぎを出す,,アカリリス ドラゴンクエストライバルズ 攻略データベース,
アデン,なし,ユニット,5,3,6,におうだち、召喚時：味方建物１つの耐久値+1、そうした場合攻撃力+2を得る,,アデン ドラゴンクエストライバルズ 攻略データベース,
アームライオン,なし,ユニット,5,3,4,絶好調、絶好調状態の味方ユニットは速攻を得る,,アームライオン ドラゴンクエストライバルズ 攻略データベース,
インプケイオス,なし,ユニット,5,4,5,召喚時：敵ユニット1体に1ダメージ。自分のデッキの一番上のカードのコストが偶数なら代わりに3ダメージ与えた後味方リーダーのHPを3回復,,インプケイオス ドラゴンクエストライバルズ 攻略データベース,
エリミネーター,なし,ユニット,5,5,3,前列にいる場合他の味方ユニットが死亡する度カードを1枚引く。,,エリミネーター ドラゴンクエストライバルズ 攻略データベース,
ダークモーモン,なし,ユニット,5,4,5,自分のターン終了時GET(1)、BET:お互いのリーダーのテンション+1,,ダークモーモン ドラゴンクエストライバルズ 攻略データベース,
デスターキー,なし,ユニット,5,5,6,,,デスターキー ドラゴンクエストライバルズ 攻略データベース,
デスマシーン,なし,ユニット,5,4,4,におうだち、このターン中死亡したユニットの数分手札にあるこのカードのコスト-1、死亡時：敵リーダーに3ダメージ,,デスマシーン ドラゴンクエストライバルズ 攻略データベース,
デンダ,なし,ユニット,5,3,3,召喚時:前列に召喚した場合1/1のデンダの子分を3体出す。後列に召喚した場合全ての味方ユニットを+1/+1,,デンダ ドラゴンクエストライバルズ 攻略データベース,
トロル,なし,ユニット,5,7,8,受けるダメージ2倍,,トロル ドラゴンクエストライバルズ 攻略データベース,
ナイトフォックス,なし,ユニット,5,5,4,自分の特技カードのコスト-1,,ナイトフォックス ドラゴンクエストライバルズ 攻略データベース,
ネクロバルサ,なし,ユニット,5,4,5,召喚時:味方リーダーの攻撃力が4以上ある場合武器の耐久力を+2する。,,ネクロバルサ ドラゴンクエストライバルズ 攻略データベース,
ハンターフライ,なし,ユニット,5,4,3,先制、死亡時：味方リーダーのテンション+1、スキルブースト:コスト-1,,ハンターフライ ドラゴンクエストライバルズ 攻略データベース,
ハンフリー,なし,ユニット,5,0,1,召喚時:ユニット1体の攻撃力とHPを吸い取り自身の攻撃力とHPを同じ値にする。そのユニットを2/2にする,,ハンフリー ドラゴンクエストライバルズ 攻略データベース,
バルバロッサ,なし,ユニット,5,4,5,召喚時:魔法陣に召喚された場合メラミを手札に加える,,バルバロッサ ドラゴンクエストライバルズ 攻略データベース,
フォレスドン,なし,ユニット,5,4,5,召喚時：対戦中に死亡したコスト4以上の味方ユニット3種類の中から1体を選んで復活させ「ターン終了時このユニットは死亡する」を付与する,,フォレスドン ドラゴンクエストライバルズ 攻略データベース,
ヘルシーサー,なし,ユニット,5,4,5,召喚時:地形マスにいる全ての味方ユニットを+1/+1,,ヘルシーサー ドラゴンクエストライバルズ 攻略データベース,
ベロリンマン,なし,ユニット,5,2,2,おうえん、召喚時&スキルリンク:ベロリンマンを1体出す,,ベロリンマン ドラゴンクエストライバルズ 攻略データベース,
ホーンビートル,なし,ユニット,5,5,5,ねらい撃ち,,ホーンビートル ドラゴンクエストライバルズ 攻略データベース,
マネマネ,なし,ユニット,5,1,1,召喚時：他のユニット1体に変身する,,マネマネ ドラゴンクエストライバルズ 攻略データベース,
マリンフェアリー,なし,ユニット,5,2,3,召喚時:手札にあるコインをランダムに1枚捨てる。そうした場合この対戦中に死亡した4コスト以下の味方ユニット3種類の中から1体を選んで復活させる,,マリンフェアリー ドラゴンクエストライバルズ 攻略データベース,
メイジポンポコ,なし,ユニット,5,3,5,シンクロ：①味方リーダーが使用する特技カードの攻撃力+1、②死亡時：自分のデッキからコスト5以上の特技カードを1枚引く、③+1/+1,,メイジポンポコ ドラゴンクエストライバルズ 攻略データベース,
ユニコーン,なし,ユニット,5,5,5,召喚時:HPを4回復,,ユニコーン ドラゴンクエストライバルズ 攻略データベース,
レッドサイクロン,なし,ユニット,5,4,5,自分のターン終了時にお互いのリーダーに2ダメージ。味方リーダーのHPが15以下の場合代わりに自分のターン終了時敵リーダーに2ダメージ,,レッドサイクロン ドラゴンクエストライバルズ 攻略データベース,
ローズバトラー,なし,ユニット,5,3,7,味方リーダーへの敵の攻撃や効果の対象はこのユニットに変更される。ダメージを与えたユニットを毒にする,,ローズバトラー ドラゴンクエストライバルズ 攻略データベース,
吹雪の魔女,なし,ユニット,5,4,4,召喚時：敵の場に氷塊があるなら敵ユニット1体に4ダメージ,,吹雪の魔女 ドラゴンクエストライバルズ 攻略データベース,
慈愛のキラーパンサー,なし,ユニット,5,4,4,おうえん、召喚時：おうえん 2/2のベビーパンサー1枚を手札に加える,,慈愛のキラーパンサー ドラゴンクエストライバルズ 攻略データベース,
暗黒大樹の番人,なし,ユニット,5,2,4,におうだち、召喚時:このターン中ユニットが死亡しているなら暗黒大樹の番人を指定の味方マスに出す,,暗黒大樹の番人 ドラゴンクエストライバルズ 攻略データベース,
獣魔将ガルレイ,なし,ユニット,5,5,4,召喚時：正面にいるランダムな敵ユニット1体に2ダメージ。自分の場に冒険者がいるなら代わりに4ダメージ,,獣魔将ガルレイ ドラゴンクエストライバルズ 攻略データベース,
追撃のキラーマシン,なし,ユニット,5,3,4,2回攻撃、召喚時:このユニットにさくせんを出す。自分がさくせんを出した後、1ターンに2回までランダムな敵ユニット1体に2ダメージ,,追撃のキラーマシン ドラゴンクエストライバルズ 攻略データベース,
魔犬レオパルド,なし,ユニット,5,4,4,死亡時：神鳥の杖を手札に加える,,魔犬レオパルド ドラゴンクエストライバルズ 攻略データベース,
あくまのカガミ,なし,ユニット,6,3,5,召喚時：自分のデッキにある5コスト以下の冒険者と同じユニット1体ヲバに出しこのターン中速攻と「ターン終了時にこのユニットを自分のデッキに混ぜる」を付与する,,あくまのカガミ ドラゴンクエストライバルズ 攻略データベース,
かぶとこぞう,なし,ユニット,6,4,4,召喚時:地形マスに召喚された場合、におうだち2/2のはさみくわがたを2体出す,,かぶとこぞう ドラゴンクエストライバルズ 攻略データベース,
からくりしょうぐん,なし,ユニット,6,5,5,召喚時：味方リーダーが装備中の武器を+1/+1,,からくりしょうぐん ドラゴンクエストライバルズ 攻略データベース,
じごくのつかい,なし,ユニット,6,3,3,自分のターン終了時ランダムな敵1体に3ダメージ,,じごくのつかい ドラゴンクエストライバルズ 攻略データベース,
てっきゅうまじん,なし,ユニット,6,4,5,自分の場と手札にいる冒険者の数だけコストが下がる,,てっきゅうまじん ドラゴンクエストライバルズ 攻略データベース,
にじくじゃく,なし,ユニット,6,4,5,自分が偶数のコストの手札を使う度ランダムな敵1体に2ダメージ,,にじくじゃく ドラゴンクエストライバルズ 攻略データベース,
まかいじゅ,なし,ユニット,6,3,7,自分のターン終了時このユニットのHPを2回復する。,,まかいじゅ ドラゴンクエストライバルズ 攻略データベース,
まだらイチョウ,なし,ユニット,6,3,4,BET：1/2のブラックタヌーを1体場に出す。このBETが3回発動する度に、このユニットを除く全ての味方ユニットを+1/+1する。カウントはターンを跨いで継続する。,,まだらイチョウ ドラゴンクエストライバルズ 攻略データベース,
ようじゅつし,なし,ユニット,6,3,6,自分が特技を使う度ランダムな敵1体に2ダメージ,,ようじゅつし ドラゴンクエストライバルズ 攻略データベース,
アトラス,なし,ユニット,6,4,7,攻撃時：このターン中味方リーダーの攻撃力分攻撃力が上がる,,アトラス ドラゴンクエストライバルズ 攻略データベース,
アフロのドン・モグーラ,なし,ユニット,6,3,5,召喚時：カードを1枚引いた後、自分の手札から1枚選んで捨てる。自分の手札からカードを捨てる度ターン終了時に死亡する速攻3/1の子分を1体出す,,アフロのドン・モグーラ ドラゴンクエストライバルズ 攻略データベース,
アークマージ,なし,ユニット,6,2,7,この対戦の間ヒーロースキルが発動した回数分攻撃力+1を得る。このユニットの攻撃力が5以上の場合さらに特技ダメージ+2を得る。,,アークマージ ドラゴンクエストライバルズ 攻略データベース,
ウドラー,なし,ユニット,6,4,6,シンクロ:①攻撃力+1、②におうだち、③死亡時：この対戦中に死亡したコスト2以下のユニットを2体復活させる,,ウドラー ドラゴンクエストライバルズ 攻略データベース,
エビルホーク,なし,ユニット,6,6,4,ねらい撃ち、召喚時：カードを1枚引く,,エビルホーク ドラゴンクエストライバルズ 攻略データベース,
エビルマージ,なし,ユニット,6,2,6,召喚時：この対戦中味方リーダーの「紅蓮の火球」のダメージ+1、スキルブースト:攻撃力+1,,エビルマージ ドラゴンクエストライバルズ 攻略データベース,
キラーデーモン,なし,ユニット,6,6,6,召喚時：味方ユニット1体を+1/+1した後におうだちを付与する,,キラーデーモン ドラゴンクエストライバルズ 攻略データベース,
キラーマシン2,なし,ユニット,6,4,5,2回攻撃、召喚時:このユニットにさくせんを出す。耐戦中に味方建物が3つ以上出ていたら、代わりに2回さくせんを出し、出たさくせんの効果全てを得る,,キラーマシン2 ドラゴンクエストライバルズ 攻略データベース,
キングミミック,なし,ユニット,6,8,7,死亡時：相手はランダムなレジェンドレアカードを手札に1枚加える,,キングミミック ドラゴンクエストライバルズ 攻略データベース,
クラーゴン,なし,ユニット,6,4,8,BET：このターン中に未発動の効果からランダムに1つ発動する。①全ての敵に1ダメージ ②ランダムな敵1体に2ダメージ ③敵リーダーに3ダメージ。全て発動済みなら何も起こらない。,,クラーゴン ドラゴンクエストライバルズ 攻略データベース,
グレイトマムー,なし,ユニット,6,5,4,れんけい：敵ユニット1体に5ダメージ,,グレイトマムー ドラゴンクエストライバルズ 攻略データベース,
サイクロプス,なし,ユニット,6,6,6,召喚時：GET(1) BET：におうだちを持つランダムな敵ユニット1体に4ダメージ,,サイクロプス ドラゴンクエストライバルズ 攻略データベース,
サイコマスター,なし,ユニット,6,0,7,この対戦中に自分が使った占いカードの枚数分攻撃力+1、召喚時:このユニットの攻撃力が4以上あるなら敵1体に4ダメージ,,サイコマスター ドラゴンクエストライバルズ 攻略データベース,
ジェリーマン,なし,ユニット,6,4,5,召喚時：自分の手札にあるランダムなユニットカード1枚と同じユニットを2/2にして場に出す。それが冒険者カードなら代わりにコピーを場に出す。,,ジェリーマン ドラゴンクエストライバルズ 攻略データベース,
ダイス・ド・デビル,なし,ユニット,6,4,4,占い：(1)1/1のスライムを出す、(2)4/4のホースデビルを出す,,ダイス・ド・デビル ドラゴンクエストライバルズ 攻略データベース,
ダークデーブル,なし,ユニット,6,5,6,におうだち、天啓の神域の効果によってデッキから手札にこのカードが加わった場合、4/4のヘルガーディアンを出す。,,ダークデーブル ドラゴンクエストライバルズ 攻略データベース,
ダーティラビッツ,なし,ユニット,6,2,6,攻撃対象が敵リーダーの場合攻撃力が2倍になる。,,ダーティラビッツ ドラゴンクエストライバルズ 攻略データベース,
デスストーカー,なし,ユニット,6,4,6,自分のターン中味方ユニットがダメージを受けた場合ランダムな敵1体に2ダメージ,,デスストーカー ドラゴンクエストライバルズ 攻略データベース,
デスバキューム,なし,ユニット,6,3,3,お互いのリーダーのテンションの合計分手札にあるこのカードのコスト-1,,デスバキューム ドラゴンクエストライバルズ 攻略データベース,
ドルマゲス,なし,ユニット,6,6,4,召喚時：1/1の分身を2体出す 相手がドルマゲスか分身を攻撃や効果の対象にした場合その対象はランダムに選ばれる,,ドルマゲス ドラゴンクエストライバルズ 攻略データベース,
バズズ,なし,ユニット,6,6,6,ねらい撃ち、召喚時：敵の場に氷塊があるなら全ての敵ユニットを次のターン攻撃不能にする,,バズズ ドラゴンクエストライバルズ 攻略データベース,
バロンジャッカル,なし,ユニット,6,6,5,このカード以外の自分の手札が6枚以上ある場合コスト-2,,バロンジャッカル ドラゴンクエストライバルズ 攻略データベース,
バロンナイト,なし,ユニット,6,5,6,同じ縦1列にいる他のユニットを+1/+1,,バロンナイト ドラゴンクエストライバルズ 攻略データベース,
バーサーカー,なし,ユニット,6,2,5,前列の中央にいる場合攻撃力+7,,バーサーカー ドラゴンクエストライバルズ 攻略データベース,
ファンキーバード,なし,ユニット,6,4,6,おうえん、味方リーダーのテンションカードはコストが0になる。,,ファンキーバード ドラゴンクエストライバルズ 攻略データベース,
ブラックチャック,なし,ユニット,6,6,3,味方リーダーのテンション分必要なコストが下がる,,ブラックチャック ドラゴンクエストライバルズ 攻略データベース,
マザーウッド,なし,ユニット,6,5,5,テンションリンク：前後にいる味方ユニットに速攻を付与する。,,マザーウッド ドラゴンクエストライバルズ 攻略データベース,
マッスルウータン,なし,ユニット,6,5,7,テンションリンク:前後にいる味方ユニットの攻撃力+2,,マッスルウータン ドラゴンクエストライバルズ 攻略データベース,
ミリオンゼニー,なし,ユニット,6,4,7,自分のターン終了時にGET(1)。この効果は毎ターン発動する。BET：死亡時にGET(2)をこのユニットに付与する。このBET効果は重複しない。,,ミリオンゼニー ドラゴンクエストライバルズ 攻略データベース,
ムチおとこ,なし,ユニット,6,6,6,前列召喚時：自分の手札から武器カードを1枚選んで捨てる。そうした場合、カードを3枚引く。後列召喚時：自分のデッキからコスト3以下の武器カードを1枚引く,,ムチおとこ ドラゴンクエストライバルズ 攻略データベース,
ランプのまじん,なし,ユニット,6,6,6,召喚時：全ての敵ユニットの位置を前後入れ替える,,ランプのまじん ドラゴンクエストライバルズ 攻略データベース,
リーズレット,なし,ユニット,6,5,4,召喚時：自分のデッキにメラ系の特技カードが無いなら敵ユニット1体を氷塊に変える,,リーズレット ドラゴンクエストライバルズ 攻略データベース,
悪霊の神々アトラス,なし,ユニット,6,4,7,貫通、貫通を持つ味方ユニットが攻撃した後攻撃力+1、死亡時：このユニットの攻撃力と同じ攻撃力を持つこんぼうを味方リーダーに装備する。,,悪霊の神々アトラス ドラゴンクエストライバルズ 攻略データベース,
悪霊の神々バズズ,なし,ユニット,6,6,6,ねらい撃ち、召喚時：指定の敵マスに0/1の氷塊を1つ出す。敵の氷塊が死亡する度自分のデッキからメラ系以外の特技カードを1枚引く,,悪霊の神々バズズ ドラゴンクエストライバルズ 攻略データベース,
薔薇子ジャックポッター,なし,ユニット,6,6,6,召喚時：手札を2枚捨てる。そうした場合ランダムなレジェンドレアカード0〜4枚を以下の確率で手札に加える。0〜4枚 各20%,,薔薇子ジャックポッター ドラゴンクエストライバルズ 攻略データベース,
覇海軍王ジャコラ,なし,ユニット,6,5,7,におうだち、召喚時：このターン中すべてのユニットが受ける戦闘ダメージが2倍になる,,覇海軍王ジャコラ ドラゴンクエストライバルズ 攻略データベース,
魔女グレイツェル,なし,ユニット,6,5,5,おうえん、召喚時:ランダムな3体を次のターン終了時まで攻撃不能にする。スキルブースト:+1体,,魔女グレイツェル ドラゴンクエストライバルズ 攻略データベース,
ほうおう,なし,ユニット,7,6,7,他のすべての味方ユニットのHP+1、スキルブースト:味方ユニットのHP+1,,ほうおう ドラゴンクエストライバルズ 攻略データベース,
まおうのかげ,なし,ユニット,7,4,7,ステルス、絶好調、このユニットが絶好調状態なら攻撃力+3を得る,,まおうのかげ ドラゴンクエストライバルズ 攻略データベース,
やつざきアニマル,なし,ユニット,7,4,4,対戦中に自分に使った特技カードの枚数分コスト-1,,やつざきアニマル ドラゴンクエストライバルズ 攻略データベース,
アンクルホーン,なし,ユニット,7,2,7,テンションリンク：攻撃力が2倍になる,,アンクルホーン ドラゴンクエストライバルズ 攻略データベース,
アークデーモン,なし,ユニット,7,6,6,召喚時：前列にいる全ての敵ユニットに3ダメージ,,アークデーモン ドラゴンクエストライバルズ 攻略データベース,
エメラルドーン,なし,ユニット,7,6,6,シンクロ：①ねらい撃ち、②におうだち、③+2/+2,,エメラルドーン ドラゴンクエストライバルズ 攻略データベース,
クレイジーボーナス,なし,ユニット,7,7,7,召喚時:自分の場の縦一列に同じ攻撃力のユニットが3体いるならランダムなレジェンドレアのユニットカード3枚を手札に加え そのコストを揃えた攻撃力と同じ数分減らす,,クレイジーボーナス ドラゴンクエストライバルズ 攻略データベース,
ケトス,なし,ユニット,7,4,11,このユニットによる敵リーダーの攻撃で敵リーダーのHPが11になった場合この対戦に勝利する。,,ケトス ドラゴンクエストライバルズ 攻略データベース,
ジャックポッター,なし,ユニット,7,5,5,召喚時：両プレイヤーはカードを1枚引く。スキルブースト：+1枚,,ジャックポッター ドラゴンクエストライバルズ 攻略データベース,
ジュリアンテ,なし,ユニット,7,5,5,占い：(1)他の全ての味方ユニット+2/+2、(2)ランダムな敵3体を次のターン攻撃不能にする,,ジュリアンテ ドラゴンクエストライバルズ 攻略データベース,
タコメット,なし,ユニット,7,3,3,貫通、召喚時：このカード以外の自分の手札が6枚以上ある場合タコメットを2体出す。,,タコメット ドラゴンクエストライバルズ 攻略データベース,
ダゴン,なし,ユニット,7,3,8,2回攻撃,,ダゴン ドラゴンクエストライバルズ 攻略データベース,
デビルアーマー,なし,ユニット,7,7,6,召喚時：味方ヒーローがいる場合手札にあるランダムな武器を装備する,,デビルアーマー ドラゴンクエストライバルズ 攻略データベース,
トロルキング,なし,ユニット,7,8,10,すべてのユニットは受けるダメージが2倍になる。,,トロルキング ドラゴンクエストライバルズ 攻略データベース,
ドン・モグーラ,なし,ユニット,7,4,6,テンションリンク：速攻 1/1 ターン終了時に死亡するモグラの子分を出す スキルブースト:攻撃力+1をモグラの子分は持つ,,ドン・モグーラ ドラゴンクエストライバルズ 攻略データベース,
ヌーデビル,なし,ユニット,7,5,4,選択：・攻撃力+4・正面にいる全ての敵ユニットに2ダメージ,,ヌーデビル ドラゴンクエストライバルズ 攻略データベース,
バベルボブル,なし,ユニット,7,7,10,速攻、2回攻撃,,バベルボブル ドラゴンクエストライバルズ 攻略データベース,
バルザック,なし,ユニット,7,7,7,貫通：このユニットの攻撃で敵ユニットを倒す度+2/+2,,バルザック ドラゴンクエストライバルズ 攻略データベース,
ブラックルーン,なし,ユニット,7,7,6,特技ダメージ+2,,ブラックルーン ドラゴンクエストライバルズ 攻略データベース,
ヘラクライザー,なし,ユニット,7,4,5,におうだち、自分がデッキからカードを手札に加える度ランダムな敵1体に2ダメージ、占い：(1)カードを1枚引く、(2)味方リーダーのテンション+2,,ヘラクライザー ドラゴンクエストライバルズ 攻略データベース,
ヘルバオム,なし,ユニット,7,8,4,召喚時：ランダムな敵ユニット1体を-2/-2する。これを2回繰り返す。,,ヘルバオム ドラゴンクエストライバルズ 攻略データベース,
ベリアル,なし,ユニット,7,6,6,召喚時：すべての敵ユニットに2ダメージ、倒したユニット数の2倍分味方リーダーのHPを回復,,ベリアル ドラゴンクエストライバルズ 攻略データベース,
マルチェロ,なし,ユニット,7,4,4,におうだち、召喚時：敵の後列中央を中心に十字型に4ダメージを与える,,マルチェロ ドラゴンクエストライバルズ 攻略データベース,
ライノスキング,なし,ユニット,7,7,7,におうだち,,ライノスキング ドラゴンクエストライバルズ 攻略データベース,
レジェンドホーン,なし,ユニット,7,5,6,シンクロ：①召喚時：味方リーダーのHPを6回復、②このユニットの召喚コスト-2、③におうだち,,レジェンドホーン ドラゴンクエストライバルズ 攻略データベース,
悪霊の神々ベリアル,なし,ユニット,7,6,6,召喚時：「次のターン終了時まで受けるダメージ-1」を得る。さらに全ての敵ユニットに2ダメージ。死亡したユニットの数分HP+1,,悪霊の神々ベリアル ドラゴンクエストライバルズ 攻略データベース,
黄金兵長,なし,ユニット,7,4,6,召喚時：GET(1)。攻撃時：敵リーダーに味方の場のピサロナイトの数と同じダメージ。BET：ピサロナイトを1体場に出す。,,黄金兵長 ドラゴンクエストライバルズ 攻略データベース,
Sキラーマシン,なし,ユニット,8,4,8,速攻、このユニットの攻撃で敵ユニットが死亡する度　攻撃力+1 さらにこのターン中このユニットはもう一度攻撃できるようになる,,Sキラーマシン ドラゴンクエストライバルズ 攻略データベース,
さんぞくのカシラ,なし,ユニット,8,10,10,召喚時:このユニットは消滅しさんぞく兵、さんぞくマージ、さんぞく、エテポンゲを出しそれらにさくせんを出す,,さんぞくのカシラ ドラゴンクエストライバルズ 攻略データベース,
じごくのヌエ,なし,ユニット,8,8,6,ねらい撃ち、召喚時:敵ユニット1体に自分の場にある地形の数の3倍分ダメージを与える。,,じごくのヌエ ドラゴンクエストライバルズ 攻略データベース,
ウルベア魔神兵,なし,ユニット,8,5,8,ねらい撃ち。召喚時：GET(2)。BET：このユニットの攻撃力を1〜4のランダムな値分増やす。,,ウルベア魔神兵 ドラゴンクエストライバルズ 攻略データベース,
オーガキング,なし,ユニット,8,7,8,におうだち,,オーガキング ドラゴンクエストライバルズ 攻略データベース,
キラーマジンガ,なし,ユニット,8,3,7,2回攻撃、召喚時：このカード以外の自分の手札が6枚以上ある場合ランダムな的に2ダメージを計4回与える。,,キラーマジンガ ドラゴンクエストライバルズ 攻略データベース,
キングレオ,なし,ユニット,8,7,5,速攻,,キングレオ ドラゴンクエストライバルズ 攻略データベース,
シュバルツシュルト,なし,ユニット,8,6,5,召喚時：他の味方ユニットの数と同じだけカードを引く,,シュバルツシュルト ドラゴンクエストライバルズ 攻略データベース,
シルバリヌス,なし,ユニット,8,7,7,ねらい撃ち、この対戦中に相手の場に出た氷塊の数分デッキと手札にあるこのカードのコスト-1,,シルバリヌス ドラゴンクエストライバルズ 攻略データベース,
デスゴーゴン,なし,ユニット,8,8,8,このユニットの攻撃で敵ユニットを倒す度HPを超えた分だけ敵リーダーにダメージ。,,デスゴーゴン ドラゴンクエストライバルズ 攻略データベース,
トーマ王子,なし,ユニット,8,6,6,召喚時:以下の4つから1つを選び発動する・虚無の剣・無我の心・鉄壁の盾・追憶の呪縛,,トーマ王子 ドラゴンクエストライバルズ 攻略データベース,
マッドファルコン,なし,ユニット,8,3,4,速攻、この対戦中に味方リーダーが攻撃した回数分コスト-1,,マッドファルコン ドラゴンクエストライバルズ 攻略データベース,
レッドプレデター,なし,ユニット,8,0,7,におうだち、この対戦中に自分が使った特技カードの枚数と同じだけ攻撃力を上げる。 召喚時：敵ユニット1体に自身の攻撃力と同じダメージを与える,,レッドプレデター ドラゴンクエストライバルズ 攻略データベース,
怪蟲アラグネ,なし,ユニット,8,4,10,召喚時：敵リーダーを毒状態にする。すでに毒状態ならこの対戦中、敵ユニットと敵リーダーが受ける毒ダメージ+1,,怪蟲アラグネ ドラゴンクエストライバルズ 攻略データベース,
魔神機キラーマジンガ,なし,ユニット,8,3,5,2回攻撃、自分のターン終了時ランダムな敵に2ダメージを2回与える。召喚時：このカード以外に自分の手札が6枚以上ある場合魔神機キラーマジンガを1体出す,,魔神機キラーマジンガ ドラゴンクエストライバルズ 攻略データベース,
恐怖のツメ,なし,ユニット,9,6,3,,,恐怖のツメ ドラゴンクエストライバルズ 攻略データベース,
ブオーン,なし,ユニット,11,11,11,このユニットは移動せず手札に戻らない。このユニットの攻撃は他の全ての敵にも同時にダメージを与える スキルブースト:コスト-1,,ブオーン ドラゴンクエストライバルズ 攻略データベース,
ヘルクラッシャー,なし,ユニット,11,4,6,2回攻撃、この対戦中に自分のデッキに入っていなかったカードを自分の手札に加えた枚数分コスト-1,,ヘルクラッシャー ドラゴンクエストライバルズ 攻略データベース,
メガトンケイル,なし,ユニット,12,8,8,スキルブースト：コスト-2,,メガトンケイル ドラゴンクエストライバルズ 攻略データベース,
百獣の王キングレオ,なし,ユニット,12,7,5,速攻、この対戦中に自分が味方にさくせんを出した回数分手札のこのカードのコスト-1,,百獣の王キングレオ ドラゴンクエストライバルズ 攻略データベース,
