pool,name,cost,attack,hp,class,tribe,status,name_in_app_js,tracked_in_implemented_reports,text,official_url
cost2_unit_random_pool,あおだけ童子,2,2,3,商人,なし,OK_TRACKED_IMPLEMENTED,yes,yes,召喚時：このカード以外の自分の手札が6枚以上ある場合攻撃力+2,https://gameconductor.com/dqrivals/c/d/296
cost2_unit_random_pool,あくましんかん,2,2,2,占い師,なし,REVIEW_NAME_MENTIONED_ONLY,yes,no,占い：(1)「死亡時：この場所に復活する」を得る(2)におうだちHP+1,https://gameconductor.com/dqrivals/c/d/1003
cost2_unit_random_pool,あくまのす,2,2,3,魔法使い,なし,OK_TRACKED_IMPLEMENTED,yes,yes,自分が特技を使う度このユニットのHP+1,https://gameconductor.com/dqrivals/c/d/951
cost2_unit_random_pool,あくまのめだま,2,2,3,魔法使い,ゾンビ,REVIEW_NAME_MENTIONED_ONLY,yes,no,召喚時：次に場に出る魔王系の味方ユニットにねらい撃ちと攻撃力+1を付与する,https://gameconductor.com/dqrivals/c/d/1080
cost2_unit_random_pool,あくまの書,2,2,2,魔法使い,なし,REVIEW_NAME_MENTIONED_ONLY,yes,no,れんけい：自分の手札のコスト2以下のユニットカードを2枚選び、そのコピーを手札に加える。ターン終了時、この効果で加えたカードが手札にあれば破棄する。,https://gameconductor.com/dqrivals/c/d/1256
cost2_unit_random_pool,あばれザル,2,3,2,武闘家,なし,REVIEW_NAME_MENTIONED_ONLY,yes,no,絶好調、死亡時：このユニットが絶好調状態ならカードを1枚引く,https://gameconductor.com/dqrivals/c/d/873
cost2_unit_random_pool,あばれ足鳥,2,2,2,占い師,なし,REVIEW_NAME_MENTIONED_ONLY,yes,no,占い:(1)速攻と貫通を得る、(2)+1/+1,https://gameconductor.com/dqrivals/c/d/1293
cost2_unit_random_pool,いっかくうさぎ,2,2,1,共通,なし,OK_GENERIC_BASIC_KEYWORD,no,no,速攻,https://gameconductor.com/dqrivals/c/d/6
cost2_unit_random_pool,うみうし,2,2,1,盗賊,なし,OK_TRACKED_IMPLEMENTED,yes,yes,召喚時&手札から捨てた時：1/2のおおなめくじを1体出す,https://gameconductor.com/dqrivals/c/d/1405
cost2_unit_random_pool,おおがらす,2,1,3,魔剣士,なし,REVIEW_NAME_MENTIONED_ONLY,yes,no,死亡時：カードを1枚引く,https://gameconductor.com/dqrivals/c/d/354
cost2_unit_random_pool,おおきづち,2,1,3,共通,なし,REVIEW_NAME_MENTIONED_ONLY,yes,no,テンションリンク：このターン中攻撃力+2,https://gameconductor.com/dqrivals/c/d/54
cost2_unit_random_pool,おおにわとり,2,2,1,武闘家,なし,REVIEW_NAME_MENTIONED_ONLY,yes,no,召喚時：ランダムなコスト2以下の味方建物1つの耐久値+1、味方建物がないなら自分のデッキからコスト2以下の建物カードを1枚引く,https://gameconductor.com/dqrivals/c/d/1362
cost2_unit_random_pool,おおめだま,2,3,2,共通,なし,REVIEW_NAME_MENTIONED_ONLY,yes,no,召喚時:全てのユニットのステルスを解除する。解除した数分+1/+2を得る。,https://gameconductor.com/dqrivals/c/d/788
cost2_unit_random_pool,おおドラキー,2,2,2,僧侶,なし,REVIEW_NAME_MENTIONED_ONLY,yes,no,ねらい撃ち、召喚時：味方ヒーローがいる場合2/1のドラキーを1体出す,https://gameconductor.com/dqrivals/c/d/844
cost2_unit_random_pool,おにびドングリ,2,2,2,魔剣士,なし,REVIEW_NAME_MENTIONED_ONLY,yes,no,召喚時:このターン中ユニットが死亡しているなら魔力開放1枚を手札に加える,https://gameconductor.com/dqrivals/c/d/1300
cost2_unit_random_pool,おばけキノコ,2,2,2,共通,なし,OK_TRACKED_IMPLEMENTED,yes,yes,死亡時：ランダムな敵1体を次のターン攻撃不能にする,https://gameconductor.com/dqrivals/c/d/49
cost2_unit_random_pool,おばけパラソル,2,2,2,商人,なし,OK_TRACKED_IMPLEMENTED,yes,yes,れんけい：敵1体に2ダメージ,https://gameconductor.com/dqrivals/c/d/1282
cost2_unit_random_pool,おむつっこり,2,3,2,共通,なし,OK_TRACKED_IMPLEMENTED,yes,yes,召喚時：HPを2回復,https://gameconductor.com/dqrivals/c/d/56
cost2_unit_random_pool,かくれんぼう,2,2,2,共通,なし,REVIEW_NAME_MENTIONED_ONLY,yes,no,ステルス、れんけい：カードを1枚引く,https://gameconductor.com/dqrivals/c/d/1329
cost2_unit_random_pool,かまいたち,2,2,2,共通,なし,OK_TRACKED_IMPLEMENTED,yes,yes,召喚時：前列にいる他の全てのユニットに1ダメージ,https://gameconductor.com/dqrivals/c/d/1232
cost2_unit_random_pool,かれくさネズミ,2,2,1,商人,なし,OK_TRACKED_IMPLEMENTED,yes,yes,味方ヒーローのヒーロースキルが発動する度メタルスライムを1体出す,https://gameconductor.com/dqrivals/c/d/742
cost2_unit_random_pool,きめんどうし,2,2,3,占い師,なし,REVIEW_NAME_MENTIONED_ONLY,yes,no,召喚時：自分のデッキの上からカードを2枚見る。1枚をデッキの上に戻し残りをデッキの下に戻す。,https://gameconductor.com/dqrivals/c/d/319
cost2_unit_random_pool,きりかぶおばけ,2,2,2,僧侶,なし,REVIEW_NAME_MENTIONED_ONLY,yes,no,召喚時：GET(1)。BET：1ターンに1回のみ、他のランダムな味方ユニットのHP+2。,https://gameconductor.com/dqrivals/c/d/1124
cost2_unit_random_pool,くしざしツインズ,2,1,2,共通,なし,OK_TRACKED_IMPLEMENTED,yes,yes,味方リーダーの武器の攻撃力+1,https://gameconductor.com/dqrivals/c/d/96
cost2_unit_random_pool,くものきょじん,2,2,3,商人,なし,OK_TRACKED_IMPLEMENTED,yes,yes,死亡時:死亡したマスの地形を宝箱に変える。 この効果で地形の上書きはできない。,https://gameconductor.com/dqrivals/c/d/481
cost2_unit_random_pool,くらやみハーピー,2,2,2,共通,なし,REVIEW_NAME_MENTIONED_ONLY,yes,no,召喚時：ユニット1体のHPを攻撃力と同じ値にする,https://gameconductor.com/dqrivals/c/d/1027
cost2_unit_random_pool,しにがみ,2,1,2,共通,ゾンビ,OK_TRACKED_IMPLEMENTED,yes,yes,2回攻撃,https://gameconductor.com/dqrivals/c/d/45
cost2_unit_random_pool,しびれだんびら,2,3,2,盗賊,なし,OK_TRACKED_IMPLEMENTED,yes,yes,召喚時:味方リーダーが装備中の武器に耐久力+1と「攻撃した敵ユニットを次のターン終了時まで攻撃不能にする」を付与する,https://gameconductor.com/dqrivals/c/d/1313
cost2_unit_random_pool,しましまキャット,2,2,2,商人,なし,REVIEW_NAME_MENTIONED_ONLY,yes,no,召喚時&死亡時：しあわせのたね1枚を手札に加える,https://gameconductor.com/dqrivals/c/d/1522
cost2_unit_random_pool,しりょうのきし,2,2,3,共通,ゾンビ,OK_TRACKED_IMPLEMENTED,yes,yes,召喚時：敵リーダーが装備中の武器を-1/-1,https://gameconductor.com/dqrivals/c/d/1458
cost2_unit_random_pool,しんぴのよろい,2,0,0,僧侶,なし,OK_TRACKED_IMPLEMENTED,yes,yes,この対戦の間味方リーダーは「自分のターン終了時味方リーダーのHPを2回復する」を得る,https://gameconductor.com/dqrivals/c/d/1154
cost2_unit_random_pool,じごくのハサミ,2,3,2,戦士,なし,OK_TRACKED_IMPLEMENTED,yes,yes,絶好調、このユニットが絶好調状態なら相手のターン中このユニットが受けるダメージは1になる。,https://gameconductor.com/dqrivals/c/d/867
cost2_unit_random_pool,じんめんじゅ,2,1,4,共通,なし,OK_TRACKED_IMPLEMENTED,yes,yes,自分のターン終了時このユニットのHPを1回復,https://gameconductor.com/dqrivals/c/d/46
cost2_unit_random_pool,たけやりへい,2,2,2,共通,なし,REVIEW_NAME_MENTIONED_ONLY,yes,no,召喚時：このターン中ユニット1体の攻撃力+2,https://gameconductor.com/dqrivals/c/d/51
cost2_unit_random_pool,たんすミミック,2,2,2,商人,なし,OK_TRACKED_IMPLEMENTED,yes,yes,召喚時：このカード以外の自分の手札が6枚以上ある場合敵ユニット1体をコストが1低いランダムなユニットに変身させる。,https://gameconductor.com/dqrivals/c/d/1523
cost2_unit_random_pool,だんごスライム,2,2,1,魔法使い,スライム,OK_TRACKED_IMPLEMENTED,yes,yes,召喚時：カードを2枚引く。その後手札を2枚捨てる,https://gameconductor.com/dqrivals/c/d/611
cost2_unit_random_pool,つむりんママ,2,1,4,共通,スライム,REVIEW_NAME_MENTIONED_ONLY,yes,no,このユニットを除くスライム系の味方ユニットの攻撃力+1,https://gameconductor.com/dqrivals/c/d/1173
cost2_unit_random_pool,とうろうへい,2,3,1,戦士,なし,REVIEW_NAME_MENTIONED_ONLY,yes,no,召喚時：このターン中味方リーダーの攻撃力+1,https://gameconductor.com/dqrivals/c/d/169
cost2_unit_random_pool,とさかヘビ,2,2,2,共通,ドラゴン,REVIEW_NAME_MENTIONED_ONLY,yes,no,召喚時：自分のデッキの上からカード4枚を見る。ドラゴン系のカードを1枚選びそれを引く。残りをデッキの下に戻す。,
cost2_unit_random_pool,とつげきこぞう,2,3,4,共通,なし,OK_TRACKED_IMPLEMENTED,yes,yes,正面に敵ユニットが1体もいない場合攻撃できない。,https://gameconductor.com/dqrivals/c/d/538
cost2_unit_random_pool,とらおとこ,2,3,2,共通,なし,REVIEW_NAME_MENTIONED_ONLY,yes,no,召喚時:地形マスに召喚された場合+1/+1,https://gameconductor.com/dqrivals/c/d/509
cost2_unit_random_pool,どくどくゾンビ,2,3,2,共通,ゾンビ,REVIEW_NAME_MENTIONED_ONLY,yes,no,召喚時：ゾンビ系の味方ユニット1体を+1/+1,https://gameconductor.com/dqrivals/c/d/602
cost2_unit_random_pool,どくやずきん,2,2,3,魔剣士,なし,OK_TRACKED_IMPLEMENTED,yes,yes,相手がデッキからカードを手札に加える度的リーダーに1ダメージ,https://gameconductor.com/dqrivals/c/d/531
cost2_unit_random_pool,どくろあらい,2,0,0,武闘家,なし,REVIEW_NAME_MENTIONED_ONLY,yes,no,攻撃対象が敵リーダーの場合このターン中攻撃力+2,https://gameconductor.com/dqrivals/c/d/235
cost2_unit_random_pool,どくイモムシ,2,2,1,共通,なし,OK_TRACKED_IMPLEMENTED,yes,yes,死亡時：ランダムな敵ユニット1体を毒にする,https://gameconductor.com/dqrivals/c/d/57
cost2_unit_random_pool,どんぐりベビー,2,2,3,僧侶,なし,OK_TRACKED_IMPLEMENTED,yes,yes,味方リーダーのHPが回復する度カードを1枚引く,https://gameconductor.com/dqrivals/c/d/265
cost2_unit_random_pool,はえおとこ,2,3,3,共通,なし,REVIEW_NAME_MENTIONED_ONLY,yes,no,死亡時：相手リーダーのテンション+1,https://gameconductor.com/dqrivals/c/d/380
cost2_unit_random_pool,はなカワセミ,2,2,3,共通,なし,REVIEW_NAME_MENTIONED_ONLY,yes,no,パワフルバッジ：スライム系のユニットカードを使う度味方リーダーのHPを1回復,https://gameconductor.com/dqrivals/c/d/577
cost2_unit_random_pool,はねスライム,2,2,3,武闘家,スライム,OK_TRACKED_IMPLEMENTED,yes,yes,召喚時：スライム系の味方ユニット1体手札に戻す。 その後2回攻撃を得る。,https://gameconductor.com/dqrivals/c/d/656
cost2_unit_random_pool,ひとくいサーベル,2,3,2,戦士,なし,OK_TRACKED_IMPLEMENTED,yes,yes,味方リーダーの攻撃で敵ユニットを倒す度敵リーダーに1ダメージ,https://gameconductor.com/dqrivals/c/d/174
cost2_unit_random_pool,ひとつめピエロ,2,0,4,魔法使い,なし,OK_TRACKED_IMPLEMENTED,yes,yes,テンションリンク：ランダムな敵ユニット1体に1ダメージ,https://gameconductor.com/dqrivals/c/d/207
cost2_unit_random_pool,ぷちメタル,2,1,2,商人,スライム,REVIEW_NAME_MENTIONED_ONLY,yes,no,メタルボディ、BET:1ターンに1回のみ攻撃力+1と速攻を得る、自分のターン終了時GET(1)、この効果は一度しか発動しない,https://gameconductor.com/dqrivals/c/d/1200
cost2_unit_random_pool,ほしふるうでわ,2,0,0,武闘家,なし,REVIEW_NAME_MENTIONED_ONLY,yes,no,ユニット1体に「攻撃力が4以下の間速攻と2回攻撃を得る」を付与する,https://gameconductor.com/dqrivals/c/d/1151
cost2_unit_random_pool,まおうのかめん,2,2,3,共通,なし,REVIEW_NAME_MENTIONED_ONLY,yes,no,このカードは場と手札にある間魔王系としても扱う。 召喚時:自分の手札に魔王系カードがあるならステルスを得る,https://gameconductor.com/dqrivals/c/d/1459
cost2_unit_random_pool,まおうのたまご,2,2,1,共通,スライム,REVIEW_NAME_MENTIONED_ONLY,yes,no,死亡時：自分のデッキから本来のコストが5以上の魔王系のユニットカードをランダムに1枚手札に加える,https://gameconductor.com/dqrivals/c/d/1030
cost2_unit_random_pool,まじゅつし,2,2,2,魔法使い,なし,OK_TRACKED_IMPLEMENTED,yes,yes,死亡時:死亡したマスの地形を魔法陣に変える。この効果で地形の上書きはできない。,https://gameconductor.com/dqrivals/c/d/499
cost2_unit_random_pool,まじょ,2,3,2,魔法使い,なし,OK_TRACKED_IMPLEMENTED,yes,yes,選択：・魔法使いの特技カードをランダムに1枚手札に加える・魔力の息吹を1枚手札に加える,https://gameconductor.com/dqrivals/c/d/1492
cost2_unit_random_pool,まどうし,2,1,4,魔法使い,なし,REVIEW_NAME_MENTIONED_ONLY,yes,no,攻撃時：このターン中特技ダメージ+1を得る,https://gameconductor.com/dqrivals/c/d/990
cost2_unit_random_pool,まものつかい,2,3,1,共通,なし,OK_TRACKED_IMPLEMENTED,yes,yes,死亡時:自分のデッキからパワフルバッジを持つユニットを1枚引く,https://gameconductor.com/dqrivals/c/d/598
cost2_unit_random_pool,みみずん,2,2,3,共通,なし,OK_TRACKED_IMPLEMENTED,yes,yes,召喚時：味方建物1つを手札に戻す,https://gameconductor.com/dqrivals/c/d/1330
cost2_unit_random_pool,むつでエビ,2,2,3,共通,なし,REVIEW_NAME_MENTIONED_ONLY,yes,no,召喚時:相手の手札が3枚以下の場合HP+1とにおうだちを得る,https://gameconductor.com/dqrivals/c/d/424
cost2_unit_random_pool,ももんじゃ,2,2,2,共通,なし,OK_TRACKED_IMPLEMENTED,yes,yes,召喚時：敵ユニット１体につきHP+1,https://gameconductor.com/dqrivals/c/d/58
cost2_unit_random_pool,もりもりベス,2,2,3,武闘家,スライム,REVIEW_NAME_MENTIONED_ONLY,yes,no,れんけい：味方の1マスを選択し、2/1のスライムベスを1体出す。,https://gameconductor.com/dqrivals/c/d/1266
cost2_unit_random_pool,やみのとうぞく,2,3,1,盗賊,なし,REVIEW_NAME_MENTIONED_ONLY,yes,no,召喚時:相手のデッキのランダムなカードと同じカード1枚を手札に加える,https://gameconductor.com/dqrivals/c/d/1427
cost2_unit_random_pool,よるのていおう,2,2,2,共通,なし,REVIEW_NAME_MENTIONED_ONLY,yes,no,テンションリンク：後列にいるランダムな敵ユニット1体を前列のランダムな空きマスに移動させる,https://gameconductor.com/dqrivals/c/d/62
cost2_unit_random_pool,わたぼう,2,2,2,共通,なし,REVIEW_NAME_MENTIONED_ONLY,yes,no,ターンを終了したプレイヤーはカードを1枚引く,https://gameconductor.com/dqrivals/c/d/145
cost2_unit_random_pool,わらいぶくろ,2,1,2,共通,なし,REVIEW_NAME_MENTIONED_ONLY,yes,no,召喚時：カードを1枚引く,https://gameconductor.com/dqrivals/c/d/20
cost2_unit_random_pool,アルゴリザード,2,1,2,戦士,ドラゴン,REVIEW_NAME_MENTIONED_ONLY,yes,no,速攻、れんけい：敵ユニット1体に2ダメージ,https://gameconductor.com/dqrivals/c/d/1246
cost2_unit_random_pool,アロードッグ,2,3,1,商人,なし,OK_TRACKED_IMPLEMENTED,yes,yes,召喚時：このカード以外の自分の手札が6枚以上ある場合敵1体に2ダメージ,https://gameconductor.com/dqrivals/c/d/443
cost2_unit_random_pool,イエローシックル,2,1,4,共通,なし,REVIEW_NAME_MENTIONED_ONLY,yes,no,正面にいるユニットと戦闘をする場合このターン中攻撃力+2,https://gameconductor.com/dqrivals/c/d/61
cost2_unit_random_pool,イノブタマン,2,2,2,共通,なし,OK_TRACKED_IMPLEMENTED,yes,yes,召喚時：このターン中味方ユニット1体に攻撃力+3と「敵リーダーを攻撃できない」を付与する,https://gameconductor.com/dqrivals/c/d/973
cost2_unit_random_pool,インプ,2,2,3,占い師,なし,REVIEW_NAME_MENTIONED_ONLY,yes,no,召喚時：GET(1)。BET：デッキの一番上が偶数コストなら敵リーダーに2ダメージ。このユニットへのBETは1ターン1回,https://gameconductor.com/dqrivals/c/d/1162
cost2_unit_random_pool,エビルアップル,2,2,1,共通,なし,OK_TRACKED_IMPLEMENTED,yes,yes,味方のヒーロースキルが発動したターン中手札にあるこのユニットのコスト-2,https://gameconductor.com/dqrivals/c/d/860
cost2_unit_random_pool,エビルスピリッツ,2,2,3,戦士,ゾンビ,OK_TRACKED_IMPLEMENTED,yes,yes,ステルス、このユニットの攻撃は味方リーダーの攻撃としても扱う,https://gameconductor.com/dqrivals/c/d/838
cost2_unit_random_pool,エビルポット,2,1,2,共通,なし,REVIEW_NAME_MENTIONED_ONLY,yes,no,熟練度(0)、おうえん、死亡時:自分のデッキの上7枚から熟練度を持つカードを1枚引く。残りをデッキの下に戻す。(2)攻撃力+1,https://gameconductor.com/dqrivals/c/d/1582
cost2_unit_random_pool,エマ,2,1,2,盗賊,冒険者,REVIEW_NAME_MENTIONED_ONLY,yes,no,召喚時:次の相手のターン終了時までステルスを得る。味方リーダーが攻撃した後やくそうを手札に加え味方リーダーのMPを1回復,https://gameconductor.com/dqrivals/c/d/1311
cost2_unit_random_pool,オコボルト,2,3,2,共通,なし,REVIEW_NAME_MENTIONED_ONLY,yes,no,におうだち、召喚時：敵リーダーがパワフルバッジを持つ場合+2/+2,https://gameconductor.com/dqrivals/c/d/761
cost2_unit_random_pool,オベルジーヌ,2,2,2,僧侶,なし,OK_TRACKED_IMPLEMENTED,yes,yes,味方ユニットのHPが回復する度+1/+1,https://gameconductor.com/dqrivals/c/d/1276
cost2_unit_random_pool,オーク,2,2,3,共通,なし,OK_GENERIC_BASIC_KEYWORD,no,no,貫通,https://gameconductor.com/dqrivals/c/d/48
cost2_unit_random_pool,カンダタこぶん,2,3,2,武闘家,なし,REVIEW_NAME_MENTIONED_ONLY,yes,no,召喚時：GET(1)。BET：このターン中、次に使用するテンションカードのコストが0になる。,https://gameconductor.com/dqrivals/c/d/1149
cost2_unit_random_pool,キメラ,2,3,2,共通,なし,OK_TRACKED_IMPLEMENTED,yes,yes,召喚時：ユニット1体の位置を前後に入れ替える,https://gameconductor.com/dqrivals/c/d/93
cost2_unit_random_pool,キラーG,2,2,2,戦士,なし,REVIEW_NAME_MENTIONED_ONLY,yes,no,貫通、ステルス、死亡時：味方建物があるならカードを1枚引く,https://gameconductor.com/dqrivals/c/d/1341
cost2_unit_random_pool,キラークラブ,2,2,3,盗賊,なし,OK_TRACKED_IMPLEMENTED,yes,yes,召喚時:味方リーダーが装備中の武器に「この武器で攻撃した時の反撃ダメージ-2」を付与する,https://gameconductor.com/dqrivals/c/d/1312
cost2_unit_random_pool,キラーグース,2,3,3,占い師,なし,REVIEW_NAME_MENTIONED_ONLY,yes,no,おうえん、召喚時：相手は50%の確率でカードを1枚引く,https://gameconductor.com/dqrivals/c/d/397
cost2_unit_random_pool,キーファ,2,3,2,商人,冒険者,OK_TRACKED_IMPLEMENTED,yes,yes,死亡時:自分がこのユニットに使った特技カード全てを自分の手札に加える。,https://gameconductor.com/dqrivals/c/d/493
cost2_unit_random_pool,ギズモ,2,2,2,戦士,なし,REVIEW_NAME_MENTIONED_ONLY,yes,no,召喚時：GET(1) BET:正面にいる全ての敵ユニットに1ダメージ,https://gameconductor.com/dqrivals/c/d/1099
cost2_unit_random_pool,クックルー,2,3,2,商人,なし,REVIEW_NAME_MENTIONED_ONLY,yes,no,死亡時：道具カード1枚を手札に加える,https://gameconductor.com/dqrivals/c/d/295
cost2_unit_random_pool,クロウズ,2,2,3,占い師,冒険者,REVIEW_NAME_MENTIONED_ONLY,yes,no,召喚時:味方リーダーは必中モードになる。攻撃時:デッキの1番上のカードを見てデッキの一番下に移動させることができる。,https://gameconductor.com/dqrivals/c/d/829
cost2_unit_random_pool,グリズリー,2,3,2,武闘家,なし,REVIEW_NAME_MENTIONED_ONLY,yes,no,召喚時:味方リーダーのテンションの数以下の攻撃力を持つ前列の味方ユニット1体を相手の手札に戻す。,https://gameconductor.com/dqrivals/c/d/519
cost2_unit_random_pool,グリーンシザー,2,1,4,戦士,なし,OK_TRACKED_IMPLEMENTED,yes,yes,正面にいるユニットと戦闘をする場合このターン攻撃力+3、味方冒険者が場に出た後そのユニットの前後に移動する,https://gameconductor.com/dqrivals/c/d/1561
cost2_unit_random_pool,ケダモン,2,1,3,商人,なし,REVIEW_NAME_MENTIONED_ONLY,yes,no,速攻、召喚時:このターン中味方リーダーが攻撃力+1を得る,https://gameconductor.com/dqrivals/c/d/929
cost2_unit_random_pool,ケンタラウス,2,2,3,僧侶,なし,OK_TRACKED_IMPLEMENTED,yes,yes,召喚時：味方ヒーローがいる場合このターン中味方リーダーは攻撃力+1を得る,https://gameconductor.com/dqrivals/c/d/875
cost2_unit_random_pool,コープスフライ,2,2,2,共通,ゾンビ,OK_TRACKED_IMPLEMENTED,yes,yes,前列にいる場合両プレイヤーのユニットカードのコスト+1,https://gameconductor.com/dqrivals/c/d/95
cost2_unit_random_pool,ゴールドタヌ,2,2,2,共通,なし,OK_TRACKED_IMPLEMENTED,yes,yes,召喚時:宝の地図1枚を手札に加える,https://gameconductor.com/dqrivals/c/d/1583
cost2_unit_random_pool,サイおとこ,2,1,4,共通,なし,OK_GENERIC_BASIC_KEYWORD,no,no,におうだち,https://gameconductor.com/dqrivals/c/d/537
cost2_unit_random_pool,サタンパピー,2,2,1,魔剣士,なし,REVIEW_NAME_MENTIONED_ONLY,yes,no,召喚時:このターン中ユニットが死亡しているなら敵ユニット1体を-2/-2,https://gameconductor.com/dqrivals/c/d/1542
cost2_unit_random_pool,サボテンボール,2,3,1,共通,なし,OK_TRACKED_IMPLEMENTED,yes,yes,テンションリンク：お互いのリーダーに1ダメージ,https://gameconductor.com/dqrivals/c/d/379
cost2_unit_random_pool,サンダーラット,2,1,4,武闘家,なし,OK_TRACKED_IMPLEMENTED,yes,yes,テンションリンク：敵リーダーに1ダメージ,https://gameconductor.com/dqrivals/c/d/1360
cost2_unit_random_pool,サーベルきつね,2,2,2,共通,なし,OK_TRACKED_IMPLEMENTED,yes,yes,上下にいるユニットの攻撃力+1,https://gameconductor.com/dqrivals/c/d/47
cost2_unit_random_pool,ザイル,2,3,2,盗賊,なし,REVIEW_NAME_MENTIONED_ONLY,yes,no,死亡時&手札から捨てた時:はるかぜのフルートを1枚手札に加える,https://gameconductor.com/dqrivals/c/d/1408
cost2_unit_random_pool,シャドー,2,3,2,共通,なし,OK_TRACKED_IMPLEMENTED,yes,yes,このユニットは効果の対象にならない。,https://gameconductor.com/dqrivals/c/d/43
cost2_unit_random_pool,シャール,2,2,3,僧侶,冒険者,OK_TRACKED_IMPLEMENTED,yes,yes,味方ユニットのHPが回復する度他のランダムな味方ユニット1体を+1/+1,https://gameconductor.com/dqrivals/c/d/1278
cost2_unit_random_pool,シールドこぞう,2,2,2,共通,なし,OK_GENERIC_BASIC_KEYWORD,no,no,におうだち,https://gameconductor.com/dqrivals/c/d/7
cost2_unit_random_pool,ジャイアントバット,2,2,2,武闘家,なし,OK_TRACKED_IMPLEMENTED,yes,yes,召喚時：このユニットにさくせんを出す。自分のターン中このユニットが戦闘ダメージを与えた敵を次のターン終了時まで攻撃不能にする,https://gameconductor.com/dqrivals/c/d/1361
cost2_unit_random_pool,ジュエルン,2,1,1,僧侶,なし,REVIEW_NAME_MENTIONED_ONLY,yes,no,召喚時：自分のデッキからコスト3以下の建物カードを1枚引く。そのカードのコストを-1,https://gameconductor.com/dqrivals/c/d/1368
cost2_unit_random_pool,スカルガルー,2,2,2,共通,なし,OK_TRACKED_IMPLEMENTED,yes,yes,前列にいる場合自分がデッキからカードを手札に加える度攻撃力+1,https://gameconductor.com/dqrivals/c/d/832
cost2_unit_random_pool,スキッパー,2,2,2,占い師,なし,OK_TRACKED_IMPLEMENTED,yes,yes,テンションリンク：デッキの一番上のカードのコストが奇数ならそのカードを手札に加える。,https://gameconductor.com/dqrivals/c/d/324
cost2_unit_random_pool,スノーベビー,2,3,2,盗賊,なし,OK_TRACKED_IMPLEMENTED,yes,yes,召喚時：ダメージを受けている敵ユニット1体に2ダメージ,https://gameconductor.com/dqrivals/c/d/1428
cost2_unit_random_pool,スノーム,2,1,2,盗賊,スライム,REVIEW_NAME_MENTIONED_ONLY,yes,no,ステルス、召喚時：スノームを1体出す,https://gameconductor.com/dqrivals/c/d/1553
cost2_unit_random_pool,スノーモン,2,2,3,魔法使い,なし,REVIEW_NAME_MENTIONED_ONLY,yes,no,死亡時：敵のランダムな空きマスに氷塊を1つ出す,https://gameconductor.com/dqrivals/c/d/451
cost2_unit_random_pool,スピンサタン,2,3,2,占い師,なし,REVIEW_NAME_MENTIONED_ONLY,yes,no,召喚時:自分が次に使用する占いカードは発動する効果を選べる 味方リーダーが必中モードの場合手札のこのカードのコスト-1,https://gameconductor.com/dqrivals/c/d/1292
cost2_unit_random_pool,スライムスノー,2,2,2,魔法使い,スライム,REVIEW_NAME_MENTIONED_ONLY,yes,no,召喚時：自分のデッキにメラ系の特技カードが無いならこのユニットは特技ダメージ+1を得る。その後カードを1枚引く,https://gameconductor.com/dqrivals/c/d/1255
cost2_unit_random_pool,ズッキーニャ,2,2,2,戦士,なし,OK_TRACKED_IMPLEMENTED,yes,yes,召喚時:召喚されたマスの地形を刃の紋章に変える。この効果で地形の上書きはできない。,https://gameconductor.com/dqrivals/c/d/504
cost2_unit_random_pool,ソードファントム,2,2,2,商人,ゾンビ,REVIEW_NAME_MENTIONED_ONLY,yes,no,シンクロ:①ステルス、②死亡時:全てのユニットに1ダメージ、③攻撃力+2,https://gameconductor.com/dqrivals/c/d/963
cost2_unit_random_pool,タイガーランス,2,3,3,共通,なし,OK_TRACKED_IMPLEMENTED,yes,yes,召喚時：指定の敵マスに1/1のスライムを1体出す,https://gameconductor.com/dqrivals/c/d/1116
cost2_unit_random_pool,タイプG,2,1,1,商人,なし,REVIEW_NAME_MENTIONED_ONLY,yes,no,スキルブースト:+1/+1、自身の攻撃力にあわせて場にいる間、以下の効果を得る。 攻撃力3以上:貫通、攻撃力5以上:ねらい撃ち、攻撃力10以上:2回攻撃,https://gameconductor.com/dqrivals/c/d/1283
cost2_unit_random_pool,ダックカイト,2,3,4,魔剣士,なし,OK_TRACKED_IMPLEMENTED,yes,yes,召喚時:召喚されたマスの地形をバリア床に変える。 この効果は地形の上書きはできない。,https://gameconductor.com/dqrivals/c/d/497
cost2_unit_random_pool,ダンスニードル,2,1,4,戦士,なし,REVIEW_NAME_MENTIONED_ONLY,yes,no,貫通、貫通を持つ他の全ての味方ユニットの攻撃力+1,https://gameconductor.com/dqrivals/c/d/948
cost2_unit_random_pool,ダークプラネット,2,3,2,共通,なし,REVIEW_NAME_MENTIONED_ONLY,yes,no,選択：・ダンジョンではない敵建物１つの耐久値を2にする。・ダンジョンではない敵建物1つの耐久値を-2,https://gameconductor.com/dqrivals/c/d/1460
cost2_unit_random_pool,ダークホビット,2,2,3,共通,なし,REVIEW_NAME_MENTIONED_ONLY,yes,no,熟練度(0)、(3)におうだち+1/+1,https://gameconductor.com/dqrivals/c/d/1580
cost2_unit_random_pool,チャゴス王子,2,2,2,僧侶,冒険者,REVIEW_NAME_MENTIONED_ONLY,yes,no,召喚時：GET(1)。BET：速攻を得る。このユニットが攻撃対象として選択された時、手札に戻る,https://gameconductor.com/dqrivals/c/d/1182
cost2_unit_random_pool,チョコタワー,2,2,2,共通,スライム,REVIEW_NAME_MENTIONED_ONLY,yes,no,召喚時：自分の手札から1枚選んで捨てた後カードを1枚引く,https://gameconductor.com/dqrivals/c/d/1328
cost2_unit_random_pool,テンツク,2,2,3,僧侶,なし,OK_TRACKED_IMPLEMENTED,yes,yes,死亡時:死亡したマスの地形を祝福の聖域に変える。 この効果で地形の上書きはできない。,https://gameconductor.com/dqrivals/c/d/522
cost2_unit_random_pool,デスフラッター,2,1,2,魔法使い,なし,REVIEW_NAME_MENTIONED_ONLY,yes,no,召喚時：自分のデッキの上からカード4枚を見る。ユニットカード以外のカードを1枚選び、それを引く。残りをデッキの下に戻す,https://gameconductor.com/dqrivals/c/d/1350
cost2_unit_random_pool,デッドペッカー,2,1,2,共通,なし,REVIEW_NAME_MENTIONED_ONLY,yes,no,絶好調、速攻、このユニットが絶好調状態なら攻撃力+1を得る,https://gameconductor.com/dqrivals/c/d/914
cost2_unit_random_pool,デビルパピヨン,2,2,2,魔剣士,なし,REVIEW_NAME_MENTIONED_ONLY,yes,no,召喚時：GET(1)。BET：ランダムな敵ユニット1体を毒にする,https://gameconductor.com/dqrivals/c/d/1134
cost2_unit_random_pool,トンネラー,2,1,3,共通,なし,REVIEW_NAME_MENTIONED_ONLY,yes,no,におうだち、れんけい：+1/+1,https://gameconductor.com/dqrivals/c/d/1234
cost2_unit_random_pool,ドラゴスライム,2,2,3,共通,スライム,OK_TRACKED_IMPLEMENTED,yes,yes,召喚時：味方ユニット１体を絶好調状態に戻す,https://gameconductor.com/dqrivals/c/d/857
cost2_unit_random_pool,ドロヌーバ,2,2,3,共通,なし,OK_GENERIC_BASIC_KEYWORD,no,no,ステルス,https://gameconductor.com/dqrivals/c/d/55
cost2_unit_random_pool,ドロル,2,2,3,共通,ゾンビ,OK_EFFECT_NONE,no,no,,https://gameconductor.com/dqrivals/c/d/576
cost2_unit_random_pool,ナイトウィスプ,2,2,2,占い師,なし,OK_EFFECT_NONE,yes,no,,https://gameconductor.com/dqrivals/c/d/1055
cost2_unit_random_pool,ナスビナーラ,2,2,3,共通,なし,OK_TRACKED_IMPLEMENTED,yes,yes,召喚時：ユニット１体を縦1列の中央に移動させる,https://gameconductor.com/dqrivals/c/d/59
cost2_unit_random_pool,ニセたいこう,2,2,3,戦士,なし,REVIEW_NAME_MENTIONED_ONLY,yes,no,召喚時：次に場に出る魔王系の味方ユニットににおうだちを付与する,https://gameconductor.com/dqrivals/c/d/1022
cost2_unit_random_pool,パペットこぞう,2,3,2,占い師,なし,OK_TRACKED_IMPLEMENTED,yes,yes,占い：(1)味方リーダーのテンション-1、(2)+1/+1を得る,https://gameconductor.com/dqrivals/c/d/331
cost2_unit_random_pool,ヒポせんし,2,2,3,共通,なし,OK_TRACKED_IMPLEMENTED,yes,yes,敵リーダーのテンションが上がる度攻撃力+1,https://gameconductor.com/dqrivals/c/d/508
cost2_unit_random_pool,ヒートギズモ,2,2,2,魔剣士,なし,REVIEW_NAME_MENTIONED_ONLY,yes,no,前列召喚時：正面にいる敵ユニットに2ダメージ、後列召喚時：味方リーダーのテンション+1,https://gameconductor.com/dqrivals/c/d/1396
cost2_unit_random_pool,ビッグスロース,2,1,1,武闘家,なし,REVIEW_NAME_MENTIONED_ONLY,yes,no,自分がコスト1以下の手札を使う度+1/+1,https://gameconductor.com/dqrivals/c/d/236
cost2_unit_random_pool,ビッグハンマー,2,2,3,盗賊,なし,OK_TRACKED_IMPLEMENTED,yes,yes,召喚時：自分のデッキから建物カードを1枚手札に加える。その後自分の手札から1枚選んで捨てる,https://gameconductor.com/dqrivals/c/d/1406
cost2_unit_random_pool,ピクシー,2,1,4,共通,なし,OK_GENERIC_BASIC_KEYWORD,no,no,ねらい撃ち,https://gameconductor.com/dqrivals/c/d/536
cost2_unit_random_pool,ピサロのてさき,2,2,1,魔剣士,なし,REVIEW_NAME_MENTIONED_ONLY,yes,no,絶好調、死亡時：このユニットが絶好調状態ならこの場所にピサロナイトを出す,https://gameconductor.com/dqrivals/c/d/887
cost2_unit_random_pool,ピンクモーモン,2,2,3,僧侶,なし,REVIEW_NAME_MENTIONED_ONLY,yes,no,このユニットの攻撃で与えたダメージ分味方リーダーのHPを回復する,https://gameconductor.com/dqrivals/c/d/266
cost2_unit_random_pool,ファーリス王子,2,1,2,戦士,冒険者,OK_TRACKED_IMPLEMENTED,yes,yes,自分のターン終了時このユニットがブロックされているなら味方リーダーのテンション+1、カードを1枚引く,https://gameconductor.com/dqrivals/c/d/1247
cost2_unit_random_pool,フレイム,2,1,1,共通,なし,OK_TRACKED_IMPLEMENTED,yes,yes,前列にいる場合攻撃力+3,https://gameconductor.com/dqrivals/c/d/50
cost2_unit_random_pool,フロッガー,2,3,2,魔法使い,なし,OK_TRACKED_IMPLEMENTED,yes,yes,スライム系の味方ユニットが場に出る度ランダムな敵1体に1ダメージ,https://gameconductor.com/dqrivals/c/d/1187
cost2_unit_random_pool,フーセンドラゴン,2,1,3,僧侶,ドラゴン,REVIEW_NAME_MENTIONED_ONLY,yes,no,におうだち,https://gameconductor.com/dqrivals/c/d/1424
cost2_unit_random_pool,ブチュチュンパ,2,3,2,共通,なし,OK_TRACKED_IMPLEMENTED,yes,yes,召喚時：全ての敵ユニットは絶好調状態ではなくなる。,https://gameconductor.com/dqrivals/c/d/858
cost2_unit_random_pool,ブライ,2,1,3,武闘家,冒険者,OK_TRACKED_IMPLEMENTED,yes,yes,特技ダメージ+1、召喚時：このターン味方1体の攻撃力+2,https://gameconductor.com/dqrivals/c/d/1047
cost2_unit_random_pool,ブラックマンティス,2,1,4,僧侶,なし,REVIEW_NAME_MENTIONED_ONLY,yes,no,におうだち、召喚時：敵ユニット1体の攻撃力-1,https://gameconductor.com/dqrivals/c/d/1087
cost2_unit_random_pool,ブラッドソード,2,2,2,戦士,なし,REVIEW_NAME_MENTIONED_ONLY,yes,no,死亡時：味方ヒーローがいる場合自分のデッキからコスト2以下の武器を装備する。,https://gameconductor.com/dqrivals/c/d/794
cost2_unit_random_pool,プオーン,2,3,2,武闘家,なし,REVIEW_NAME_MENTIONED_ONLY,yes,no,召喚時：自分のデッキからコストが最も高い武闘家のカードを手札に1枚加える,https://gameconductor.com/dqrivals/c/d/902
cost2_unit_random_pool,プチヒーロー,2,2,2,共通,なし,REVIEW_NAME_MENTIONED_ONLY,yes,no,シンクロ:①HP+1、②攻撃力+1、③HP+1,https://gameconductor.com/dqrivals/c/d/912
cost2_unit_random_pool,プテラノドン,2,2,1,共通,なし,REVIEW_NAME_MENTIONED_ONLY,yes,no,死亡時：自分のデッキからコストが4以下の冒険者カードをランダムに1枚手札に加える,https://gameconductor.com/dqrivals/c/d/978
cost2_unit_random_pool,プヨンターゲット,2,2,3,占い師,なし,REVIEW_NAME_MENTIONED_ONLY,yes,no,におうだち,https://gameconductor.com/dqrivals/c/d/813
cost2_unit_random_pool,プラズママウス,2,3,2,武闘家,なし,REVIEW_NAME_MENTIONED_ONLY,yes,no,味方ヒーローがいる場合速攻を得る,https://gameconductor.com/dqrivals/c/d/798
cost2_unit_random_pool,プークプック,2,1,3,共通,なし,OK_TRACKED_IMPLEMENTED,yes,yes,前後にいる味方ユニットの攻撃力+1,https://gameconductor.com/dqrivals/c/d/52
cost2_unit_random_pool,ヘルコンドル,2,3,1,共通,なし,OK_GENERIC_BASIC_KEYWORD,no,no,ねらい撃ち,https://gameconductor.com/dqrivals/c/d/60
cost2_unit_random_pool,ヘルホーネット,2,2,2,商人,なし,OK_TRACKED_IMPLEMENTED,yes,yes,召喚時：味方ユニット1体の攻撃力+1,https://gameconductor.com/dqrivals/c/d/287
cost2_unit_random_pool,ヘンリー,2,2,3,商人,冒険者,OK_TRACKED_IMPLEMENTED,yes,yes,シンクロ：(1)HP+1、(2)味方のヒーロースキルのコストは1下がる、(3)味方のヒーロースキルを1ターンに2回まで発動できる,https://gameconductor.com/dqrivals/c/d/1524
cost2_unit_random_pool,ベビーサタン,2,3,2,魔剣士,なし,OK_TRACKED_IMPLEMENTED,yes,yes,テンションリンク：自分と相手の最大MPが1増える,https://gameconductor.com/dqrivals/c/d/346
cost2_unit_random_pool,ベビーパンサー,2,2,2,共通,なし,OK_GENERIC_BASIC_KEYWORD,no,no,おうえん,https://gameconductor.com/dqrivals/c/d/432
cost2_unit_random_pool,ベホイミスライム,2,2,3,共通,スライム,REVIEW_NAME_MENTIONED_ONLY,yes,no,死亡時：GET(1)、BET：1ターンに1回のみ味方リーダーのHPを2回復,https://gameconductor.com/dqrivals/c/d/1115
cost2_unit_random_pool,ベロニャーゴ,2,1,3,共通,なし,REVIEW_NAME_MENTIONED_ONLY,yes,no,れんけい：HP+1、味方リーダーが攻撃した後1/1のプリスニャンを1体出す,https://gameconductor.com/dqrivals/c/d/1231
cost2_unit_random_pool,ホイミスライム,2,1,3,共通,スライム,REVIEW_NAME_MENTIONED_ONLY,yes,no,自分のターン終了時ダメージを受けている他の味方1体のHPを2回復,https://gameconductor.com/dqrivals/c/d/44
cost2_unit_random_pool,ホミロン軍曹,2,1,3,共通,スライム,OK_TRACKED_IMPLEMENTED,yes,yes,召喚時：合計2ダメージを正面のランダムな敵マスに割り振る。このユニットを除くスライム系のみかたユニットの数分ダメージ+1,https://gameconductor.com/dqrivals/c/d/606
cost2_unit_random_pool,ホワイトビート,2,2,3,共通,なし,OK_TRACKED_IMPLEMENTED,yes,yes,ヒーロースキルを1ターンに2回まで発動できるようになる,https://gameconductor.com/dqrivals/c/d/834
cost2_unit_random_pool,ボックススライム,2,1,3,魔法使い,スライム,REVIEW_NAME_MENTIONED_ONLY,yes,no,召喚時：GET(1)、BET：以下の効果からランダムに1つ発動する。(1):カードを1枚引く、(2):HP+1、(3):味方リーダーのテンション+1,https://gameconductor.com/dqrivals/c/d/1145
cost2_unit_random_pool,ボーンバット,2,3,4,僧侶,ゾンビ,OK_TRACKED_IMPLEMENTED,yes,yes,召喚時：このユニットに2ダメージを与える,https://gameconductor.com/dqrivals/c/d/264
cost2_unit_random_pool,ポイズンリザード,2,3,2,共通,なし,REVIEW_NAME_MENTIONED_ONLY,yes,no,絶好調、このユニットが絶好調状態ならダメージを与えたユニットを毒にする,https://gameconductor.com/dqrivals/c/d/915
cost2_unit_random_pool,ポンポコだぬき,2,3,2,共通,なし,REVIEW_NAME_MENTIONED_ONLY,yes,no,死亡時：味方リーダーのテンション+1,https://gameconductor.com/dqrivals/c/d/1233
cost2_unit_random_pool,マギール,2,2,3,共通,なし,REVIEW_NAME_MENTIONED_ONLY,yes,no,味方建物があるなら手札のこのカードのコスト-1,https://gameconductor.com/dqrivals/c/d/1331
cost2_unit_random_pool,マクロベータ,2,2,3,僧侶,なし,REVIEW_NAME_MENTIONED_ONLY,yes,no,れんけい:縦1列にいる全てのユニットに1ダメージ,https://gameconductor.com/dqrivals/c/d/1277
cost2_unit_random_pool,マジックフライ,2,1,1,魔法使い,なし,REVIEW_NAME_MENTIONED_ONLY,yes,no,死亡時：自分のデッキから特技カードを1枚引く,https://gameconductor.com/dqrivals/c/d/206
cost2_unit_random_pool,マタンゴ,2,2,3,共通,なし,REVIEW_NAME_MENTIONED_ONLY,yes,no,召喚時：敵リーダーが装備中のコスト4以下の武器を破壊する。,https://gameconductor.com/dqrivals/c/d/833
cost2_unit_random_pool,マッドプラント,2,2,3,武闘家,なし,REVIEW_NAME_MENTIONED_ONLY,yes,no,召喚時：味方ユニット1体を次の相手のターン中ステルスにする,https://gameconductor.com/dqrivals/c/d/926
cost2_unit_random_pool,マドルーパー,2,2,2,共通,なし,REVIEW_NAME_MENTIONED_ONLY,yes,no,このユニットは戦闘ダメージのみ受ける,https://gameconductor.com/dqrivals/c/d/976
cost2_unit_random_pool,マヒャドフライ,2,1,4,共通,なし,REVIEW_NAME_MENTIONED_ONLY,yes,no,敵リーダーにダメージを与えた時相手の手札にうまのふんを加える。,https://gameconductor.com/dqrivals/c/d/637
cost2_unit_random_pool,マリンスライム,2,2,3,武闘家,スライム,OK_TRACKED_IMPLEMENTED,yes,yes,スキルブースト：攻撃力+1,https://gameconductor.com/dqrivals/c/d/766
cost2_unit_random_pool,マーブルン,2,2,1,共通,なし,REVIEW_NAME_MENTIONED_ONLY,yes,no,召喚時：指定の味方マスに1/1のプリズニャンを1体出す,https://gameconductor.com/dqrivals/c/d/1071
cost2_unit_random_pool,マーマンダイン,2,3,2,共通,なし,REVIEW_NAME_MENTIONED_ONLY,yes,no,パワフルバッジ：ドラゴン系のユニットカードを使う度敵リーダーに1ダメージ,https://gameconductor.com/dqrivals/c/d/578
cost2_unit_random_pool,ミステリドール,2,2,3,共通,なし,REVIEW_NAME_MENTIONED_ONLY,yes,no,召喚時:前後のマスにこのユニットがいる地形をコピーする。 この効果で地形の上書きはできない。,https://gameconductor.com/dqrivals/c/d/510
cost2_unit_random_pool,メイジももんじゃ,2,1,2,魔法使い,なし,REVIEW_NAME_MENTIONED_ONLY,yes,no,召喚時：味方ヒーローがいる場合ヒャドを手札に加える,https://gameconductor.com/dqrivals/c/d/747
cost2_unit_random_pool,メイジキメラ,2,2,3,魔法使い,なし,REVIEW_NAME_MENTIONED_ONLY,yes,no,自分が特技を使う度攻撃力+1,https://gameconductor.com/dqrivals/c/d/195
cost2_unit_random_pool,メイジバピラス,2,2,2,占い師,ドラゴン,REVIEW_NAME_MENTIONED_ONLY,yes,no,絶好調、絶好調状態の味方ユニットが攻撃する度自分のデッキから占いカードを1枚引く,https://gameconductor.com/dqrivals/c/d/966
cost2_unit_random_pool,メソコボルト,2,2,3,共通,なし,REVIEW_NAME_MENTIONED_ONLY,yes,no,召喚時：ユニット1体ににおうだちを付与する,https://gameconductor.com/dqrivals/c/d/1172
cost2_unit_random_pool,メタッピー,2,2,3,戦士,なし,REVIEW_NAME_MENTIONED_ONLY,yes,no,テンションリンク：このターン中味方リーダーが受けるダメージ-3,https://gameconductor.com/dqrivals/c/d/173
cost2_unit_random_pool,メタルスライム,2,1,2,共通,スライム,REVIEW_NAME_MENTIONED_ONLY,yes,no,メタルボディ,https://gameconductor.com/dqrivals/c/d/19
cost2_unit_random_pool,メドーサボール,2,2,2,共通,なし,OK_TRACKED_IMPLEMENTED,yes,yes,味方ヒーローのヒーロースキルが発動した後自分のデッキからシンクロを持つカードを1枚引く,https://gameconductor.com/dqrivals/c/d/920
cost2_unit_random_pool,メーダ,2,3,2,共通,なし,REVIEW_NAME_MENTIONED_ONLY,yes,no,前列にいる場合両プレイヤーの特技カードのコスト+1,https://gameconductor.com/dqrivals/c/d/94
cost2_unit_random_pool,モコフル,2,2,3,共通,なし,REVIEW_NAME_MENTIONED_ONLY,yes,no,召喚時:味方ユニット1体を封印する,https://gameconductor.com/dqrivals/c/d/419
cost2_unit_random_pool,モコモコじゅう,2,1,3,共通,なし,OK_GENERIC_BASIC_KEYWORD,no,no,速攻,https://gameconductor.com/dqrivals/c/d/787
cost2_unit_random_pool,ラグアス王子,2,2,2,占い師,冒険者,REVIEW_NAME_MENTIONED_ONLY,yes,no,おうえん、召喚時&攻撃時：相手のデッキの1番上のカードを見てデッキの一番下に移動させることができる,https://gameconductor.com/dqrivals/c/d/1058
cost2_unit_random_pool,ランドゲーロ,2,4,4,僧侶,なし,REVIEW_NAME_MENTIONED_ONLY,yes,no,召喚時：前列に召喚した場合攻撃力が1になる。後列に召喚した場合HPが１になる。,https://gameconductor.com/dqrivals/c/d/464
cost2_unit_random_pool,ラーミア,2,0,1,共通,なし,OK_TRACKED_IMPLEMENTED,yes,yes,召喚時:6つのオーブをデッキに混ぜ復活の準備に入る。 自分の場にオーブが全て揃った時ラーミアは復活しこの対戦に勝利する。,https://gameconductor.com/dqrivals/c/d/534
cost2_unit_random_pool,リカントマムル,2,2,1,武闘家,なし,REVIEW_NAME_MENTIONED_ONLY,yes,no,召喚時&死亡時：武術カード1枚を手札に加える,https://gameconductor.com/dqrivals/c/d/1083
cost2_unit_random_pool,リザードキッズ,2,5,3,共通,ドラゴン,REVIEW_NAME_MENTIONED_ONLY,yes,no,攻撃時：このターン中攻撃力-3。,
cost2_unit_random_pool,リザードフライ,2,2,3,共通,ドラゴン,REVIEW_NAME_MENTIONED_ONLY,yes,no,召喚時:味方ユニット1体を1マス下に移動させる。,https://gameconductor.com/dqrivals/c/d/535
cost2_unit_random_pool,リザードマン,2,3,2,共通,ドラゴン,OK_EFFECT_NONE,yes,no,効果なし,https://gameconductor.com/dqrivals/c/d/8
cost2_unit_random_pool,リップス,2,2,2,共通,なし,REVIEW_NAME_MENTIONED_ONLY,yes,no,敵リーダーにダメージを与えると敵リーダーのテンション-1,https://gameconductor.com/dqrivals/c/d/53
cost2_unit_random_pool,リンリン,2,1,3,僧侶,なし,REVIEW_NAME_MENTIONED_ONLY,yes,no,死亡時：ランダムなコスト1のドラゴン系ユニット1体をこのマスに出す。スキルブースト：ユニットのコスト+1,https://gameconductor.com/dqrivals/c/d/619
cost2_unit_random_pool,ルイーダ,2,1,2,商人,冒険者,OK_TRACKED_IMPLEMENTED,yes,yes,自分のターン終了時ランダムな冒険者1枚を手札に加える,https://gameconductor.com/dqrivals/c/d/822
cost2_unit_random_pool,ルーキー,2,1,2,魔法使い,スライム,REVIEW_NAME_MENTIONED_ONLY,yes,no,おうえん、召喚時：自分のデッキからコスト5以上のランダムなユニットカードを1枚引く,https://gameconductor.com/dqrivals/c/d/1180
cost2_unit_random_pool,卑劣などくやずきん,2,3,2,魔剣士,なし,REVIEW_NAME_MENTIONED_ONLY,yes,no,召喚時：敵1体に1ダメージ。対象が毒なら3ダメージ,https://gameconductor.com/dqrivals/c/d/1452
cost2_unit_random_pool,変貌のくものきょじん,2,3,2,商人,なし,REVIEW_NAME_MENTIONED_ONLY,yes,no,召喚時：味方ユニット1体をランダムなコストが1高いランダムなユニットに変身させる,https://gameconductor.com/dqrivals/c/d/1450
cost2_unit_random_pool,大魔女バーバラ,2,2,2,魔法使い,冒険者,REVIEW_NAME_MENTIONED_ONLY,yes,no,召喚時：敵1体にこのターン中使った特技カードのコスト分のダメージ 対象が敵リーダーの場合は半分のダメージになる。,https://gameconductor.com/dqrivals/c/d/1494
cost2_unit_random_pool,天啓のエビルドライブ,2,1,3,占い師,なし,REVIEW_NAME_MENTIONED_ONLY,yes,no,召喚時:自分のデッキの一番上のカードのコストが偶数ならそのカードを引き、その後自分の手札から1枚選び自分のデッキに混ぜこのユニットの攻撃力+3,https://gameconductor.com/dqrivals/c/d/1451
cost2_unit_random_pool,少年テリー,2,2,2,戦士,冒険者,OK_TRACKED_IMPLEMENTED,yes,yes,召喚時：味方リーダーのテンションスキルをモンスターマスターに変える,https://gameconductor.com/dqrivals/c/d/888
cost2_unit_random_pool,怪盗ポイックリン,2,2,3,盗賊,冒険者,REVIEW_NAME_MENTIONED_ONLY,yes,no,ステルス、召喚時：相手の手札のカードと同じカードをランダムに1枚手札に加える。その後、自分の手札から1枚選んで捨てる。,https://gameconductor.com/dqrivals/c/d/1409
cost2_unit_random_pool,悪鬼丸,2,3,2,魔剣士,ゾンビ,REVIEW_NAME_MENTIONED_ONLY,yes,no,召喚時：味方リーダーのテンションスキルを死者の目覚めに変える,https://gameconductor.com/dqrivals/c/d/673
cost2_unit_random_pool,救援のドラキー,2,3,2,戦士,なし,REVIEW_NAME_MENTIONED_ONLY,yes,no,選択：・2/1のこんぼう1枚を手札に加える。・このターン中味方リーダーが受けるダメージ-3,https://gameconductor.com/dqrivals/c/d/1482
cost2_unit_random_pool,歌姫のマポレーナ,2,2,3,魔剣士,なし,REVIEW_NAME_MENTIONED_ONLY,yes,no,れんけい:次に場に出る味方ユニット1体を+1/+1,https://gameconductor.com/dqrivals/c/d/1301
cost2_unit_random_pool,潮風のディーバ,2,2,2,共通,なし,REVIEW_NAME_MENTIONED_ONLY,yes,no,他の全ての味方ユニットの攻撃力+1,https://gameconductor.com/dqrivals/c/d/722
cost2_unit_random_pool,白煙のホワイトビート,2,1,2,共通,なし,OK_TRACKED_IMPLEMENTED,yes,yes,召喚時:次の相手のターン終了時までステルスを得る。味方のヒーロースキルを2回まで発動できるようになる,https://gameconductor.com/dqrivals/c/d/1581
cost2_unit_random_pool,石炭つむり,2,2,3,僧侶,スライム,REVIEW_NAME_MENTIONED_ONLY,yes,no,味方建物がある間におうだちと「死亡時：味方リーダーのテンション+1」を得る,https://gameconductor.com/dqrivals/c/d/1513
cost2_unit_random_pool,破滅への導き,2,0,0,魔剣士,なし,REVIEW_NAME_MENTIONED_ONLY,yes,no,味方ユニット1体を死亡させた後、自分のデッキからコスト6以上のユニットカードを2枚引く,https://gameconductor.com/dqrivals/c/d/361
cost2_unit_random_pool,船長,2,2,3,盗賊,ゾンビ,REVIEW_NAME_MENTIONED_ONLY,yes,no,召喚時&手札から捨てた時:味方リーダーのHPを2回復する,https://gameconductor.com/dqrivals/c/d/1407
cost3_unit_random_pool,あやしいかげ,3,4,2,共通,なし,OK_GENERIC_BASIC_KEYWORD,no,no,ステルス,https://gameconductor.com/dqrivals/c/d/68
cost3_unit_random_pool,いしにんぎょう,3,3,3,僧侶,なし,OK_TRACKED_IMPLEMENTED,yes,yes,前列召喚時：ユニット1体のHP+2、後列召喚時:ユニット1体の攻撃力をHPと同じ値にする,https://gameconductor.com/dqrivals/c/d/1370
cost3_unit_random_pool,いどまじん,3,1,5,僧侶,なし,OK_TRACKED_IMPLEMENTED,yes,yes,におうだち、相手のターン中このユニットがダメージを受ける度、ターン終了時までステルスを得る。召喚時：対戦中に味方建物が3つ以上出ていたら+2/+2,https://gameconductor.com/dqrivals/c/d/1371
cost3_unit_random_pool,いなずまビリー,3,1,3,戦士,なし,OK_TRACKED_IMPLEMENTED,yes,yes,召喚時：このユニットの攻撃力とにおうだちを持つ敵ユニット1体を死亡させる。スキルブースト:攻撃力+1,https://gameconductor.com/dqrivals/c/d/1249
cost3_unit_random_pool,いばらドラゴン,3,3,3,占い師,ドラゴン,OK_EFFECT_NONE,yes,yes,効果なし,https://gameconductor.com/dqrivals/c/d/853
cost3_unit_random_pool,うずしおキング,3,2,5,占い師,なし,OK_TRACKED_IMPLEMENTED,yes,yes,におうだち。れんけい：自分の山札の上から4枚を見て、れんけいを持つカードを1枚選び引く。,https://gameconductor.com/dqrivals/c/d/1571
cost3_unit_random_pool,おおねずみ,3,2,2,商人,なし,OK_TRACKED_IMPLEMENTED,yes,yes,死亡時：1/1のやまねずみを2体出す。対戦中に味方建物が3つ以上出ていたら代わりに2/2のやまねずみを2体出す,https://gameconductor.com/dqrivals/c/d/1382
cost3_unit_random_pool,おにこぞう,3,2,2,戦士,なし,OK_TRACKED_IMPLEMENTED,yes,yes,自分のターン開始時このユニットが前列にいる場合7/7おにこんぼうに変身する,https://gameconductor.com/dqrivals/c/d/186
cost3_unit_random_pool,おばけねずみ,3,1,3,商人,なし,OK_TRACKED_IMPLEMENTED,yes,yes,自分のターン終了時1/1のやまねずみを1体出す,https://gameconductor.com/dqrivals/c/d/1088
cost3_unit_random_pool,かいぞくウーパー,3,2,3,盗賊,なし,OK_TRACKED_IMPLEMENTED,yes,yes,召喚時&手札から捨てた時：カードを1枚引く,https://gameconductor.com/dqrivals/c/d/1414
cost3_unit_random_pool,かっちゅうアリ,3,1,4,共通,なし,REVIEW_NAME_MENTIONED_ONLY,yes,no,BET：1ターンに1回のみ、攻撃力+1/HP+1。自分のターン終了時にGET(1)。このGETは1度だけ発動する。,https://gameconductor.com/dqrivals/c/d/1213
cost3_unit_random_pool,からくりだいみょう,3,4,2,共通,なし,OK_TRACKED_IMPLEMENTED,yes,yes,召喚時：味方ユニット1体をこのユニットの前後に移動させる,https://gameconductor.com/dqrivals/c/d/73
cost3_unit_random_pool,からくりエッグ,3,3,3,商人,なし,NEEDS_EFFECT_REVIEW,no,no,パワフルバッジ：メタルボディもしくはハードメタルボディを持つ味方ユニットと武器の攻撃力+1,https://gameconductor.com/dqrivals/c/d/622
cost3_unit_random_pool,くさった死体,3,3,3,共通,ゾンビ,OK_TRACKED_IMPLEMENTED,yes,yes,召喚時：敵リーダーの武器を破壊する,https://gameconductor.com/dqrivals/c/d/9
cost3_unit_random_pool,げんじゅつし,3,3,3,魔法使い,なし,OK_TRACKED_IMPLEMENTED,yes,yes,特技ダメージ+1,https://gameconductor.com/dqrivals/c/d/197
cost3_unit_random_pool,ごうけつぐま,3,2,4,共通,なし,NEEDS_EFFECT_REVIEW,no,no,絶好調、このユニットが絶好調状態なら攻撃力+2と「敵リーダーを攻撃できない」を得る,https://gameconductor.com/dqrivals/c/d/940
cost3_unit_random_pool,さそりばち,3,1,1,武闘家,なし,OK_TRACKED_IMPLEMENTED,yes,yes,速攻、自分がコスト1以下の手札を使う度このターン中攻撃力+1,https://gameconductor.com/dqrivals/c/d/230
cost3_unit_random_pool,さまようたましい,3,1,4,共通,なし,OK_TRACKED_IMPLEMENTED,yes,yes,攻撃時：このターン中攻撃力+3,https://gameconductor.com/dqrivals/c/d/64
cost3_unit_random_pool,しのどれい,3,2,4,武闘家,ゾンビ,OK_TRACKED_IMPLEMENTED,yes,yes,召喚時:このユニットがいる横一列の後列マスの地形を全てすべる床に変える。 この効果は地形の上書きはできない。,https://gameconductor.com/dqrivals/c/d/520
cost3_unit_random_pool,じめじめバブル,3,3,4,僧侶,スライム,OK_TRACKED_IMPLEMENTED,yes,yes,召喚時：敵ユニットが2体以上いるなら敵ユニット1体の攻撃力-1,https://gameconductor.com/dqrivals/c/d/1515
cost3_unit_random_pool,じんめんガエル,3,0,1,共通,なし,OK_TRACKED_IMPLEMENTED,yes,yes,後列にいる場合攻撃力+5,https://gameconductor.com/dqrivals/c/d/110
cost3_unit_random_pool,たまねぎマン,3,2,4,占い師,なし,OK_TRACKED_IMPLEMENTED,yes,yes,占い：①ユニット1体の攻撃力を2にする②：ユニット1体のHPを2にする,https://gameconductor.com/dqrivals/c/d/1057
cost3_unit_random_pool,だいおうイカ,3,3,2,共通,なし,OK_TRACKED_IMPLEMENTED,yes,yes,死亡時:GET(2),https://gameconductor.com/dqrivals/c/d/1174
cost3_unit_random_pool,だいおうキッズ,3,4,3,武闘家,なし,OK_TRACKED_IMPLEMENTED,yes,yes,召喚時：次のターン相手はユニットを後列に召喚できない。,https://gameconductor.com/dqrivals/c/d/243
cost3_unit_random_pool,ちんもくのひつじ,3,3,2,共通,なし,OK_TRACKED_IMPLEMENTED,yes,yes,召喚時：正面にいるランダムな敵ユニット1体を封印する。,https://gameconductor.com/dqrivals/c/d/977
cost3_unit_random_pool,つかいま,3,3,2,魔剣士,なし,OK_TRACKED_IMPLEMENTED,yes,yes,死亡時：最大MPが1増える,https://gameconductor.com/dqrivals/c/d/472
cost3_unit_random_pool,つららスライム,3,2,3,共通,スライム,OK_TRACKED_IMPLEMENTED,yes,yes,召喚時：1マス前にいるユニットの攻撃力-2,https://gameconductor.com/dqrivals/c/d/104
cost3_unit_random_pool,てつのさそり,3,2,4,魔法使い,なし,NEEDS_EFFECT_REVIEW,no,no,パワフルバッジ：スライム系の味方ユニットのHP+1,https://gameconductor.com/dqrivals/c/d/612
cost3_unit_random_pool,とうぞくこぞう,3,5,4,盗賊,なし,OK_TRACKED_IMPLEMENTED,yes,yes,召喚時：自分の手札から1枚選んで捨てる,https://gameconductor.com/dqrivals/c/d/1413
cost3_unit_random_pool,とげこんぼう,3,2,3,魔剣士,なし,OK_TRACKED_IMPLEMENTED,yes,yes,召喚時：味方ヒーローがいる場合味方リーダーのテンション+2,https://gameconductor.com/dqrivals/c/d/752
cost3_unit_random_pool,どくろ大臣,3,3,2,共通,ゾンビ,OK_TRACKED_IMPLEMENTED,yes,yes,死亡時:コスト2以下のランダムなゾンビ系の味方ユニット1体をこのマスに復活させる,https://gameconductor.com/dqrivals/c/d/579
cost3_unit_random_pool,どろにんぎょう,3,3,1,共通,なし,OK_TRACKED_IMPLEMENTED,yes,yes,召喚時：次の相手のターン相手のMPが1減る,https://gameconductor.com/dqrivals/c/d/106
cost3_unit_random_pool,なげきムーン,3,3,2,共通,なし,OK_TRACKED_IMPLEMENTED,yes,yes,召喚時：味方リーダーのHPが15以下の場合+2/+2と貫通を得る。,https://gameconductor.com/dqrivals/c/d/22
cost3_unit_random_pool,なぞの神官,3,2,4,占い師,なし,REVIEW_NAME_MENTIONED_ONLY,yes,no,味方ヒーローがいる場合占いカードのコスト-1,https://gameconductor.com/dqrivals/c/d/768
cost3_unit_random_pool,ぬすっとウサギ,3,3,3,武闘家,なし,OK_TRACKED_IMPLEMENTED,yes,yes,攻撃対象が敵リーダーの場合カードを1枚引く,https://gameconductor.com/dqrivals/c/d/227
cost3_unit_random_pool,のろいのランプ,3,2,3,占い師,なし,OK_TRACKED_IMPLEMENTED,yes,yes,絶好調、占いを持つ特技カードを使った後このユニットが絶好調状態なら同じカードを手札に加える。その後絶好調状態ではなくなる。,https://gameconductor.com/dqrivals/c/d/968
cost3_unit_random_pool,はぐれメタル,3,2,2,共通,スライム,REVIEW_NAME_MENTIONED_ONLY,yes,no,速攻、メタルボディ,https://gameconductor.com/dqrivals/c/d/99
cost3_unit_random_pool,はしりとかげ,3,2,4,共通,ドラゴン,OK_TRACKED_IMPLEMENTED,yes,yes,いずれかのプレイヤーのヒーロースキルが発動した後味方リーダーを3回復,https://gameconductor.com/dqrivals/c/d/861
cost3_unit_random_pool,ばくだん岩,3,3,3,共通,なし,OK_TRACKED_IMPLEMENTED,yes,yes,死亡時：前列にいる全てのユニットに2ダメージ,https://gameconductor.com/dqrivals/c/d/132
cost3_unit_random_pool,ひぐらしそう,3,2,4,共通,なし,OK_TRACKED_IMPLEMENTED,yes,yes,選択：・コスト1のランダムなユニットカードを手札に1枚加える・コスト3のランダムな特技カードを手札に1枚加える,https://gameconductor.com/dqrivals/c/d/1462
cost3_unit_random_pool,びっくりサタン,3,2,3,占い師,なし,REVIEW_NAME_MENTIONED_ONLY,yes,no,自分の占いで(1)の効果が発動する度カードを1枚引く,https://gameconductor.com/dqrivals/c/d/327
cost3_unit_random_pool,ふくぶくろ,3,3,1,共通,なし,OK_TRACKED_IMPLEMENTED,yes,yes,召喚時：両プレイヤーはカードを２枚引く,https://gameconductor.com/dqrivals/c/d/440
cost3_unit_random_pool,ふくまねき,3,3,1,共通,なし,OK_TRACKED_IMPLEMENTED,yes,yes,死亡時：カードを1枚引く,https://gameconductor.com/dqrivals/c/d/75
cost3_unit_random_pool,ふくめんバニー,3,4,3,武闘家,なし,OK_TRACKED_IMPLEMENTED,yes,yes,攻撃対象が敵リーダーの場合武術カード1枚を手札に加える,https://gameconductor.com/dqrivals/c/d/408
cost3_unit_random_pool,ぶちスライム,3,1,1,魔法使い,スライム,OK_TRACKED_IMPLEMENTED,yes,yes,召喚時：GET(1)。BET：攻撃力+1。死亡時：このユニットの攻撃力分、1/1のスライムを出す,https://gameconductor.com/dqrivals/c/d/1146
cost3_unit_random_pool,ほねコウモリ,3,4,6,共通,ゾンビ,OK_TRACKED_IMPLEMENTED,yes,yes,召喚時：このユニットに3ダメージを与える,https://gameconductor.com/dqrivals/c/d/836
cost3_unit_random_pool,ぼうれい剣士,3,5,1,戦士,ゾンビ,OK_TRACKED_IMPLEMENTED,yes,yes,死亡時：前後にいる味方ユニットの攻撃力+2,https://gameconductor.com/dqrivals/c/d/170
cost3_unit_random_pool,まおうのランプ,3,4,2,魔剣士,なし,OK_TRACKED_IMPLEMENTED,yes,yes,死亡時:自分の手札とデッキの魔王系ユニットカードのコスト−1,https://gameconductor.com/dqrivals/c/d/1013
cost3_unit_random_pool,ましょうぐも,3,3,2,僧侶,なし,OK_TRACKED_IMPLEMENTED,yes,yes,すべての敵は回復の効果で代わりにダメージを受ける,https://gameconductor.com/dqrivals/c/d/561
cost3_unit_random_pool,もりもりスライム,3,2,2,共通,スライム,OK_TRACKED_IMPLEMENTED,yes,yes,召喚時：1/1のスライムを1体出す。,https://gameconductor.com/dqrivals/c/d/603
cost3_unit_random_pool,アイアンクック,3,2,4,戦士,なし,OK_TRACKED_IMPLEMENTED,yes,yes,召喚時：次の自分のターン開始時まで味方リーダーが受けるダメージ-1 スキルブースト:受けるダメージ-1,https://gameconductor.com/dqrivals/c/d/392
cost3_unit_random_pool,アイスゴーレム,3,2,4,魔法使い,なし,OK_TRACKED_IMPLEMENTED,yes,yes,召喚時：自分のデッキにメラ系の特技カードが無いならランダムな敵の空きマスに0/3の氷塊を2つ出す,https://gameconductor.com/dqrivals/c/d/1258
cost3_unit_random_pool,アカイライ,3,4,2,共通,なし,OK_TRACKED_IMPLEMENTED,yes,yes,自分のターン終了時このユニットがダメージを受けているならカードを1枚引く。,https://gameconductor.com/dqrivals/c/d/511
cost3_unit_random_pool,アビスソルジャー,3,3,3,共通,なし,OK_EFFECT_NONE,yes,yes,,https://gameconductor.com/dqrivals/c/d/723
cost3_unit_random_pool,アルケミストン,3,3,3,魔剣士,なし,OK_TRACKED_IMPLEMENTED,yes,yes,攻撃時：このターン中MPが1増える,https://gameconductor.com/dqrivals/c/d/352
cost3_unit_random_pool,アルゴングレート,3,4,4,共通,ドラゴン,OK_TRACKED_IMPLEMENTED,yes,yes,正面に敵ユニットがいる場合攻撃できない,https://gameconductor.com/dqrivals/c/d/1461
cost3_unit_random_pool,アローインプ,3,2,3,共通,なし,OK_TRACKED_IMPLEMENTED,yes,yes,後列から攻撃する場合敵ユニットから反撃を受けない,https://gameconductor.com/dqrivals/c/d/102
cost3_unit_random_pool,イエティ,3,1,5,武闘家,なし,OK_TRACKED_IMPLEMENTED,yes,yes,自分がコスト1以下の手札を使う度攻撃力+1,https://gameconductor.com/dqrivals/c/d/994
cost3_unit_random_pool,イザヤール,3,3,3,共通,冒険者,OK_TRACKED_IMPLEMENTED,yes,yes,召喚時：全ての味方冒険者に作戦を出す,https://gameconductor.com/dqrivals/c/d/1334
cost3_unit_random_pool,インキュバス,3,3,3,占い師,なし,OK_TRACKED_IMPLEMENTED,yes,yes,召喚時：デッキの一番上のカードのコストが奇数なら+1/+1、偶数なら-1/-1,https://gameconductor.com/dqrivals/c/d/329
cost3_unit_random_pool,ウィッチネイル,3,2,3,魔剣士,ゾンビ,OK_TRACKED_IMPLEMENTED,yes,yes,ダメージを与えたユニットを死亡させる,https://gameconductor.com/dqrivals/c/d/351
cost3_unit_random_pool,ウィッチレディ,3,3,3,魔法使い,なし,OK_TRACKED_IMPLEMENTED,yes,yes,自分が特技を使って敵ユニットを倒す度味方リーダーのテンション+1,https://gameconductor.com/dqrivals/c/d/390
cost3_unit_random_pool,ウパソルジャー,3,1,5,戦士,なし,REVIEW_NAME_MENTIONED_ONLY,yes,no,絶好調、絶好調状態の味方ユニットが攻撃する度このターン中味方リーダーは攻撃力+1を得る,https://gameconductor.com/dqrivals/c/d/987
cost3_unit_random_pool,エビルマスター,3,2,2,共通,なし,OK_TRACKED_IMPLEMENTED,yes,yes,召喚時：自分のデッキからスライム系、ドラゴン系、ゾンビ系のいずれか1枚を引く,https://gameconductor.com/dqrivals/c/d/638
cost3_unit_random_pool,オオカミ,3,3,1,共通,なし,OK_GENERIC_BASIC_KEYWORD,no,no,速攻,https://gameconductor.com/dqrivals/c/d/724
cost3_unit_random_pool,オーガソルジャー,3,3,3,魔剣士,なし,OK_TRACKED_IMPLEMENTED,yes,yes,召喚時：全てのピサロナイトにさくせんを出す,https://gameconductor.com/dqrivals/c/d/1398
cost3_unit_random_pool,オーガー,3,4,3,占い師,なし,NEEDS_EFFECT_REVIEW,no,no,天啓の神域の効果によってデッキから手札にこのカードが加わった場合、ランダムな敵ユニットに3ダメージ,https://gameconductor.com/dqrivals/c/d/529
cost3_unit_random_pool,ガスト,3,2,4,戦士,なし,NEEDS_EFFECT_REVIEW,no,no,パワフルバッジ：ゾンビ系の味方ユニットのHP+1,https://gameconductor.com/dqrivals/c/d/608
cost3_unit_random_pool,ガチャコッコ,3,0,5,共通,なし,OK_TRACKED_IMPLEMENTED,yes,yes,におうだち、召喚時：敵ユニット1体につき攻撃力＋1,https://gameconductor.com/dqrivals/c/d/98
cost3_unit_random_pool,キッシム,3,3,2,魔剣士,なし,OK_TRACKED_IMPLEMENTED,yes,yes,おうえん、死亡時：自分のデッキからコスト5以上の建物カードを1枚引く。そのカードのコスト-1,https://gameconductor.com/dqrivals/c/d/1399
cost3_unit_random_pool,キャタピラー,3,1,5,僧侶,なし,OK_TRACKED_IMPLEMENTED,yes,yes,召喚時：味方ユニット1体のHP+2,https://gameconductor.com/dqrivals/c/d/268
cost3_unit_random_pool,キャットバット,3,2,1,共通,なし,OK_TRACKED_IMPLEMENTED,yes,yes,召喚時：このユニットの前後にキャットバットを出す,https://gameconductor.com/dqrivals/c/d/108
cost3_unit_random_pool,クイーンスライム,3,3,3,共通,スライム,REVIEW_NAME_MENTIONED_ONLY,yes,no,このユニットを除くスライム系の味方ユニット全てを+1/+1,https://gameconductor.com/dqrivals/c/d/112
cost3_unit_random_pool,クラウンヘッド,3,1,4,僧侶,なし,OK_TRACKED_IMPLEMENTED,yes,yes,におうだち。召喚時：GET(1)。BET：HP+1、次の相手のターン終了時まで受けるダメージ-1。このユニットへのBETは1ターン1回,https://gameconductor.com/dqrivals/c/d/1126
cost3_unit_random_pool,グリゴンダンス,3,3,2,共通,なし,OK_TRACKED_IMPLEMENTED,yes,yes,テンションリンク：全てのユニットに1ダメージ,https://gameconductor.com/dqrivals/c/d/76
cost3_unit_random_pool,グリムン,3,3,3,魔法使い,なし,OK_TRACKED_IMPLEMENTED,yes,yes,召喚時：このターン中次に使う建物カードのコスト-2,https://gameconductor.com/dqrivals/c/d/1354
cost3_unit_random_pool,グレムリン,3,2,4,僧侶,なし,NEEDS_EFFECT_REVIEW,no,no,味方が回復する度攻撃力+1,https://gameconductor.com/dqrivals/c/d/261
cost3_unit_random_pool,グレンデル,3,2,4,僧侶,なし,OK_TRACKED_IMPLEMENTED,yes,yes,におうだち　召喚時:味方リーダーのテンションを1消費する。消費した後+1/+1を得る。,https://gameconductor.com/dqrivals/c/d/480
cost3_unit_random_pool,ケセランパセラン,3,4,3,占い師,なし,REVIEW_NAME_MENTIONED_ONLY,yes,no,自分の占いで(1)の効果が発動する度味方リーダーのHPを2回復,https://gameconductor.com/dqrivals/c/d/328
cost3_unit_random_pool,ケミカルゼリー,3,3,2,武闘家,なし,OK_TRACKED_IMPLEMENTED,yes,yes,召喚時：敵ユニット1体に2ダメージ、そのユニットが前列にいる場合代わりに4ダメージ,https://gameconductor.com/dqrivals/c/d/1505
cost3_unit_random_pool,ケムケムベス,3,3,6,戦士,なし,NEEDS_EFFECT_REVIEW,no,no,絶好調、このユニットは絶好調状態ではない場合攻撃できない,https://gameconductor.com/dqrivals/c/d/866
cost3_unit_random_pool,ゲルダ,3,4,2,武闘家,冒険者,OK_TRACKED_IMPLEMENTED,yes,yes,ステルス、正面にいる敵ユニットからダメージを受けない。攻撃時:攻撃対象が敵ユニットの場合その正面に移動する。,https://gameconductor.com/dqrivals/c/d/799
cost3_unit_random_pool,コサックシープ,3,4,3,共通,なし,OK_TRACKED_IMPLEMENTED,yes,yes,召喚時：味方ユニット1体を手札に戻す,https://gameconductor.com/dqrivals/c/d/109
cost3_unit_random_pool,コンジャラー,3,2,4,占い師,なし,OK_TRACKED_IMPLEMENTED,yes,yes,味方リーダーは超必中モードになる,https://gameconductor.com/dqrivals/c/d/814
cost3_unit_random_pool,ゴルゴンゾーラ,3,2,4,武闘家,なし,OK_TRACKED_IMPLEMENTED,yes,yes,召喚時：GET(1)。BET：このユニット自身のHPを3回復する。,https://gameconductor.com/dqrivals/c/d/1190
cost3_unit_random_pool,ゴーレム,3,3,3,共通,なし,REVIEW_NAME_MENTIONED_ONLY,yes,no,におうだち,https://gameconductor.com/dqrivals/c/d/66
cost3_unit_random_pool,サウルスロード,3,4,3,共通,ドラゴン,REVIEW_NAME_MENTIONED_ONLY,yes,no,選択：・特技ダメージ+1を得る ・武器ダメージ+1を得る,
cost3_unit_random_pool,サブナック,3,4,4,共通,なし,OK_TRACKED_IMPLEMENTED,yes,yes,召喚時：指定の敵マスに2/1のスライムベスを出す,https://gameconductor.com/dqrivals/c/d/540
cost3_unit_random_pool,サンチョ,3,2,4,共通,冒険者,OK_GENERIC_BASIC_KEYWORD,no,no,におうだち,https://gameconductor.com/dqrivals/c/d/1032
cost3_unit_random_pool,ザバン,3,3,3,商人,なし,OK_TRACKED_IMPLEMENTED,yes,yes,召喚時：道具カードを手札に1枚加える,https://gameconductor.com/dqrivals/c/d/307
cost3_unit_random_pool,シャイニング,3,3,4,占い師,なし,OK_TRACKED_IMPLEMENTED,yes,yes,召喚時：自分が次に使用する占いカードは発動する効果を選べるようになる。,https://gameconductor.com/dqrivals/c/d/399
cost3_unit_random_pool,シャドウベビー,3,3,2,共通,なし,OK_GENERIC_BASIC_KEYWORD,no,no,ステルス、貫通,https://gameconductor.com/dqrivals/c/d/835
cost3_unit_random_pool,シルバーベア,3,2,4,武闘家,なし,REVIEW_NAME_MENTIONED_ONLY,yes,no,れんけい：このターン中速攻と「敵リーダーを攻撃できない」を得る。スキルブースト:攻撃力+1,https://gameconductor.com/dqrivals/c/d/1269
cost3_unit_random_pool,シーゴーレム,3,2,4,共通,なし,REVIEW_NAME_MENTIONED_ONLY,yes,no,召喚時：味方ヒーローがいる場合HP+2とにおうだちを得る,https://gameconductor.com/dqrivals/c/d/740
cost3_unit_random_pool,シーメーダ,3,3,3,商人,なし,OK_TRACKED_IMPLEMENTED,yes,yes,おうえん、このユニットに自分が特技を使う度味方リーダーのHPを1回復,https://gameconductor.com/dqrivals/c/d/404
cost3_unit_random_pool,シーライオン,3,1,5,商人,なし,OK_TRACKED_IMPLEMENTED,yes,yes,におうだち、自分のターン終了時このユニットのHPを2回復,https://gameconductor.com/dqrivals/c/d/1284
cost3_unit_random_pool,ジゴック,3,2,4,共通,なし,OK_TRACKED_IMPLEMENTED,yes,yes,におうだち、召喚時：味方建物１つの耐久値+1、そうした場合攻撃力+1を得る,https://gameconductor.com/dqrivals/c/d/1333
cost3_unit_random_pool,ジャガーメイジ,3,3,3,共通,なし,OK_TRACKED_IMPLEMENTED,yes,yes,召喚時：敵ユニットが3体以上いる場合全ての敵ユニットに1ダメージ,https://gameconductor.com/dqrivals/c/d/107
cost3_unit_random_pool,ジャミ&ゴンズ,3,4,4,魔法使い,なし,OK_TRACKED_IMPLEMENTED,yes,yes,選択：・HP-2 カードを1枚引く、敵リーダーに2ダメージ・攻撃力-2 におうだちを得る、味方リーダーのテンション+1,https://gameconductor.com/dqrivals/c/d/1563
cost3_unit_random_pool,スウィートバッグ,3,3,3,共通,なし,REVIEW_NAME_MENTIONED_ONLY,yes,no,テンションリンク：前にいる味方ユニットに貫通、ねらい撃ち、2回攻撃のいずれか1つを付与する。,https://gameconductor.com/dqrivals/c/d/449
cost3_unit_random_pool,スケアフレイル,3,2,4,共通,ゾンビ,OK_GENERIC_BASIC_KEYWORD,no,no,におうだち,https://gameconductor.com/dqrivals/c/d/917
cost3_unit_random_pool,ストロングアニマル,3,3,4,武闘家,なし,OK_TRACKED_IMPLEMENTED,yes,yes,召喚時：味方ユニット1体を手札に戻す。それが冒険者ならさらにコストを-2する。,https://gameconductor.com/dqrivals/c/d/1084
cost3_unit_random_pool,ストーンビースト,3,1,5,魔剣士,なし,NEEDS_EFFECT_REVIEW,no,no,絶好調、このユニットが絶好調状態なら攻撃力+2とにおうだちを得る,https://gameconductor.com/dqrivals/c/d/934
cost3_unit_random_pool,スピニー,3,2,3,占い師,なし,OK_TRACKED_IMPLEMENTED,yes,yes,召喚時：貫通、1/2のメラリザードを1体出す。自分のデッキの一番上のカードのコストが3以上ならそのメラリザードに攻撃力+1とにおうだちを付与する,https://gameconductor.com/dqrivals/c/d/1388
cost3_unit_random_pool,スモールグール,3,2,1,共通,なし,OK_TRACKED_IMPLEMENTED,yes,yes,絶好調、自分のターン終了時このユニットが絶好調状態なら前後にスモールグールを出す。 その後絶好調状態ではなくなる。,https://gameconductor.com/dqrivals/c/d/862
cost3_unit_random_pool,スライムタワー,3,3,3,共通,スライム,OK_TRACKED_IMPLEMENTED,yes,yes,召喚時：カードを1枚捨てた後カードを1枚引く,https://gameconductor.com/dqrivals/c/d/100
cost3_unit_random_pool,スライムタール,3,3,4,魔法使い,スライム,OK_TRACKED_IMPLEMENTED,yes,yes,れんけい：次の1回のみ味方リーダーのテンションスキルはリーダーを対象にできずダメージ+2,https://gameconductor.com/dqrivals/c/d/1257
cost3_unit_random_pool,スライムツリー,3,2,3,魔法使い,スライム,OK_TRACKED_IMPLEMENTED,yes,yes,召喚時：敵ユニット1体に「受けるダメージ2倍」を付与する,https://gameconductor.com/dqrivals/c/d/765
cost3_unit_random_pool,スライムナイト,3,2,2,共通,スライム,OK_TRACKED_IMPLEMENTED,yes,yes,死亡時：1/1のスライムをこのマスに出す,https://gameconductor.com/dqrivals/c/d/21
cost3_unit_random_pool,スーパーテンツク,3,2,4,僧侶,なし,OK_TRACKED_IMPLEMENTED,yes,yes,召喚時:味方ヒーローがいる場合自分のデッキから武器カードまたは必殺技を持つカードを手札に加える。,https://gameconductor.com/dqrivals/c/d/801
cost3_unit_random_pool,セージももんじゃ,3,2,2,占い師,なし,OK_TRACKED_IMPLEMENTED,yes,yes,召喚時:自分のデッキの一番上のカードのコストが偶数なら合計3ダメージをランダムな敵ユニットに割り振る,https://gameconductor.com/dqrivals/c/d/1202
cost3_unit_random_pool,タップデビル,3,2,2,魔剣士,なし,OK_TRACKED_IMPLEMENTED,yes,yes,絶好調、死亡時：自分のデッキからコスト4の特技カードを1枚引く。このユニットが絶好調状態ならそのカードのコスト-1,https://gameconductor.com/dqrivals/c/d/970
cost3_unit_random_pool,タップペンギー,3,3,4,共通,なし,OK_EFFECT_NONE,yes,yes,,https://gameconductor.com/dqrivals/c/d/755
cost3_unit_random_pool,ダックスビル,3,3,3,僧侶,なし,NEEDS_EFFECT_REVIEW,no,no,パワフルバッジ：ドラゴン系の味方ユニットのHP+1,https://gameconductor.com/dqrivals/c/d/661
cost3_unit_random_pool,ダッシュラン,3,3,3,共通,ドラゴン,REVIEW_NAME_MENTIONED_ONLY,yes,no,召喚時：前列にいるユニット1体を後列に移動させる,https://gameconductor.com/dqrivals/c/d/67
cost3_unit_random_pool,ダークペルシャ,3,3,2,共通,なし,OK_TRACKED_IMPLEMENTED,yes,yes,召喚時:敵ユニットが3体以上いる場合GET(1)、BET:全てのユニットに1ダメージ,https://gameconductor.com/dqrivals/c/d/1117
cost3_unit_random_pool,ツボック,3,3,4,商人,なし,OK_TRACKED_IMPLEMENTED,yes,yes,死亡時：自分のデッキに特技カードが無いなら味方リーダーのテンション+2,https://gameconductor.com/dqrivals/c/d/1525
cost3_unit_random_pool,ツンドラキー,3,3,3,共通,なし,OK_TRACKED_IMPLEMENTED,yes,yes,味方リーダーのHPが20以上の間攻撃力+2とねらい撃ちを得る,https://gameconductor.com/dqrivals/c/d/23
cost3_unit_random_pool,テラノザース,3,4,3,戦士,ドラゴン,REVIEW_NAME_MENTIONED_ONLY,yes,no,召喚時:自分のデッキに特技カードがないならカードを1枚引く,https://gameconductor.com/dqrivals/c/d/1484
cost3_unit_random_pool,テールイーター,3,3,3,共通,なし,OK_TRACKED_IMPLEMENTED,yes,yes,召喚時:このユニットにさくせんを出す,https://gameconductor.com/dqrivals/c/d/1332
cost3_unit_random_pool,デザートデーモン,3,3,1,占い師,なし,OK_TRACKED_IMPLEMENTED,yes,yes,召喚時:合計3ダメージをこのユニット以外のランダムなユニットに割り振る,https://gameconductor.com/dqrivals/c/d/1534
cost3_unit_random_pool,デザートランナー,3,3,3,共通,なし,OK_TRACKED_IMPLEMENTED,yes,yes,召喚時:地形マスに召喚された場合速攻を得る。,https://gameconductor.com/dqrivals/c/d/488
cost3_unit_random_pool,デスパロット,3,2,3,商人,なし,REVIEW_NAME_MENTIONED_ONLY,yes,no,味方ヒーローのヒーロースキルが発動した後道具カード2枚を手札に加える,https://gameconductor.com/dqrivals/c/d/881
cost3_unit_random_pool,デビルウィザード,3,4,3,魔剣士,なし,NEEDS_EFFECT_REVIEW,no,no,パワフルバッジ：ゾンビ系の味方ユニットの攻撃力+1,https://gameconductor.com/dqrivals/c/d/627
cost3_unit_random_pool,デンタザウルス,3,2,4,魔法使い,ドラゴン,REVIEW_NAME_MENTIONED_ONLY,yes,no,におうだち、召喚時：手札にコスト3以上の特技カードがあるならHP+2,https://gameconductor.com/dqrivals/c/d/1495
cost3_unit_random_pool,トドマン,3,2,2,共通,なし,OK_TRACKED_IMPLEMENTED,yes,yes,このユニットに自分が特技を使う度攻撃力+1,https://gameconductor.com/dqrivals/c/d/97
cost3_unit_random_pool,トマトマーレ,3,3,3,盗賊,スライム,OK_TRACKED_IMPLEMENTED,yes,yes,れんけい：攻撃力+1、このユニットはダメージを受けているユニットから戦闘ダメージを受けない,https://gameconductor.com/dqrivals/c/d/1316
cost3_unit_random_pool,ドッグスナイパー,3,2,4,共通,なし,OK_TRACKED_IMPLEMENTED,yes,yes,ねらい撃ち、戦闘以外のダメージで敵ユニットが死亡する度攻撃力+1,https://gameconductor.com/dqrivals/c/d/754
cost3_unit_random_pool,ドラキーマ,3,2,1,共通,なし,OK_TRACKED_IMPLEMENTED,yes,yes,召喚時：ユニット1体を次のターン攻撃不能にする,https://gameconductor.com/dqrivals/c/d/111
cost3_unit_random_pool,ドラゴメタル,3,2,3,商人,スライム,OK_GENERIC_BASIC_KEYWORD,no,no,メタルボディ,https://gameconductor.com/dqrivals/c/d/1201
cost3_unit_random_pool,ドラゴン,3,5,4,共通,ドラゴン,OK_TRACKED_IMPLEMENTED,yes,yes,死亡時：相手の手札に王女の愛を加える,https://gameconductor.com/dqrivals/c/d/146
cost3_unit_random_pool,ドラゴンキッズ,3,3,2,共通,ドラゴン,OK_TRACKED_IMPLEMENTED,yes,yes,召喚時：正面にいる全ての敵ユニットに1ダメージ,https://gameconductor.com/dqrivals/c/d/101
cost3_unit_random_pool,ドラムゴート,3,3,3,共通,なし,OK_TRACKED_IMPLEMENTED,yes,yes,テンションカードを1ターンに2回まで使える,https://gameconductor.com/dqrivals/c/d/378
cost3_unit_random_pool,ドロザラー,3,3,3,共通,なし,OK_TRACKED_IMPLEMENTED,yes,yes,召喚時:指定のマスの地形を破壊する,https://gameconductor.com/dqrivals/c/d/541
cost3_unit_random_pool,ナイトウォーカー,3,2,3,共通,なし,OK_TRACKED_IMPLEMENTED,yes,yes,自分のターン終了時相手の手札が3枚以下の場合攻撃力+1とステルスを得る,https://gameconductor.com/dqrivals/c/d/452
cost3_unit_random_pool,ナイトキング,3,2,4,戦士,ゾンビ,REVIEW_NAME_MENTIONED_ONLY,yes,no,におうだち、れんけい：味方リーダーのHPを4回復,https://gameconductor.com/dqrivals/c/d/1248
cost3_unit_random_pool,ナイトリッチ,3,2,2,戦士,ゾンビ,OK_TRACKED_IMPLEMENTED,yes,yes,召喚時：自分の手札に魔王系カードがあるなら他の全てのユニットに2ダメージ,https://gameconductor.com/dqrivals/c/d/1079
cost3_unit_random_pool,ネネ,3,1,4,商人,冒険者,OK_TRACKED_IMPLEMENTED,yes,yes,召喚時：この対戦中「お宝発見」で手に入る道具カードの数+2枚,https://gameconductor.com/dqrivals/c/d/1025
cost3_unit_random_pool,ネーレウス,3,2,3,占い師,なし,OK_TRACKED_IMPLEMENTED,yes,yes,味方ユニットが場に出た後そのユニットの攻撃力+1、それが冒険者なら代わりに+1/+1,https://gameconductor.com/dqrivals/c/d/1019
cost3_unit_random_pool,バルンバ,3,2,4,占い師,ドラゴン,REVIEW_NAME_MENTIONED_ONLY,yes,no,パワフルバッジ：ドラゴン系の味方ユニットはにおうだちを得る,https://gameconductor.com/dqrivals/c/d/589
cost3_unit_random_pool,バードファイター,3,4,3,共通,なし,OK_EFFECT_NONE,yes,yes,,https://gameconductor.com/dqrivals/c/d/10
cost3_unit_random_pool,パプリカン,3,3,2,戦士,なし,OK_TRACKED_IMPLEMENTED,yes,yes,召喚時：味方ヒーローがいる場合装備中の武器を+1/+1,https://gameconductor.com/dqrivals/c/d/756
cost3_unit_random_pool,パペットマン,3,5,4,共通,なし,OK_TRACKED_IMPLEMENTED,yes,yes,召喚時：最大MPが1減る,https://gameconductor.com/dqrivals/c/d/639
cost3_unit_random_pool,パールスライム,3,2,4,僧侶,スライム,OK_TRACKED_IMPLEMENTED,yes,yes,召喚時：味方ユニット1体のHP+2、それが冒険者ならさらにカードを1枚引く,https://gameconductor.com/dqrivals/c/d/1086
cost3_unit_random_pool,ヒッポキング,3,2,4,共通,なし,OK_TRACKED_IMPLEMENTED,yes,yes,貫通、敵リーダーのテンションが上がる度攻撃力+2,https://gameconductor.com/dqrivals/c/d/539
cost3_unit_random_pool,ビッグフェイス,3,3,3,占い師,なし,OK_GENERIC_BASIC_KEYWORD,no,no,におうだち,https://gameconductor.com/dqrivals/c/d/736
cost3_unit_random_pool,ビッグボック,3,2,3,占い師,なし,NEEDS_EFFECT_REVIEW,no,no,占い:(1)味方リーダーのテンション+1、このユニットのHP+1、(2)味方リーダーのテンション+2,https://gameconductor.com/dqrivals/c/d/1533
cost3_unit_random_pool,ビッグモアイ,3,4,1,魔法使い,なし,OK_TRACKED_IMPLEMENTED,yes,yes,召喚時：自分の手札に魔王系カードがあるならHP+3とにおうだちを得る,https://gameconductor.com/dqrivals/c/d/1044
cost3_unit_random_pool,ファイアボール,3,2,4,戦士,なし,OK_TRACKED_IMPLEMENTED,yes,yes,召喚時：GET(1)。BET：このターン中、味方リーダーが受けるダメージ-5。,https://gameconductor.com/dqrivals/c/d/1184
cost3_unit_random_pool,フウラ,3,2,3,占い師,冒険者,OK_TRACKED_IMPLEMENTED,yes,yes,召喚時：自分の手札を全てデッキのランダムな位置に戻す。戻した枚数に+1した数分カードを引く,https://gameconductor.com/dqrivals/c/d/1389
cost3_unit_random_pool,フェアリードラゴン,3,2,3,共通,ドラゴン,OK_TRACKED_IMPLEMENTED,yes,yes,死亡時：味方リーダーのテンション+1,https://gameconductor.com/dqrivals/c/d/74
cost3_unit_random_pool,フォステイル,3,2,4,占い師,冒険者,REVIEW_NAME_MENTIONED_ONLY,yes,no,おうえん、自分のターン開始時ランダムな占いを持つカード1枚を手札に加える。そのカードのコスト-1。スキルリンク：1ターン先の未来へ旅立つ,https://gameconductor.com/dqrivals/c/d/1535
cost3_unit_random_pool,フォズ大神官,3,2,3,僧侶,冒険者,OK_TRACKED_IMPLEMENTED,yes,yes,自分のターン終了時味方リーダーのテンションスキルを別の職業のものに変更しテンション+2,https://gameconductor.com/dqrivals/c/d/878
cost3_unit_random_pool,フォレストマスター,3,2,3,共通,なし,OK_TRACKED_IMPLEMENTED,yes,yes,召喚時：味方ヒーローがいない場合このターン中、次に使用する英雄カードのコスト-3。味方ヒーローがいる場合+1/+1,https://gameconductor.com/dqrivals/c/d/1238
cost3_unit_random_pool,フロストギズモ,3,2,4,魔法使い,なし,OK_TRACKED_IMPLEMENTED,yes,yes,召喚時：指定の敵マスに氷塊を1つ出す,https://gameconductor.com/dqrivals/c/d/209
cost3_unit_random_pool,ブラウニー,3,1,4,戦士,なし,OK_TRACKED_IMPLEMENTED,yes,yes,味方リーダーの攻撃で敵ユニットを倒す度攻撃力+2,https://gameconductor.com/dqrivals/c/d/181
cost3_unit_random_pool,ブラッドレディ,3,3,3,共通,なし,REVIEW_NAME_MENTIONED_ONLY,yes,no,召喚時：ユニット1体に2ダメージ,https://gameconductor.com/dqrivals/c/d/599
cost3_unit_random_pool,ブルホーク,3,3,2,占い師,なし,OK_TRACKED_IMPLEMENTED,yes,yes,占い:①自分のデッキから占いカードを1枚手札に加える ② 味方リーダーのテンション+2,https://gameconductor.com/dqrivals/c/d/807
cost3_unit_random_pool,ヘルコンダクター,3,1,4,共通,なし,OK_TRACKED_IMPLEMENTED,yes,yes,召喚時：全ての敵ユニットの位置を前後入れ替える。スキルブースト:攻撃力+1,https://gameconductor.com/dqrivals/c/d/1235
cost3_unit_random_pool,ベビーマジシャン,3,2,3,魔法使い,なし,OK_TRACKED_IMPLEMENTED,yes,yes,死亡時:魔法陣にいる場合カードを2枚引く,https://gameconductor.com/dqrivals/c/d/516
cost3_unit_random_pool,ベンガルクーン,3,3,3,商人,なし,OK_TRACKED_IMPLEMENTED,yes,yes,召喚時:宝箱に召喚された場合、宝箱から4/4のミミックがあらわれる。,https://gameconductor.com/dqrivals/c/d/525
cost3_unit_random_pool,ホークマン,3,4,2,共通,なし,OK_GENERIC_BASIC_KEYWORD,no,no,ねらい撃ち,https://gameconductor.com/dqrivals/c/d/69
cost3_unit_random_pool,ボル&ブル,3,3,2,共通,なし,OK_GENERIC_BASIC_KEYWORD,no,no,2回攻撃,https://gameconductor.com/dqrivals/c/d/401
cost3_unit_random_pool,ボーンナイト,3,3,3,共通,ゾンビ,OK_GENERIC_BASIC_KEYWORD,no,no,貫通,https://gameconductor.com/dqrivals/c/d/72
cost3_unit_random_pool,ポムポムボム,3,2,4,占い師,なし,OK_TRACKED_IMPLEMENTED,yes,yes,占いカードを使う度速攻1/1のバブリンを出す,https://gameconductor.com/dqrivals/c/d/759
cost3_unit_random_pool,マジカルハット,3,1,3,商人,なし,REVIEW_NAME_MENTIONED_ONLY,yes,no,他の味方ユニットに自分が特技を使う度その特技と同じ効果がこのユニットに対しても発動する。,https://gameconductor.com/dqrivals/c/d/308
cost3_unit_random_pool,マッドオックス,3,2,3,僧侶,なし,OK_TRACKED_IMPLEMENTED,yes,yes,召喚時：正面にいるランダムな敵ユニット1体に１ダメージを与える。スキルブースト:+1ダメージ,https://gameconductor.com/dqrivals/c/d/845
cost3_unit_random_pool,マドハンド,3,1,1,共通,ゾンビ,OK_TRACKED_IMPLEMENTED,yes,yes,召喚時：このユニットの上下にマドハンドを出す,https://gameconductor.com/dqrivals/c/d/63
cost3_unit_random_pool,マペットマン,3,2,4,商人,なし,OK_TRACKED_IMPLEMENTED,yes,yes,召喚時：味方ユニット1体にさくせんを出す,https://gameconductor.com/dqrivals/c/d/1381
cost3_unit_random_pool,マポレーナ,3,2,3,共通,なし,OK_TRACKED_IMPLEMENTED,yes,yes,召喚時： 味方ユニット1体を+1/+1,https://gameconductor.com/dqrivals/c/d/70
cost3_unit_random_pool,マージスター,3,0,0,共通,なし,OK_TRACKED_IMPLEMENTED,yes,yes,召喚時：全ての味方のHPを2回復,https://gameconductor.com/dqrivals/c/d/974
cost3_unit_random_pool,マージリンリン,3,2,4,僧侶,なし,OK_TRACKED_IMPLEMENTED,yes,yes,れんけい：におうだち1/3のフーセンドラゴンを1体出す,https://gameconductor.com/dqrivals/c/d/1281
cost3_unit_random_pool,ミイラおとこ,3,3,3,魔剣士,ゾンビ,OK_EFFECT_NONE,yes,yes,,https://gameconductor.com/dqrivals/c/d/725
cost3_unit_random_pool,ミケまどう,3,4,2,共通,なし,OK_TRACKED_IMPLEMENTED,yes,yes,召喚時：後列にいるユニット1体に1ダメージ,https://gameconductor.com/dqrivals/c/d/71
cost3_unit_random_pool,ミステリピラー,3,4,3,武闘家,なし,OK_TRACKED_IMPLEMENTED,yes,yes,召喚時：自分のデッキからコスト1以下のカードを1枚引く,https://gameconductor.com/dqrivals/c/d/1506
cost3_unit_random_pool,ミニデーモン,3,2,2,魔法使い,なし,OK_TRACKED_IMPLEMENTED,yes,yes,召喚時：味方ヒーローがいる場合自分のデッキからコスト2の特技カードをランダムに1枚引く,https://gameconductor.com/dqrivals/c/d/871
cost3_unit_random_pool,ミミック,3,4,4,共通,なし,OK_TRACKED_IMPLEMENTED,yes,yes,死亡時：相手はカードを引く,https://gameconductor.com/dqrivals/c/d/65
cost3_unit_random_pool,メイデンドール,3,1,3,魔剣士,なし,OK_TRACKED_IMPLEMENTED,yes,yes,召喚時：味方ヒーローがいる場合敵ユニット1体を-2/-2,https://gameconductor.com/dqrivals/c/d/851
cost3_unit_random_pool,メガザルロック,3,1,4,共通,なし,OK_TRACKED_IMPLEMENTED,yes,yes,死亡時：コスト2以下のランダムな味方ユニット1体を復活させる,https://gameconductor.com/dqrivals/c/d/103
cost3_unit_random_pool,メタッツ,3,1,2,武闘家,スライム,OK_TRACKED_IMPLEMENTED,yes,yes,メタルボディ、速攻、召喚時：味方建物があるならこのユニットにさくせんを出す,https://gameconductor.com/dqrivals/c/d/1363
cost3_unit_random_pool,メタルハンター,3,3,3,共通,なし,OK_TRACKED_IMPLEMENTED,yes,yes,召喚時：メタルボディを持つユニット1体を死亡させる,https://gameconductor.com/dqrivals/c/d/105
cost3_unit_random_pool,メルビン,3,3,4,戦士,冒険者,OK_TRACKED_IMPLEMENTED,yes,yes,貫通、死亡時：ホットストーンに封じられ召喚者の山札の上から3番目にホットストーンが配置される,https://gameconductor.com/dqrivals/c/d/1343
cost3_unit_random_pool,メーダクイン,3,2,4,共通,なし,OK_TRACKED_IMPLEMENTED,yes,yes,お互いの手札にある本来のコストが0の特技カードのコスト+1,https://gameconductor.com/dqrivals/c/d/1237
cost3_unit_random_pool,ヤンガス,3,3,4,僧侶,冒険者,OK_TRACKED_IMPLEMENTED,yes,yes,自分のターン終了時残りMPを全て消費する。消費したMPが1以上の場合その数と同じコストのランダムユニットを1体出す。,https://gameconductor.com/dqrivals/c/d/1051
cost3_unit_random_pool,ライノソルジャー,3,4,2,共通,なし,NEEDS_EFFECT_REVIEW,no,no,スキルブースト：HP+1,https://gameconductor.com/dqrivals/c/d/789
cost3_unit_random_pool,ラプソーン,3,3,3,共通,魔王,REVIEW_NAME_MENTIONED_ONLY,yes,no,死亡時：ランダムな敵ユニット1体に「死亡時：相手の場にラプソーン1体を出す」を付与する,https://gameconductor.com/dqrivals/c/d/937
cost3_unit_random_pool,リッカ,3,1,3,商人,冒険者,OK_TRACKED_IMPLEMENTED,yes,yes,味方ユニットが場に出る度カードを1枚引く,https://gameconductor.com/dqrivals/c/d/313
cost3_unit_random_pool,ルドマン,3,3,3,商人,冒険者,REVIEW_NAME_MENTIONED_ONLY,yes,no,召喚時：GET(1)。BET：道具カードを1枚手札に加える。味方のBETが4回発動する度に、手札/山札からコスト3以下のユニット1体を場に出す。,https://gameconductor.com/dqrivals/c/d/1137
cost3_unit_random_pool,ロウ,3,3,3,占い師,冒険者,OK_TRACKED_IMPLEMENTED,yes,yes,テンションリンク:味方リーダーのテンションの数と同じ効果が発動する。①カードを1枚引く②ランダムな敵1体に2ダメージ、3コストのユニット1体を出す,https://gameconductor.com/dqrivals/c/d/414
cost3_unit_random_pool,ロミア,3,2,3,占い師,冒険者,OK_TRACKED_IMPLEMENTED,yes,yes,召喚時:自分のデッキの上から2枚を表、もう2枚を裏にしてどちらか一方を選ぶ。選んだカードを全て引き、残りを捨てる,https://gameconductor.com/dqrivals/c/d/1295
cost3_unit_random_pool,亡国の先王ロウ,3,2,2,商人,冒険者,OK_TRACKED_IMPLEMENTED,yes,yes,れんけい：使用コスト1以上の特技カード2枚を手札に加える。自分がコスト1以上の特技を使用した後、同じコストのランダムなユニットを1体場に出す。,https://gameconductor.com/dqrivals/c/d/1285
cost3_unit_random_pool,女盗賊ゲルダ,3,4,3,盗賊,冒険者,OK_TRACKED_IMPLEMENTED,yes,yes,ステルス、このユニットが攻撃した後カードを1枚引き手札を1枚選んで捨てる。レジェンドレアカードを捨てた場合 次の相手のターン中戦闘ダメージを受けない,https://gameconductor.com/dqrivals/c/d/1552
cost3_unit_random_pool,妖魔軍王ブギー,3,3,2,共通,なし,OK_TRACKED_IMPLEMENTED,yes,yes,召喚時：敵の冒険者1体をこのユニットが場にいる間+2/+2して味方にする,https://gameconductor.com/dqrivals/c/d/645
cost3_unit_random_pool,強欲なミミック,3,2,4,盗賊,なし,OK_TRACKED_IMPLEMENTED,yes,yes,召喚時：GET(1)、BET:攻撃力+1、死亡時:このユニットの攻撃力が4以上ならレジェンドレアカードを手札に1枚加える,https://gameconductor.com/dqrivals/c/d/1453
cost3_unit_random_pool,忠義の騎士アドン,3,2,3,魔剣士,なし,OK_TRACKED_IMPLEMENTED,yes,yes,このカードはピサロナイトとしても扱う。召喚時:他の味方のピサロナイトの数分+1/+1を得る。,https://gameconductor.com/dqrivals/c/d/1168
cost3_unit_random_pool,怪獣プスゴン,3,3,4,商人,ドラゴン,REVIEW_NAME_MENTIONED_ONLY,yes,no,召喚時：指定の敵の空きマスにイチゴ爆弾を1つ出す。死亡時：正面のランダムな敵の空きマスにイチゴ爆弾を1つ出す,https://gameconductor.com/dqrivals/c/d/1383
cost3_unit_random_pool,支援のかれくさネズミ,3,2,2,商人,なし,OK_TRACKED_IMPLEMENTED,yes,yes,召喚時:味方リーダーが武器を装備していない場合+1/+1 味方リーダーにおどる宝石のそろばんを装備する 武器を装備している場合はぐれメタルを1体出す,https://gameconductor.com/dqrivals/c/d/1569
cost3_unit_random_pool,残響のようじゅつし,3,2,3,魔法使い,なし,REVIEW_NAME_MENTIONED_ONLY,yes,no,召喚時：耐戦中に自分が使った特技カード1枚を手札に加える。自分の手札にある対戦中に自分が使用した特技カードと同じカードのコスト-1,https://gameconductor.com/dqrivals/c/d/1447
cost3_unit_random_pool,畏怖すべき王,3,0,0,魔剣士,なし,OK_TRACKED_IMPLEMENTED,yes,yes,おうえん、味方リーダーのHPを5回復、全ての敵ユニットを封印する,https://gameconductor.com/dqrivals/c/d/1059
cost3_unit_random_pool,神官クリフト,3,2,4,武闘家,冒険者,OK_TRACKED_IMPLEMENTED,yes,yes,召喚時：味方1体のHPを3回復した後「次の相手のターン終了時まで受けるダメージ-2」を付与する,https://gameconductor.com/dqrivals/c/d/1048
cost3_unit_random_pool,群れなすよるのていおう,3,2,2,魔剣士,なし,OK_TRACKED_IMPLEMENTED,yes,yes,召喚時:群れなるよるのていおうを1体出す,https://gameconductor.com/dqrivals/c/d/1543
cost3_unit_random_pool,豊作のじんめんじゅ,3,1,4,僧侶,なし,OK_TRACKED_IMPLEMENTED,yes,yes,ステルス、自分のターン終了時1/1のガップリンを1体出す。このユニットは1ダメージを受ける,https://gameconductor.com/dqrivals/c/d/1273
cost3_unit_random_pool,踊り子マーニャ,3,2,4,魔法使い,冒険者,REVIEW_NAME_MENTIONED_ONLY,yes,no,テンションリンク：自分のデッキの一番上のカードがユニットカード以外ならそのカードを引きコスト-1、ユニットカードならデッキの下に戻す,https://gameconductor.com/dqrivals/c/d/1355
cost3_unit_random_pool,運命の天使ラヴィエル,3,2,3,僧侶,冒険者,OK_TRACKED_IMPLEMENTED,yes,yes,前列召喚時：自分のデッキからコスト1以下のユニットを1体出す。後列召喚時：+2/+2相手の手札から相手の場にランダムなユニットを1体出す,https://gameconductor.com/dqrivals/c/d/1372
cost3_unit_random_pool,鏡像のマネマネ,3,3,2,盗賊,なし,OK_TRACKED_IMPLEMENTED,yes,yes,速攻、れんけい：次の1回のみ味方リーダーのテンションスキルは敵リーダーと同じテンションスキルになる,https://gameconductor.com/dqrivals/c/d/1315
cost3_unit_random_pool,魅惑のマルティナ,3,3,3,武闘家,冒険者,OK_TRACKED_IMPLEMENTED,yes,yes,れんけい：後列にいる全ての敵ユニットを前列に移動させる。スキルリンク：合計7ダメージを敵前列のランダムなマスに振り分ける。,https://gameconductor.com/dqrivals/c/d/1270
cost3_unit_random_pool,魔王の書,3,2,4,戦士,なし,REVIEW_NAME_MENTIONED_ONLY,yes,no,におうだち、召喚時：このターン中次に召喚する本来のコストが5以上の魔王系カードのコスト-3,https://gameconductor.com/dqrivals/c/d/1485
cost3_unit_random_pool,黄金兵,3,2,3,共通,なし,REVIEW_NAME_MENTIONED_ONLY,yes,no,におうだち、自分がコインを使う度このターン中手札にあるこのカードのコスト-2,https://gameconductor.com/dqrivals/c/d/1236
dragon_unit_random_pool,いっかく竜,1,2,2,占い師,ドラゴン,REVIEW_NAME_MENTIONED_ONLY,yes,no,召喚時：味方リーダーのテンションスキルを竜の導きに変える,https://gameconductor.com/dqrivals/c/d/669
dragon_unit_random_pool,パピラス,1,2,1,共通,ドラゴン,REVIEW_NAME_MENTIONED_ONLY,yes,no,れんけい：ランダムなコスト1〜3の自分の職業の特技カードを1枚手札に加える。,https://gameconductor.com/dqrivals/c/d/1455
dragon_unit_random_pool,メラリザード,1,1,2,共通,ドラゴン,REVIEW_NAME_MENTIONED_ONLY,yes,no,貫通,https://gameconductor.com/dqrivals/c/d/40
dragon_unit_random_pool,とさかヘビ,2,2,2,共通,ドラゴン,REVIEW_NAME_MENTIONED_ONLY,yes,no,召喚時：自分のデッキの上からカード4枚を見る。ドラゴン系のカードを1枚選びそれを引く。残りをデッキの下に戻す。,
dragon_unit_random_pool,アルゴリザード,2,1,2,戦士,ドラゴン,REVIEW_NAME_MENTIONED_ONLY,yes,no,速攻、れんけい：敵ユニット1体に2ダメージ,https://gameconductor.com/dqrivals/c/d/1246
dragon_unit_random_pool,フーセンドラゴン,2,1,3,僧侶,ドラゴン,REVIEW_NAME_MENTIONED_ONLY,yes,no,におうだち,https://gameconductor.com/dqrivals/c/d/1424
dragon_unit_random_pool,メイジバピラス,2,2,2,占い師,ドラゴン,REVIEW_NAME_MENTIONED_ONLY,yes,no,絶好調、絶好調状態の味方ユニットが攻撃する度自分のデッキから占いカードを1枚引く,https://gameconductor.com/dqrivals/c/d/966
dragon_unit_random_pool,リザードキッズ,2,5,3,共通,ドラゴン,REVIEW_NAME_MENTIONED_ONLY,yes,no,攻撃時：このターン中攻撃力-3。,
dragon_unit_random_pool,リザードフライ,2,2,3,共通,ドラゴン,REVIEW_NAME_MENTIONED_ONLY,yes,no,召喚時:味方ユニット1体を1マス下に移動させる。,https://gameconductor.com/dqrivals/c/d/535
dragon_unit_random_pool,リザードマン,2,3,2,共通,ドラゴン,OK_EFFECT_NONE,yes,no,効果なし,https://gameconductor.com/dqrivals/c/d/8
dragon_unit_random_pool,いばらドラゴン,3,3,3,占い師,ドラゴン,OK_EFFECT_NONE,yes,yes,効果なし,https://gameconductor.com/dqrivals/c/d/853
dragon_unit_random_pool,はしりとかげ,3,2,4,共通,ドラゴン,OK_TRACKED_IMPLEMENTED,yes,yes,いずれかのプレイヤーのヒーロースキルが発動した後味方リーダーを3回復,https://gameconductor.com/dqrivals/c/d/861
dragon_unit_random_pool,アルゴングレート,3,4,4,共通,ドラゴン,OK_TRACKED_IMPLEMENTED,yes,yes,正面に敵ユニットがいる場合攻撃できない,https://gameconductor.com/dqrivals/c/d/1461
dragon_unit_random_pool,サウルスロード,3,4,3,共通,ドラゴン,REVIEW_NAME_MENTIONED_ONLY,yes,no,選択：・特技ダメージ+1を得る ・武器ダメージ+1を得る,
dragon_unit_random_pool,ダッシュラン,3,3,3,共通,ドラゴン,REVIEW_NAME_MENTIONED_ONLY,yes,no,召喚時：前列にいるユニット1体を後列に移動させる,https://gameconductor.com/dqrivals/c/d/67
dragon_unit_random_pool,テラノザース,3,4,3,戦士,ドラゴン,REVIEW_NAME_MENTIONED_ONLY,yes,no,召喚時:自分のデッキに特技カードがないならカードを1枚引く,https://gameconductor.com/dqrivals/c/d/1484
dragon_unit_random_pool,デンタザウルス,3,2,4,魔法使い,ドラゴン,REVIEW_NAME_MENTIONED_ONLY,yes,no,におうだち、召喚時：手札にコスト3以上の特技カードがあるならHP+2,https://gameconductor.com/dqrivals/c/d/1495
dragon_unit_random_pool,ドラゴン,3,5,4,共通,ドラゴン,OK_TRACKED_IMPLEMENTED,yes,yes,死亡時：相手の手札に王女の愛を加える,https://gameconductor.com/dqrivals/c/d/146
dragon_unit_random_pool,ドラゴンキッズ,3,3,2,共通,ドラゴン,OK_TRACKED_IMPLEMENTED,yes,yes,召喚時：正面にいる全ての敵ユニットに1ダメージ,https://gameconductor.com/dqrivals/c/d/101
dragon_unit_random_pool,バルンバ,3,2,4,占い師,ドラゴン,REVIEW_NAME_MENTIONED_ONLY,yes,no,パワフルバッジ：ドラゴン系の味方ユニットはにおうだちを得る,https://gameconductor.com/dqrivals/c/d/589
dragon_unit_random_pool,フェアリードラゴン,3,2,3,共通,ドラゴン,OK_TRACKED_IMPLEMENTED,yes,yes,死亡時：味方リーダーのテンション+1,https://gameconductor.com/dqrivals/c/d/74
dragon_unit_random_pool,怪獣プスゴン,3,3,4,商人,ドラゴン,REVIEW_NAME_MENTIONED_ONLY,yes,no,召喚時：指定の敵の空きマスにイチゴ爆弾を1つ出す。死亡時：正面のランダムな敵の空きマスにイチゴ爆弾を1つ出す,https://gameconductor.com/dqrivals/c/d/1383
dragon_unit_random_pool,りゅうき兵,4,4,5,共通,ドラゴン,OK_EFFECT_NONE,yes,no,効果なし,https://gameconductor.com/dqrivals/c/d/12
dragon_unit_random_pool,りゅうせんし,4,3,5,戦士,ドラゴン,REVIEW_NAME_MENTIONED_ONLY,yes,no,召喚時：速攻と「このターン中敵リーダーを攻撃できない」を得る。このユニットの攻撃は味方リーダーの攻撃としても扱う,https://gameconductor.com/dqrivals/c/d/1486
dragon_unit_random_pool,りゅうはかせ,4,3,2,共通,ドラゴン,REVIEW_NAME_MENTIONED_ONLY,yes,no,自分が使用するコスト3以上の特技のダメージを+2する,https://gameconductor.com/dqrivals/c/d/1463
dragon_unit_random_pool,ギガントドラゴン,4,4,4,共通,ドラゴン,REVIEW_NAME_MENTIONED_ONLY,yes,no,召喚時：敵の前列か後列を選び、縦一列の全ての敵ユニットに1ダメージ。味方の場か手札に攻撃力4以上の自身を除いたドラゴン系ユニットがいるなら、代わりに2ダメージ。,
dragon_unit_random_pool,コドラ,4,4,4,共通,ドラゴン,REVIEW_NAME_MENTIONED_ONLY,yes,no,召喚時：このターン中次に使うドラゴン系のユニットカードのコスト-2,https://gameconductor.com/dqrivals/c/d/604
dragon_unit_random_pool,フォレストドラゴ,4,3,6,僧侶,ドラゴン,REVIEW_NAME_MENTIONED_ONLY,yes,no,自分のターン終了時味方リーダーのHPを2回復,https://gameconductor.com/dqrivals/c/d/562
dragon_unit_random_pool,ヘルジュラシック,4,4,5,魔法使い,ドラゴン,REVIEW_NAME_MENTIONED_ONLY,yes,no,敵ユニットが2体以上いるなら手札にあるこのカードのコスト-1,https://gameconductor.com/dqrivals/c/d/1497
dragon_unit_random_pool,ベビーサラマンダ,4,2,6,僧侶,ドラゴン,REVIEW_NAME_MENTIONED_ONLY,yes,no,攻撃時：GET(1)、BET:攻撃力+1、このBETが4回発動した後超貫通8/8のサラマンダーに変身する,https://gameconductor.com/dqrivals/c/d/1138
dragon_unit_random_pool,リトルライバーン,4,3,5,僧侶,ドラゴン,REVIEW_NAME_MENTIONED_ONLY,yes,no,味方が回復する度ランダムな敵1体に2ダメージ,https://gameconductor.com/dqrivals/c/d/274
dragon_unit_random_pool,樹氷の竜,4,3,4,魔法使い,ドラゴン,REVIEW_NAME_MENTIONED_ONLY,yes,no,自分のターン終了時、敵の場に氷塊があるなら敵リーダーに3ダメージ。,https://gameconductor.com/dqrivals/c/d/517
dragon_unit_random_pool,たつのこナイト,5,6,5,僧侶,ドラゴン,REVIEW_NAME_MENTIONED_ONLY,yes,no,パワフルバッジ：自分の手札にあるドラゴン系のユニットカードのコスト-1。,https://gameconductor.com/dqrivals/c/d/630
dragon_unit_random_pool,アックスドラゴン,5,5,3,共通,ドラゴン,REVIEW_NAME_MENTIONED_ONLY,yes,no,召喚時：ユニット1体に1ダメージを与えた後「受けるダメージ2倍」を付与する。,https://gameconductor.com/dqrivals/c/d/29
dragon_unit_random_pool,イエローファット,5,5,6,武闘家,ドラゴン,REVIEW_NAME_MENTIONED_ONLY,yes,no,召喚時：味方リーダーのテンションを全て消費する。消費した数と同じだけ速攻1/1のファーラットを出す,https://gameconductor.com/dqrivals/c/d/1509
dragon_unit_random_pool,イブール,5,5,5,占い師,ドラゴン,REVIEW_NAME_MENTIONED_ONLY,yes,no,相手プレイヤーの手札の特技カードのコスト+1、召喚時&攻撃時:相手のデッキの一番上にイブールの本が一枚置かれる,https://gameconductor.com/dqrivals/c/d/1392
dragon_unit_random_pool,ガメゴンロード,5,4,6,共通,ドラゴン,REVIEW_NAME_MENTIONED_ONLY,yes,no,におうだち。召喚時：自分の場か手札に攻撃力4以上の他のドラゴン系がいるなら特技：メラミを1枚手札に加える。,
dragon_unit_random_pool,キースドラゴン,5,4,5,占い師,ドラゴン,REVIEW_NAME_MENTIONED_ONLY,yes,no,占い：①味方リーダーのHPを5回復、②正面にいる全ての敵ユニットに2ダメージ,https://gameconductor.com/dqrivals/c/d/670
dragon_unit_random_pool,グリーンドラゴン,5,5,5,僧侶,ドラゴン,OK_EFFECT_NONE,yes,no,効果なし,https://gameconductor.com/dqrivals/c/d/770
dragon_unit_random_pool,ゴールデンドラゴン,5,5,3,戦士,ドラゴン,REVIEW_NAME_MENTIONED_ONLY,yes,no,この対戦中に味方リーダーが攻撃した回数分HP+1,https://gameconductor.com/dqrivals/c/d/1488
dragon_unit_random_pool,シュプリンガー,5,5,4,共通,ドラゴン,REVIEW_NAME_MENTIONED_ONLY,yes,no,れんけい：このユニットに2回さくせんを出す。,https://gameconductor.com/dqrivals/c/d/1337
dragon_unit_random_pool,スカイドラゴン,5,4,6,共通,ドラゴン,REVIEW_NAME_MENTIONED_ONLY,yes,no,絶好調、絶好調状態な味方ユニットが攻撃する度味方リーダーのテンション+1,https://gameconductor.com/dqrivals/c/d/946
dragon_unit_random_pool,スノードラゴン,5,4,3,魔法使い,ドラゴン,OK_TRACKED_IMPLEMENTED,yes,yes,召喚時：コスト4・5・6の特技カードをそれぞれランダムに1枚ずつ選出し、その中から1枚を選んで手札に加える。自分のデッキのメラ系の特技カードが無いなら手札にあるこのカードのコスト-2。,https://gameconductor.com/dqrivals/c/d/1498
dragon_unit_random_pool,ドラゴビショップ,5,3,4,占い師,ドラゴン,REVIEW_NAME_MENTIONED_ONLY,yes,no,召喚時:カードを2枚引く、このターン中に使った占いカードの枚数分デッキと手札にあるこのカードのコスト-1,https://gameconductor.com/dqrivals/c/d/1537
dragon_unit_random_pool,ドラゴンソルジャー,5,3,5,戦士,ドラゴン,REVIEW_NAME_MENTIONED_ONLY,yes,no,対戦中に味方リーダーが攻撃した回数分攻撃力+1,https://gameconductor.com/dqrivals/c/d/187
dragon_unit_random_pool,ドラゴンヘビー,5,4,6,共通,ドラゴン,REVIEW_NAME_MENTIONED_ONLY,yes,no,におうだち、このユニットは移動せず手札に戻らない,https://gameconductor.com/dqrivals/c/d/893
dragon_unit_random_pool,ドランゴ,5,5,5,戦士,ドラゴン,REVIEW_NAME_MENTIONED_ONLY,yes,no,味方リーダーが攻撃した後ランダムな横一列にいる全ての敵ユニットと敵リーダーに2ダメージ。このユニットは冒険者としても扱う,https://gameconductor.com/dqrivals/c/d/1349
dragon_unit_random_pool,バトルレックス,5,4,6,共通,ドラゴン,REVIEW_NAME_MENTIONED_ONLY,yes,no,攻撃時：このターン中味方リーダーの武器の攻撃力+2,https://gameconductor.com/dqrivals/c/d/124
dragon_unit_random_pool,ベビーニュート,5,3,6,僧侶,ドラゴン,REVIEW_NAME_MENTIONED_ONLY,yes,no,味方ユニットのHPが回復する度ランダムな敵1体に1ダメージを与えた後カードを1枚引く,https://gameconductor.com/dqrivals/c/d/997
dragon_unit_random_pool,怪竜やまたのおろち,5,3,6,魔剣士,ドラゴン,REVIEW_NAME_MENTIONED_ONLY,yes,no,召喚時:残りMPを全て消費する。消費したMPの数分攻撃力+1、その後 このユニットの攻撃力と同じ数分のダメージをランダムな敵ユニットに割り振る,https://gameconductor.com/dqrivals/c/d/1548
dragon_unit_random_pool,立ち塞がるドラゴン,5,4,7,盗賊,ドラゴン,OK_TRACKED_IMPLEMENTED,yes,yes,におうだち、超貫通、召喚時：カードを2枚引いた後自分の手札から2枚選んで捨てる。死亡時：相手の手札にコスト2の王女の愛を1枚加える,https://gameconductor.com/dqrivals/c/d/1438
dragon_unit_random_pool,まかいファイター,6,4,5,戦士,ドラゴン,REVIEW_NAME_MENTIONED_ONLY,yes,no,召喚時：GET(1)、BET：このターン中味方リーダーの攻撃力+1、このBETが4回発動する度まかいファイターを1体だす,https://gameconductor.com/dqrivals/c/d/1143
dragon_unit_random_pool,やまたのおろち,6,4,4,共通,ドラゴン,REVIEW_NAME_MENTIONED_ONLY,yes,no,召喚時：味方ユニット1体を死亡させる そのユニットのコスト分攻撃力とHPが上がる,https://gameconductor.com/dqrivals/c/d/155
dragon_unit_random_pool,ガメゴン,6,3,7,共通,ドラゴン,REVIEW_NAME_MENTIONED_ONLY,yes,no,におうだち,https://gameconductor.com/dqrivals/c/d/86
dragon_unit_random_pool,デンデン竜,6,4,6,共通,ドラゴン,REVIEW_NAME_MENTIONED_ONLY,yes,no,におうだち、おうえん,https://gameconductor.com/dqrivals/c/d/429
dragon_unit_random_pool,ドラゴンガイア,6,6,6,共通,ドラゴン,OK_TRACKED_IMPLEMENTED,yes,yes,召喚時：次の相手のターン終了時まで全ての味方は相手の特技ダメージを受けない,https://gameconductor.com/dqrivals/c/d/153
dragon_unit_random_pool,ドラゴンブッシュ,6,6,7,共通,ドラゴン,REVIEW_NAME_MENTIONED_ONLY,yes,no,特技ダメージ+1。召喚時：自分の場か手札に攻撃力4以上の他のドラゴン系がいるなら特技ダメージ+1を得る。,
dragon_unit_random_pool,ドラゴンロード,6,6,6,共通,ドラゴン,OK_TRACKED_IMPLEMENTED,yes,yes,場に出ている間、このユニットを除くドラゴン系の味方ユニット全てを+1/+1。場に出ている間、自分の手札にあるドラゴン系ユニットカードの使用コスト-1。,https://gameconductor.com/dqrivals/c/d/753
dragon_unit_random_pool,竜将ドラゴンガイア,6,6,6,魔法使い,ドラゴン,REVIEW_NAME_MENTIONED_ONLY,yes,no,召喚時：手札にコスト3以上の特技カードがあるなら縦一列にいる全ての敵ユニットに2ダメージ、それらのユニットを次のターン終了時まで攻撃不能にする,https://gameconductor.com/dqrivals/c/d/1499
dragon_unit_random_pool,おにこんぼう,7,7,7,共通,ドラゴン,OK_EFFECT_NONE,yes,no,効果なし,https://gameconductor.com/dqrivals/c/d/18
dragon_unit_random_pool,オリハルゴン,7,6,7,戦士,ドラゴン,OK_TRACKED_IMPLEMENTED,yes,yes,自分のターン中味方リーダーは攻撃力+3を得る。前列にいる場合味方リーダーが受けるダメージ-2,https://gameconductor.com/dqrivals/c/d/1489
dragon_unit_random_pool,ガメゴンレジェンド,7,5,7,僧侶,ドラゴン,REVIEW_NAME_MENTIONED_ONLY,yes,no,におうだち、召喚時：ランダムな敵1体に1ダメージ。これを3回繰り返す。スキルブースト：繰り返す回数+1,https://gameconductor.com/dqrivals/c/d/1518
dragon_unit_random_pool,グレイナル,7,6,6,僧侶,ドラゴン,REVIEW_NAME_MENTIONED_ONLY,yes,no,召喚時：竜戦士の装具を手札に加える。ドラゴン系の味方ユニットが攻撃して敵ユニットを倒す度味方リーダーのテンション+1,https://gameconductor.com/dqrivals/c/d/634
dragon_unit_random_pool,ダースドラゴン,7,7,7,占い師,ドラゴン,OK_EFFECT_NONE,yes,no,効果なし,https://gameconductor.com/dqrivals/c/d/772
dragon_unit_random_pool,テラノライナー,7,5,2,共通,ドラゴン,REVIEW_NAME_MENTIONED_ONLY,yes,no,速攻,https://gameconductor.com/dqrivals/c/d/17
dragon_unit_random_pool,ドラゴンゾンビ,7,6,6,共通,ドラゴン,REVIEW_NAME_MENTIONED_ONLY,yes,no,死亡時：正面にいる全ての敵ユニットに3ダメージ,https://gameconductor.com/dqrivals/c/d/140
dragon_unit_random_pool,ドラゴンバゲージ,7,5,7,僧侶,ドラゴン,REVIEW_NAME_MENTIONED_ONLY,yes,no,におうだち、自分のターン終了時味方リーダーのテンション+1,https://gameconductor.com/dqrivals/c/d/620
dragon_unit_random_pool,ブラックドラゴン,7,6,6,共通,ドラゴン,REVIEW_NAME_MENTIONED_ONLY,yes,no,召喚時:ランダムな敵ユニット1体に1ダメージ。このカードを除く自分の場と手札にいるドラゴン系の数の3倍分与えるダメージが増える。,https://gameconductor.com/dqrivals/c/d/580
dragon_unit_random_pool,ワイバーンドッグ,7,7,7,盗賊,ドラゴン,OK_TRACKED_IMPLEMENTED,yes,yes,召喚時：ダメージを受けている全ての敵ユニットに3ダメージ、れんけい：さらにダメージを受けていない全てのユニットに1ダメージ,https://gameconductor.com/dqrivals/c/d/1324
dragon_unit_random_pool,しんりゅう,8,8,8,占い師,ドラゴン,REVIEW_NAME_MENTIONED_ONLY,yes,no,召喚時:願い事を１つかなえてくれる。 味方リーダーが超必中モードの場合全ての願い事をかなえてくれる。,https://gameconductor.com/dqrivals/c/d/590
dragon_unit_random_pool,アンドレアル,8,5,5,僧侶,ドラゴン,REVIEW_NAME_MENTIONED_ONLY,yes,no,スキルリンク：5/5のグリーンドラゴンを1体出す。 スキルブースト：コスト-1,https://gameconductor.com/dqrivals/c/d/749
dragon_unit_random_pool,ギガデーモン,8,7,6,武闘家,ドラゴン,REVIEW_NAME_MENTIONED_ONLY,yes,no,こうげきできない、BET：速攻と「このターン中攻撃可能になる」を得る。自分のターン終了時GET(1),https://gameconductor.com/dqrivals/c/d/1123
dragon_unit_random_pool,グレイトドラゴン,8,6,6,共通,ドラゴン,REVIEW_NAME_MENTIONED_ONLY,yes,no,召喚時：このユニットを除く自分の場と手札にいるドラゴン系の数だけ+1/+1,https://gameconductor.com/dqrivals/c/d/142
dragon_unit_random_pool,レジェンドウルフ,9,9,9,共通,ドラゴン,OK_EFFECT_NONE,yes,no,効果なし,https://gameconductor.com/dqrivals/c/d/643
dragon_unit_random_pool,竜王,9,7,7,共通,ドラゴン,REVIEW_NAME_MENTIONED_ONLY,yes,no,超貫通,https://gameconductor.com/dqrivals/c/d/727
dragon_unit_random_pool,キングリザード,10,7,7,共通,ドラゴン,REVIEW_NAME_MENTIONED_ONLY,yes,no,このカードを除く自分の場と手札にいるドラゴン系の数だけコストが下がる。,https://gameconductor.com/dqrivals/c/d/144
dragon_unit_random_pool,邪竜軍王ガリンガ,12,8,6,魔剣士,ドラゴン,NEEDS_EFFECT_REVIEW,no,no,このユニットの攻撃で敵ユニットが死亡する度HPを超えた分だけ敵リーダーにダメージ。対戦中に死亡した味方ユニットの数分コスト-1,https://gameconductor.com/dqrivals/c/d/1308
