pool,name,cost,attack,hp,class,tribe,official_effect_text_from_cards_json,official_url,official_reference_status,v230_static_status,name_in_app_js,tracked_in_implemented_reports,mechanics_detected,risk_priority,recommended_next_action
cost2_unit_random_pool,あくましんかん,2,2,2,占い師,なし,占い：(1)「死亡時：この場所に復活する」を得る(2)におうだちHP+1,https://gameconductor.com/dqrivals/c/d/1003,official_detail_url_present_in_cards_json,REVIEW_NAME_MENTIONED_ONLY,yes,no,death|fortune|basic_keyword,A_COMPLEX_NAME_ONLY,通常/必中/超必中、占い(1)/(2)誘発リスナーを確認。
cost2_unit_random_pool,あくまの書,2,2,2,魔法使い,なし,れんけい：自分の手札のコスト2以下のユニットカードを2枚選び、そのコピーを手札に加える。ターン終了時、この効果で加えたカードが手札にあれば破棄する。,https://gameconductor.com/dqrivals/c/d/1256,official_detail_url_present_in_cards_json,REVIEW_NAME_MENTIONED_ONLY,yes,no,renkei|turn_end|copy|cost_change|hand,A_COMPLEX_NAME_ONLY,テンション3条件のみ・テンション非消費・対象/場に出す/召喚時不発を確認。
cost2_unit_random_pool,あばれザル,2,3,2,武闘家,なし,絶好調、死亡時：このユニットが絶好調状態ならカードを1枚引く,https://gameconductor.com/dqrivals/c/d/873,official_detail_url_present_in_cards_json,REVIEW_NAME_MENTIONED_ONLY,yes,no,death|zekkocho|draw,A_COMPLEX_NAME_ONLY,死亡時のみ。消滅/変身/手札戻しでは発動しないことを確認。
cost2_unit_random_pool,あばれ足鳥,2,2,2,占い師,なし,占い:(1)速攻と貫通を得る、(2)+1/+1,https://gameconductor.com/dqrivals/c/d/1293,official_detail_url_present_in_cards_json,REVIEW_NAME_MENTIONED_ONLY,yes,no,fortune|basic_keyword,A_COMPLEX_NAME_ONLY,通常/必中/超必中、占い(1)/(2)誘発リスナーを確認。
cost2_unit_random_pool,うみうし,2,2,1,盗賊,なし,召喚時&手札から捨てた時：1/2のおおなめくじを1体出す,https://gameconductor.com/dqrivals/c/d/1405,official_detail_url_present_in_cards_json,OK_TRACKED_IMPLEMENTED,yes,yes,summon|discard_from_hand|put_into_play|hand,B_RECENTLY_FIXED_RECHECK,直近修正済み。公式文面との一致を再テスト対象にする。
cost2_unit_random_pool,おおきづち,2,1,3,共通,なし,テンションリンク：このターン中攻撃力+2,https://gameconductor.com/dqrivals/c/d/54,official_detail_url_present_in_cards_json,REVIEW_NAME_MENTIONED_ONLY,yes,no,tension_link,A_COMPLEX_NAME_ONLY,公式文面どおり個別実装の有無を確認。
cost2_unit_random_pool,おおにわとり,2,2,1,武闘家,なし,召喚時：ランダムなコスト2以下の味方建物1つの耐久値+1、味方建物がないなら自分のデッキからコスト2以下の建物カードを1枚引く,https://gameconductor.com/dqrivals/c/d/1362,official_detail_url_present_in_cards_json,REVIEW_NAME_MENTIONED_ONLY,yes,no,summon|random|deck_search|draw|cost_change|building,A_COMPLEX_NAME_ONLY,手札から召喚時のみ発動。ランダムで場に出た場合に発動しないことを確認。
cost2_unit_random_pool,おにびドングリ,2,2,2,魔剣士,なし,召喚時:このターン中ユニットが死亡しているなら魔力開放1枚を手札に加える,https://gameconductor.com/dqrivals/c/d/1300,official_detail_url_present_in_cards_json,REVIEW_NAME_MENTIONED_ONLY,yes,no,summon|hand,A_COMPLEX_NAME_ONLY,手札から召喚時のみ発動。ランダムで場に出た場合に発動しないことを確認。
cost2_unit_random_pool,かくれんぼう,2,2,2,共通,なし,ステルス、れんけい：カードを1枚引く,https://gameconductor.com/dqrivals/c/d/1329,official_detail_url_present_in_cards_json,REVIEW_NAME_MENTIONED_ONLY,yes,no,renkei|draw|basic_keyword,A_COMPLEX_NAME_ONLY,テンション3条件のみ・テンション非消費・対象/場に出す/召喚時不発を確認。
cost2_unit_random_pool,きめんどうし,2,2,3,占い師,なし,召喚時：自分のデッキの上からカードを2枚見る。1枚をデッキの上に戻し残りをデッキの下に戻す。,https://gameconductor.com/dqrivals/c/d/319,official_detail_url_present_in_cards_json,REVIEW_NAME_MENTIONED_ONLY,yes,no,summon|deck_top,A_COMPLEX_NAME_ONLY,手札から召喚時のみ発動。ランダムで場に出た場合に発動しないことを確認。
cost2_unit_random_pool,きりかぶおばけ,2,2,2,僧侶,なし,召喚時：GET(1)。BET：1ターンに1回のみ、他のランダムな味方ユニットのHP+2。,https://gameconductor.com/dqrivals/c/d/1124,official_detail_url_present_in_cards_json,REVIEW_NAME_MENTIONED_ONLY,yes,no,summon|bet|get|random,A_COMPLEX_NAME_ONLY,GET/BET入口、1ターン1回制限、累積カウント、コイン消費時誘発を確認。
cost2_unit_random_pool,しましまキャット,2,2,2,商人,なし,召喚時&死亡時：しあわせのたね1枚を手札に加える,https://gameconductor.com/dqrivals/c/d/1522,official_detail_url_present_in_cards_json,REVIEW_NAME_MENTIONED_ONLY,yes,no,summon|death|hand,A_COMPLEX_NAME_ONLY,手札から召喚時のみ発動。ランダムで場に出た場合に発動しないことを確認。
cost2_unit_random_pool,とさかヘビ,2,2,2,共通,ドラゴン,召喚時：自分のデッキの上からカード4枚を見る。ドラゴン系のカードを1枚選びそれを引く。残りをデッキの下に戻す。,,official_detail_url_missing,REVIEW_NAME_MENTIONED_ONLY,yes,no,summon|deck_top,A_OFFICIAL_URL_MISSING,公式DB詳細URLの再取得が先。名前検索で公式IDを確認してから実装照合。
cost2_unit_random_pool,とらおとこ,2,3,2,共通,なし,召喚時:地形マスに召喚された場合+1/+1,https://gameconductor.com/dqrivals/c/d/509,official_detail_url_present_in_cards_json,REVIEW_NAME_MENTIONED_ONLY,yes,no,summon|terrain,A_COMPLEX_NAME_ONLY,手札から召喚時のみ発動。ランダムで場に出た場合に発動しないことを確認。
cost2_unit_random_pool,はなカワセミ,2,2,3,共通,なし,パワフルバッジ：スライム系のユニットカードを使う度味方リーダーのHPを1回復,https://gameconductor.com/dqrivals/c/d/577,official_detail_url_present_in_cards_json,REVIEW_NAME_MENTIONED_ONLY,yes,no,powerful_badge,A_COMPLEX_NAME_ONLY,常在/バッジ再計算、後出し反映、場を離れた時の解除を確認。
cost2_unit_random_pool,ぷちメタル,2,1,2,商人,スライム,メタルボディ、BET:1ターンに1回のみ攻撃力+1と速攻を得る、自分のターン終了時GET(1)、この効果は一度しか発動しない,https://gameconductor.com/dqrivals/c/d/1200,official_detail_url_present_in_cards_json,REVIEW_NAME_MENTIONED_ONLY,yes,no,bet|get|turn_end|basic_keyword,A_COMPLEX_NAME_ONLY,GET/BET入口、1ターン1回制限、累積カウント、コイン消費時誘発を確認。
cost2_unit_random_pool,まおうのかめん,2,2,3,共通,なし,このカードは場と手札にある間魔王系としても扱う。 召喚時:自分の手札に魔王系カードがあるならステルスを得る,https://gameconductor.com/dqrivals/c/d/1459,official_detail_url_present_in_cards_json,REVIEW_NAME_MENTIONED_ONLY,yes,no,summon|hand|basic_keyword,A_COMPLEX_NAME_ONLY,手札から召喚時のみ発動。ランダムで場に出た場合に発動しないことを確認。
cost2_unit_random_pool,まおうのたまご,2,2,1,共通,スライム,死亡時：自分のデッキから本来のコストが5以上の魔王系のユニットカードをランダムに1枚手札に加える,https://gameconductor.com/dqrivals/c/d/1030,official_detail_url_present_in_cards_json,REVIEW_NAME_MENTIONED_ONLY,yes,no,death|random|deck_search|cost_change|hand,A_COMPLEX_NAME_ONLY,死亡時のみ。消滅/変身/手札戻しでは発動しないことを確認。
cost2_unit_random_pool,むつでエビ,2,2,3,共通,なし,召喚時:相手の手札が3枚以下の場合HP+1とにおうだちを得る,https://gameconductor.com/dqrivals/c/d/424,official_detail_url_present_in_cards_json,REVIEW_NAME_MENTIONED_ONLY,yes,no,summon|hand|basic_keyword,A_COMPLEX_NAME_ONLY,手札から召喚時のみ発動。ランダムで場に出た場合に発動しないことを確認。
cost2_unit_random_pool,もりもりベス,2,2,3,武闘家,スライム,れんけい：味方の1マスを選択し、2/1のスライムベスを1体出す。,https://gameconductor.com/dqrivals/c/d/1266,official_detail_url_present_in_cards_json,REVIEW_NAME_MENTIONED_ONLY,yes,no,renkei|choose|put_into_play,A_COMPLEX_NAME_ONLY,テンション3条件のみ・テンション非消費・対象/場に出す/召喚時不発を確認。
cost2_unit_random_pool,やみのとうぞく,2,3,1,盗賊,なし,召喚時:相手のデッキのランダムなカードと同じカード1枚を手札に加える,https://gameconductor.com/dqrivals/c/d/1427,official_detail_url_present_in_cards_json,REVIEW_NAME_MENTIONED_ONLY,yes,no,summon|random|hand,A_COMPLEX_NAME_ONLY,手札から召喚時のみ発動。ランダムで場に出た場合に発動しないことを確認。
cost2_unit_random_pool,よるのていおう,2,2,2,共通,なし,テンションリンク：後列にいるランダムな敵ユニット1体を前列のランダムな空きマスに移動させる,https://gameconductor.com/dqrivals/c/d/62,official_detail_url_present_in_cards_json,REVIEW_NAME_MENTIONED_ONLY,yes,no,tension_link|position|target_modal|random,A_COMPLEX_NAME_ONLY,公式文面どおり個別実装の有無を確認。
cost2_unit_random_pool,アルゴリザード,2,1,2,戦士,ドラゴン,速攻、れんけい：敵ユニット1体に2ダメージ,https://gameconductor.com/dqrivals/c/d/1246,official_detail_url_present_in_cards_json,REVIEW_NAME_MENTIONED_ONLY,yes,no,renkei|target_modal|basic_keyword,A_COMPLEX_NAME_ONLY,テンション3条件のみ・テンション非消費・対象/場に出す/召喚時不発を確認。
cost2_unit_random_pool,インプ,2,2,3,占い師,なし,召喚時：GET(1)。BET：デッキの一番上が偶数コストなら敵リーダーに2ダメージ。このユニットへのBETは1ターン1回,https://gameconductor.com/dqrivals/c/d/1162,official_detail_url_present_in_cards_json,REVIEW_NAME_MENTIONED_ONLY,yes,no,summon|bet|get|cost_change,A_COMPLEX_NAME_ONLY,GET/BET入口、1ターン1回制限、累積カウント、コイン消費時誘発を確認。
cost2_unit_random_pool,エビルスピリッツ,2,2,3,戦士,ゾンビ,ステルス、このユニットの攻撃は味方リーダーの攻撃としても扱う,https://gameconductor.com/dqrivals/c/d/838,official_detail_url_present_in_cards_json,OK_TRACKED_IMPLEMENTED,yes,yes,leader_attack|basic_keyword,B_RECENTLY_FIXED_RECHECK,直近修正済み。公式文面との一致を再テスト対象にする。
cost2_unit_random_pool,エビルポット,2,1,2,共通,なし,熟練度(0)、おうえん、死亡時:自分のデッキの上7枚から熟練度を持つカードを1枚引く。残りをデッキの下に戻す。(2)攻撃力+1,https://gameconductor.com/dqrivals/c/d/1582,official_detail_url_present_in_cards_json,REVIEW_NAME_MENTIONED_ONLY,yes,no,death|deck_top|draw|basic_keyword,A_COMPLEX_NAME_ONLY,死亡時のみ。消滅/変身/手札戻しでは発動しないことを確認。
cost2_unit_random_pool,エマ,2,1,2,盗賊,冒険者,召喚時:次の相手のターン終了時までステルスを得る。味方リーダーが攻撃した後やくそうを手札に加え味方リーダーのMPを1回復,https://gameconductor.com/dqrivals/c/d/1311,official_detail_url_present_in_cards_json,REVIEW_NAME_MENTIONED_ONLY,yes,no,summon|turn_end|hand|basic_keyword,A_COMPLEX_NAME_ONLY,手札から召喚時のみ発動。ランダムで場に出た場合に発動しないことを確認。
cost2_unit_random_pool,オコボルト,2,3,2,共通,なし,におうだち、召喚時：敵リーダーがパワフルバッジを持つ場合+2/+2,https://gameconductor.com/dqrivals/c/d/761,official_detail_url_present_in_cards_json,REVIEW_NAME_MENTIONED_ONLY,yes,no,summon|powerful_badge|basic_keyword,A_COMPLEX_NAME_ONLY,常在/バッジ再計算、後出し反映、場を離れた時の解除を確認。
cost2_unit_random_pool,カンダタこぶん,2,3,2,武闘家,なし,召喚時：GET(1)。BET：このターン中、次に使用するテンションカードのコストが0になる。,https://gameconductor.com/dqrivals/c/d/1149,official_detail_url_present_in_cards_json,REVIEW_NAME_MENTIONED_ONLY,yes,no,summon|bet|get|cost_change,A_COMPLEX_NAME_ONLY,GET/BET入口、1ターン1回制限、累積カウント、コイン消費時誘発を確認。
cost2_unit_random_pool,キラーG,2,2,2,戦士,なし,貫通、ステルス、死亡時：味方建物があるならカードを1枚引く,https://gameconductor.com/dqrivals/c/d/1341,official_detail_url_present_in_cards_json,REVIEW_NAME_MENTIONED_ONLY,yes,no,death|draw|building|basic_keyword,A_COMPLEX_NAME_ONLY,死亡時のみ。消滅/変身/手札戻しでは発動しないことを確認。
cost2_unit_random_pool,キーファ,2,3,2,商人,冒険者,死亡時:自分がこのユニットに使った特技カード全てを自分の手札に加える。,https://gameconductor.com/dqrivals/c/d/493,official_detail_url_present_in_cards_json,OK_TRACKED_IMPLEMENTED,yes,yes,death|hand,B_RECENTLY_FIXED_RECHECK,直近修正済み。公式文面との一致を再テスト対象にする。
cost2_unit_random_pool,ギズモ,2,2,2,戦士,なし,召喚時：GET(1) BET:正面にいる全ての敵ユニットに1ダメージ,https://gameconductor.com/dqrivals/c/d/1099,official_detail_url_present_in_cards_json,REVIEW_NAME_MENTIONED_ONLY,yes,no,summon|bet|get,A_COMPLEX_NAME_ONLY,GET/BET入口、1ターン1回制限、累積カウント、コイン消費時誘発を確認。
cost2_unit_random_pool,クックルー,2,3,2,商人,なし,死亡時：道具カード1枚を手札に加える,https://gameconductor.com/dqrivals/c/d/295,official_detail_url_present_in_cards_json,REVIEW_NAME_MENTIONED_ONLY,yes,no,death|hand,A_COMPLEX_NAME_ONLY,死亡時のみ。消滅/変身/手札戻しでは発動しないことを確認。
cost2_unit_random_pool,クロウズ,2,2,3,占い師,冒険者,召喚時:味方リーダーは必中モードになる。攻撃時:デッキの1番上のカードを見てデッキの一番下に移動させることができる。,https://gameconductor.com/dqrivals/c/d/829,official_detail_url_present_in_cards_json,REVIEW_NAME_MENTIONED_ONLY,yes,no,summon|attack,A_COMPLEX_NAME_ONLY,手札から召喚時のみ発動。ランダムで場に出た場合に発動しないことを確認。
cost2_unit_random_pool,グリズリー,2,3,2,武闘家,なし,召喚時:味方リーダーのテンションの数以下の攻撃力を持つ前列の味方ユニット1体を相手の手札に戻す。,https://gameconductor.com/dqrivals/c/d/519,official_detail_url_present_in_cards_json,REVIEW_NAME_MENTIONED_ONLY,yes,no,summon|position|target_modal|hand,A_COMPLEX_NAME_ONLY,手札から召喚時のみ発動。ランダムで場に出た場合に発動しないことを確認。
cost2_unit_random_pool,ザイル,2,3,2,盗賊,なし,死亡時&手札から捨てた時:はるかぜのフルートを1枚手札に加える,https://gameconductor.com/dqrivals/c/d/1408,official_detail_url_present_in_cards_json,REVIEW_NAME_MENTIONED_ONLY,yes,no,death|discard_from_hand|hand,B_RECENTLY_FIXED_RECHECK,直近修正済み。公式文面との一致を再テスト対象にする。
cost2_unit_random_pool,ジュエルン,2,1,1,僧侶,なし,召喚時：自分のデッキからコスト3以下の建物カードを1枚引く。そのカードのコストを-1,https://gameconductor.com/dqrivals/c/d/1368,official_detail_url_present_in_cards_json,REVIEW_NAME_MENTIONED_ONLY,yes,no,summon|deck_search|draw|cost_change|building,A_COMPLEX_NAME_ONLY,手札から召喚時のみ発動。ランダムで場に出た場合に発動しないことを確認。
cost2_unit_random_pool,スピンサタン,2,3,2,占い師,なし,召喚時:自分が次に使用する占いカードは発動する効果を選べる 味方リーダーが必中モードの場合手札のこのカードのコスト-1,https://gameconductor.com/dqrivals/c/d/1292,official_detail_url_present_in_cards_json,REVIEW_NAME_MENTIONED_ONLY,yes,no,summon|fortune|cost_change|hand,A_COMPLEX_NAME_ONLY,通常/必中/超必中、占い(1)/(2)誘発リスナーを確認。
cost2_unit_random_pool,スライムスノー,2,2,2,魔法使い,スライム,召喚時：自分のデッキにメラ系の特技カードが無いならこのユニットは特技ダメージ+1を得る。その後カードを1枚引く,https://gameconductor.com/dqrivals/c/d/1255,official_detail_url_present_in_cards_json,REVIEW_NAME_MENTIONED_ONLY,yes,no,summon|draw,A_COMPLEX_NAME_ONLY,手札から召喚時のみ発動。ランダムで場に出た場合に発動しないことを確認。
cost2_unit_random_pool,ソードファントム,2,2,2,商人,ゾンビ,シンクロ:①ステルス、②死亡時:全てのユニットに1ダメージ、③攻撃力+2,https://gameconductor.com/dqrivals/c/d/963,official_detail_url_present_in_cards_json,REVIEW_NAME_MENTIONED_ONLY,yes,no,death|synchro|basic_keyword,A_COMPLEX_NAME_ONLY,死亡時のみ。消滅/変身/手札戻しでは発動しないことを確認。
cost2_unit_random_pool,タイプG,2,1,1,商人,なし,スキルブースト:+1/+1、自身の攻撃力にあわせて場にいる間、以下の効果を得る。 攻撃力3以上:貫通、攻撃力5以上:ねらい撃ち、攻撃力10以上:2回攻撃,https://gameconductor.com/dqrivals/c/d/1283,official_detail_url_present_in_cards_json,REVIEW_NAME_MENTIONED_ONLY,yes,no,skill_boost|basic_keyword,A_COMPLEX_NAME_ONLY,公式文面どおり個別実装の有無を確認。
cost2_unit_random_pool,ダークプラネット,2,3,2,共通,なし,選択：・ダンジョンではない敵建物１つの耐久値を2にする。・ダンジョンではない敵建物1つの耐久値を-2,https://gameconductor.com/dqrivals/c/d/1460,official_detail_url_present_in_cards_json,REVIEW_NAME_MENTIONED_ONLY,yes,no,choose|building|dungeon,A_COMPLEX_NAME_ONLY,公式文面どおり個別実装の有無を確認。
cost2_unit_random_pool,チャゴス王子,2,2,2,僧侶,冒険者,召喚時：GET(1)。BET：速攻を得る。このユニットが攻撃対象として選択された時、手札に戻る,https://gameconductor.com/dqrivals/c/d/1182,official_detail_url_present_in_cards_json,REVIEW_NAME_MENTIONED_ONLY,yes,no,summon|bet|get|choose|hand|basic_keyword,A_COMPLEX_NAME_ONLY,GET/BET入口、1ターン1回制限、累積カウント、コイン消費時誘発を確認。
cost2_unit_random_pool,チョコタワー,2,2,2,共通,スライム,召喚時：自分の手札から1枚選んで捨てた後カードを1枚引く,https://gameconductor.com/dqrivals/c/d/1328,official_detail_url_present_in_cards_json,REVIEW_NAME_MENTIONED_ONLY,yes,no,summon|draw|hand,A_COMPLEX_NAME_ONLY,手札から召喚時のみ発動。ランダムで場に出た場合に発動しないことを確認。
cost2_unit_random_pool,デスフラッター,2,1,2,魔法使い,なし,召喚時：自分のデッキの上からカード4枚を見る。ユニットカード以外のカードを1枚選び、それを引く。残りをデッキの下に戻す,https://gameconductor.com/dqrivals/c/d/1350,official_detail_url_present_in_cards_json,REVIEW_NAME_MENTIONED_ONLY,yes,no,summon|deck_top,A_COMPLEX_NAME_ONLY,手札から召喚時のみ発動。ランダムで場に出た場合に発動しないことを確認。
cost2_unit_random_pool,デッドペッカー,2,1,2,共通,なし,絶好調、速攻、このユニットが絶好調状態なら攻撃力+1を得る,https://gameconductor.com/dqrivals/c/d/914,official_detail_url_present_in_cards_json,REVIEW_NAME_MENTIONED_ONLY,yes,no,zekkocho|basic_keyword,A_COMPLEX_NAME_ONLY,公式文面どおり個別実装の有無を確認。
cost2_unit_random_pool,デビルパピヨン,2,2,2,魔剣士,なし,召喚時：GET(1)。BET：ランダムな敵ユニット1体を毒にする,https://gameconductor.com/dqrivals/c/d/1134,official_detail_url_present_in_cards_json,REVIEW_NAME_MENTIONED_ONLY,yes,no,summon|bet|get|target_modal|random,A_COMPLEX_NAME_ONLY,GET/BET入口、1ターン1回制限、累積カウント、コイン消費時誘発を確認。
cost2_unit_random_pool,トンネラー,2,1,3,共通,なし,におうだち、れんけい：+1/+1,https://gameconductor.com/dqrivals/c/d/1234,official_detail_url_present_in_cards_json,REVIEW_NAME_MENTIONED_ONLY,yes,no,renkei|basic_keyword,A_COMPLEX_NAME_ONLY,テンション3条件のみ・テンション非消費・対象/場に出す/召喚時不発を確認。
cost2_unit_random_pool,ヒポせんし,2,2,3,共通,なし,敵リーダーのテンションが上がる度攻撃力+1,https://gameconductor.com/dqrivals/c/d/508,official_detail_url_present_in_cards_json,OK_TRACKED_IMPLEMENTED,yes,yes,,B_RECENTLY_FIXED_RECHECK,直近修正済み。公式文面との一致を再テスト対象にする。
cost2_unit_random_pool,ビッグスロース,2,1,1,武闘家,なし,自分がコスト1以下の手札を使う度+1/+1,https://gameconductor.com/dqrivals/c/d/236,official_detail_url_present_in_cards_json,REVIEW_NAME_MENTIONED_ONLY,yes,no,cost_change|hand,A_COMPLEX_NAME_ONLY,公式文面どおり個別実装の有無を確認。
cost2_unit_random_pool,ピサロのてさき,2,2,1,魔剣士,なし,絶好調、死亡時：このユニットが絶好調状態ならこの場所にピサロナイトを出す,https://gameconductor.com/dqrivals/c/d/887,official_detail_url_present_in_cards_json,REVIEW_NAME_MENTIONED_ONLY,yes,no,death|zekkocho|put_into_play,A_COMPLEX_NAME_ONLY,死亡時のみ。消滅/変身/手札戻しでは発動しないことを確認。
cost2_unit_random_pool,ファーリス王子,2,1,2,戦士,冒険者,自分のターン終了時このユニットがブロックされているなら味方リーダーのテンション+1、カードを1枚引く,https://gameconductor.com/dqrivals/c/d/1247,official_detail_url_present_in_cards_json,OK_TRACKED_IMPLEMENTED,yes,yes,turn_end|draw,B_RECENTLY_FIXED_RECHECK,直近修正済み。公式文面との一致を再テスト対象にする。
cost2_unit_random_pool,ブラッドソード,2,2,2,戦士,なし,死亡時：味方ヒーローがいる場合自分のデッキからコスト2以下の武器を装備する。,https://gameconductor.com/dqrivals/c/d/794,official_detail_url_present_in_cards_json,REVIEW_NAME_MENTIONED_ONLY,yes,no,death|deck_search|cost_change,A_COMPLEX_NAME_ONLY,死亡時のみ。消滅/変身/手札戻しでは発動しないことを確認。
cost2_unit_random_pool,プオーン,2,3,2,武闘家,なし,召喚時：自分のデッキからコストが最も高い武闘家のカードを手札に1枚加える,https://gameconductor.com/dqrivals/c/d/902,official_detail_url_present_in_cards_json,REVIEW_NAME_MENTIONED_ONLY,yes,no,summon|deck_search|cost_change|hand,A_COMPLEX_NAME_ONLY,手札から召喚時のみ発動。ランダムで場に出た場合に発動しないことを確認。
cost2_unit_random_pool,プチヒーロー,2,2,2,共通,なし,シンクロ:①HP+1、②攻撃力+1、③HP+1,https://gameconductor.com/dqrivals/c/d/912,official_detail_url_present_in_cards_json,REVIEW_NAME_MENTIONED_ONLY,yes,no,synchro,A_COMPLEX_NAME_ONLY,公式文面どおり個別実装の有無を確認。
cost2_unit_random_pool,プテラノドン,2,2,1,共通,なし,死亡時：自分のデッキからコストが4以下の冒険者カードをランダムに1枚手札に加える,https://gameconductor.com/dqrivals/c/d/978,official_detail_url_present_in_cards_json,REVIEW_NAME_MENTIONED_ONLY,yes,no,death|random|deck_search|cost_change|hand,A_COMPLEX_NAME_ONLY,死亡時のみ。消滅/変身/手札戻しでは発動しないことを確認。
cost2_unit_random_pool,ヘンリー,2,2,3,商人,冒険者,シンクロ：(1)HP+1、(2)味方のヒーロースキルのコストは1下がる、(3)味方のヒーロースキルを1ターンに2回まで発動できる,https://gameconductor.com/dqrivals/c/d/1524,official_detail_url_present_in_cards_json,OK_TRACKED_IMPLEMENTED,yes,yes,synchro|cost_change,B_RECENTLY_FIXED_RECHECK,直近修正済み。公式文面との一致を再テスト対象にする。
cost2_unit_random_pool,ベホイミスライム,2,2,3,共通,スライム,死亡時：GET(1)、BET：1ターンに1回のみ味方リーダーのHPを2回復,https://gameconductor.com/dqrivals/c/d/1115,official_detail_url_present_in_cards_json,REVIEW_NAME_MENTIONED_ONLY,yes,no,death|bet|get,A_COMPLEX_NAME_ONLY,GET/BET入口、1ターン1回制限、累積カウント、コイン消費時誘発を確認。
cost2_unit_random_pool,ベロニャーゴ,2,1,3,共通,なし,れんけい：HP+1、味方リーダーが攻撃した後1/1のプリスニャンを1体出す,https://gameconductor.com/dqrivals/c/d/1231,official_detail_url_present_in_cards_json,REVIEW_NAME_MENTIONED_ONLY,yes,no,renkei|put_into_play,A_COMPLEX_NAME_ONLY,テンション3条件のみ・テンション非消費・対象/場に出す/召喚時不発を確認。
cost2_unit_random_pool,ホミロン軍曹,2,1,3,共通,スライム,召喚時：合計2ダメージを正面のランダムな敵マスに割り振る。このユニットを除くスライム系のみかたユニットの数分ダメージ+1,https://gameconductor.com/dqrivals/c/d/606,official_detail_url_present_in_cards_json,OK_TRACKED_IMPLEMENTED,yes,yes,summon|random,B_RECENTLY_FIXED_RECHECK,直近修正済み。公式文面との一致を再テスト対象にする。
cost2_unit_random_pool,ホワイトビート,2,2,3,共通,なし,ヒーロースキルを1ターンに2回まで発動できるようになる,https://gameconductor.com/dqrivals/c/d/834,official_detail_url_present_in_cards_json,OK_TRACKED_IMPLEMENTED,yes,yes,,B_RECENTLY_FIXED_RECHECK,直近修正済み。公式文面との一致を再テスト対象にする。
cost2_unit_random_pool,ボックススライム,2,1,3,魔法使い,スライム,召喚時：GET(1)、BET：以下の効果からランダムに1つ発動する。(1):カードを1枚引く、(2):HP+1、(3):味方リーダーのテンション+1,https://gameconductor.com/dqrivals/c/d/1145,official_detail_url_present_in_cards_json,REVIEW_NAME_MENTIONED_ONLY,yes,no,summon|bet|get|random|draw,A_COMPLEX_NAME_ONLY,GET/BET入口、1ターン1回制限、累積カウント、コイン消費時誘発を確認。
cost2_unit_random_pool,ポイズンリザード,2,3,2,共通,なし,絶好調、このユニットが絶好調状態ならダメージを与えたユニットを毒にする,https://gameconductor.com/dqrivals/c/d/915,official_detail_url_present_in_cards_json,REVIEW_NAME_MENTIONED_ONLY,yes,no,zekkocho,A_COMPLEX_NAME_ONLY,公式文面どおり個別実装の有無を確認。
cost2_unit_random_pool,マギール,2,2,3,共通,なし,味方建物があるなら手札のこのカードのコスト-1,https://gameconductor.com/dqrivals/c/d/1331,official_detail_url_present_in_cards_json,REVIEW_NAME_MENTIONED_ONLY,yes,no,cost_change|hand|building,A_COMPLEX_NAME_ONLY,公式文面どおり個別実装の有無を確認。
cost2_unit_random_pool,マクロベータ,2,2,3,僧侶,なし,れんけい:縦1列にいる全てのユニットに1ダメージ,https://gameconductor.com/dqrivals/c/d/1277,official_detail_url_present_in_cards_json,REVIEW_NAME_MENTIONED_ONLY,yes,no,renkei,A_COMPLEX_NAME_ONLY,テンション3条件のみ・テンション非消費・対象/場に出す/召喚時不発を確認。
cost2_unit_random_pool,マジックフライ,2,1,1,魔法使い,なし,死亡時：自分のデッキから特技カードを1枚引く,https://gameconductor.com/dqrivals/c/d/206,official_detail_url_present_in_cards_json,REVIEW_NAME_MENTIONED_ONLY,yes,no,death|deck_search|draw,A_COMPLEX_NAME_ONLY,死亡時のみ。消滅/変身/手札戻しでは発動しないことを確認。
cost2_unit_random_pool,マヒャドフライ,2,1,4,共通,なし,敵リーダーにダメージを与えた時相手の手札にうまのふんを加える。,https://gameconductor.com/dqrivals/c/d/637,official_detail_url_present_in_cards_json,REVIEW_NAME_MENTIONED_ONLY,yes,no,hand,A_COMPLEX_NAME_ONLY,公式文面どおり個別実装の有無を確認。
cost2_unit_random_pool,マリンスライム,2,2,3,武闘家,スライム,スキルブースト：攻撃力+1,https://gameconductor.com/dqrivals/c/d/766,official_detail_url_present_in_cards_json,OK_TRACKED_IMPLEMENTED,yes,yes,skill_boost,B_RECENTLY_FIXED_RECHECK,直近修正済み。公式文面との一致を再テスト対象にする。
cost2_unit_random_pool,マーマンダイン,2,3,2,共通,なし,パワフルバッジ：ドラゴン系のユニットカードを使う度敵リーダーに1ダメージ,https://gameconductor.com/dqrivals/c/d/578,official_detail_url_present_in_cards_json,REVIEW_NAME_MENTIONED_ONLY,yes,no,powerful_badge,A_COMPLEX_NAME_ONLY,常在/バッジ再計算、後出し反映、場を離れた時の解除を確認。
cost2_unit_random_pool,ミステリドール,2,2,3,共通,なし,召喚時:前後のマスにこのユニットがいる地形をコピーする。 この効果で地形の上書きはできない。,https://gameconductor.com/dqrivals/c/d/510,official_detail_url_present_in_cards_json,REVIEW_NAME_MENTIONED_ONLY,yes,no,summon|copy|terrain,A_COMPLEX_NAME_ONLY,手札から召喚時のみ発動。ランダムで場に出た場合に発動しないことを確認。
cost2_unit_random_pool,メイジももんじゃ,2,1,2,魔法使い,なし,召喚時：味方ヒーローがいる場合ヒャドを手札に加える,https://gameconductor.com/dqrivals/c/d/747,official_detail_url_present_in_cards_json,REVIEW_NAME_MENTIONED_ONLY,yes,no,summon|hand,A_COMPLEX_NAME_ONLY,手札から召喚時のみ発動。ランダムで場に出た場合に発動しないことを確認。
cost2_unit_random_pool,メイジキメラ,2,2,3,魔法使い,なし,自分が特技を使う度攻撃力+1,https://gameconductor.com/dqrivals/c/d/195,official_detail_url_present_in_cards_json,REVIEW_NAME_MENTIONED_ONLY,yes,no,spell_used,A_COMPLEX_NAME_ONLY,公式文面どおり個別実装の有無を確認。
cost2_unit_random_pool,メイジバピラス,2,2,2,占い師,ドラゴン,絶好調、絶好調状態の味方ユニットが攻撃する度自分のデッキから占いカードを1枚引く,https://gameconductor.com/dqrivals/c/d/966,official_detail_url_present_in_cards_json,REVIEW_NAME_MENTIONED_ONLY,yes,no,fortune|zekkocho|deck_search|draw,A_COMPLEX_NAME_ONLY,通常/必中/超必中、占い(1)/(2)誘発リスナーを確認。
cost2_unit_random_pool,メタッピー,2,2,3,戦士,なし,テンションリンク：このターン中味方リーダーが受けるダメージ-3,https://gameconductor.com/dqrivals/c/d/173,official_detail_url_present_in_cards_json,REVIEW_NAME_MENTIONED_ONLY,yes,no,tension_link,A_COMPLEX_NAME_ONLY,公式文面どおり個別実装の有無を確認。
cost2_unit_random_pool,メドーサボール,2,2,2,共通,なし,味方ヒーローのヒーロースキルが発動した後自分のデッキからシンクロを持つカードを1枚引く,https://gameconductor.com/dqrivals/c/d/920,official_detail_url_present_in_cards_json,OK_TRACKED_IMPLEMENTED,yes,yes,synchro|deck_search|draw,B_RECENTLY_FIXED_RECHECK,直近修正済み。公式文面との一致を再テスト対象にする。
cost2_unit_random_pool,モコフル,2,2,3,共通,なし,召喚時:味方ユニット1体を封印する,https://gameconductor.com/dqrivals/c/d/419,official_detail_url_present_in_cards_json,REVIEW_NAME_MENTIONED_ONLY,yes,no,summon|seal|target_modal,A_COMPLEX_NAME_ONLY,手札から召喚時のみ発動。ランダムで場に出た場合に発動しないことを確認。
cost2_unit_random_pool,ラグアス王子,2,2,2,占い師,冒険者,おうえん、召喚時&攻撃時：相手のデッキの1番上のカードを見てデッキの一番下に移動させることができる,https://gameconductor.com/dqrivals/c/d/1058,official_detail_url_present_in_cards_json,REVIEW_NAME_MENTIONED_ONLY,yes,no,summon|attack|basic_keyword,A_COMPLEX_NAME_ONLY,手札から召喚時のみ発動。ランダムで場に出た場合に発動しないことを確認。
cost2_unit_random_pool,ラーミア,2,0,1,共通,なし,召喚時:6つのオーブをデッキに混ぜ復活の準備に入る。 自分の場にオーブが全て揃った時ラーミアは復活しこの対戦に勝利する。,https://gameconductor.com/dqrivals/c/d/534,official_detail_url_present_in_cards_json,OK_TRACKED_IMPLEMENTED,yes,yes,summon,B_RECENTLY_FIXED_RECHECK,直近修正済み。公式文面との一致を再テスト対象にする。
cost2_unit_random_pool,リカントマムル,2,2,1,武闘家,なし,召喚時&死亡時：武術カード1枚を手札に加える,https://gameconductor.com/dqrivals/c/d/1083,official_detail_url_present_in_cards_json,REVIEW_NAME_MENTIONED_ONLY,yes,no,summon|death|hand,A_COMPLEX_NAME_ONLY,手札から召喚時のみ発動。ランダムで場に出た場合に発動しないことを確認。
cost2_unit_random_pool,リザードキッズ,2,5,3,共通,ドラゴン,攻撃時：このターン中攻撃力-3。,,official_detail_url_missing,REVIEW_NAME_MENTIONED_ONLY,yes,no,attack,A_OFFICIAL_URL_MISSING,公式DB詳細URLの再取得が先。名前検索で公式IDを確認してから実装照合。
cost2_unit_random_pool,リンリン,2,1,3,僧侶,なし,死亡時：ランダムなコスト1のドラゴン系ユニット1体をこのマスに出す。スキルブースト：ユニットのコスト+1,https://gameconductor.com/dqrivals/c/d/619,official_detail_url_present_in_cards_json,REVIEW_NAME_MENTIONED_ONLY,yes,no,death|skill_boost|target_modal|random|put_into_play|cost_change,A_COMPLEX_NAME_ONLY,死亡時のみ。消滅/変身/手札戻しでは発動しないことを確認。
cost2_unit_random_pool,ルイーダ,2,1,2,商人,冒険者,自分のターン終了時ランダムな冒険者1枚を手札に加える,https://gameconductor.com/dqrivals/c/d/822,official_detail_url_present_in_cards_json,OK_TRACKED_IMPLEMENTED,yes,yes,turn_end|random|hand,B_RECENTLY_FIXED_RECHECK,直近修正済み。公式文面との一致を再テスト対象にする。
cost2_unit_random_pool,ルーキー,2,1,2,魔法使い,スライム,おうえん、召喚時：自分のデッキからコスト5以上のランダムなユニットカードを1枚引く,https://gameconductor.com/dqrivals/c/d/1180,official_detail_url_present_in_cards_json,REVIEW_NAME_MENTIONED_ONLY,yes,no,summon|random|deck_search|draw|cost_change|basic_keyword,A_COMPLEX_NAME_ONLY,手札から召喚時のみ発動。ランダムで場に出た場合に発動しないことを確認。
cost2_unit_random_pool,変貌のくものきょじん,2,3,2,商人,なし,召喚時：味方ユニット1体をランダムなコストが1高いランダムなユニットに変身させる,https://gameconductor.com/dqrivals/c/d/1450,official_detail_url_present_in_cards_json,REVIEW_NAME_MENTIONED_ONLY,yes,no,summon|transform|target_modal|random|cost_change,A_COMPLEX_NAME_ONLY,手札から召喚時のみ発動。ランダムで場に出た場合に発動しないことを確認。
cost2_unit_random_pool,天啓のエビルドライブ,2,1,3,占い師,なし,召喚時:自分のデッキの一番上のカードのコストが偶数ならそのカードを引き、その後自分の手札から1枚選び自分のデッキに混ぜこのユニットの攻撃力+3,https://gameconductor.com/dqrivals/c/d/1451,official_detail_url_present_in_cards_json,REVIEW_NAME_MENTIONED_ONLY,yes,no,summon|cost_change|hand,A_COMPLEX_NAME_ONLY,手札から召喚時のみ発動。ランダムで場に出た場合に発動しないことを確認。
cost2_unit_random_pool,少年テリー,2,2,2,戦士,冒険者,召喚時：味方リーダーのテンションスキルをモンスターマスターに変える,https://gameconductor.com/dqrivals/c/d/888,official_detail_url_present_in_cards_json,OK_TRACKED_IMPLEMENTED,yes,yes,summon,B_RECENTLY_FIXED_RECHECK,直近修正済み。公式文面との一致を再テスト対象にする。
cost2_unit_random_pool,怪盗ポイックリン,2,2,3,盗賊,冒険者,ステルス、召喚時：相手の手札のカードと同じカードをランダムに1枚手札に加える。その後、自分の手札から1枚選んで捨てる。,https://gameconductor.com/dqrivals/c/d/1409,official_detail_url_present_in_cards_json,REVIEW_NAME_MENTIONED_ONLY,yes,no,summon|random|hand|basic_keyword,A_COMPLEX_NAME_ONLY,手札から召喚時のみ発動。ランダムで場に出た場合に発動しないことを確認。
cost2_unit_random_pool,救援のドラキー,2,3,2,戦士,なし,選択：・2/1のこんぼう1枚を手札に加える。・このターン中味方リーダーが受けるダメージ-3,https://gameconductor.com/dqrivals/c/d/1482,official_detail_url_present_in_cards_json,REVIEW_NAME_MENTIONED_ONLY,yes,no,choose|hand,A_COMPLEX_NAME_ONLY,公式文面どおり個別実装の有無を確認。
cost2_unit_random_pool,歌姫のマポレーナ,2,2,3,魔剣士,なし,れんけい:次に場に出る味方ユニット1体を+1/+1,https://gameconductor.com/dqrivals/c/d/1301,official_detail_url_present_in_cards_json,REVIEW_NAME_MENTIONED_ONLY,yes,no,renkei|target_modal,A_COMPLEX_NAME_ONLY,テンション3条件のみ・テンション非消費・対象/場に出す/召喚時不発を確認。
cost2_unit_random_pool,白煙のホワイトビート,2,1,2,共通,なし,召喚時:次の相手のターン終了時までステルスを得る。味方のヒーロースキルを2回まで発動できるようになる,https://gameconductor.com/dqrivals/c/d/1581,official_detail_url_present_in_cards_json,OK_TRACKED_IMPLEMENTED,yes,yes,summon|turn_end|basic_keyword,B_RECENTLY_FIXED_RECHECK,直近修正済み。公式文面との一致を再テスト対象にする。
cost2_unit_random_pool,石炭つむり,2,2,3,僧侶,スライム,味方建物がある間におうだちと「死亡時：味方リーダーのテンション+1」を得る,https://gameconductor.com/dqrivals/c/d/1513,official_detail_url_present_in_cards_json,REVIEW_NAME_MENTIONED_ONLY,yes,no,death|building|basic_keyword,A_COMPLEX_NAME_ONLY,死亡時のみ。消滅/変身/手札戻しでは発動しないことを確認。
cost2_unit_random_pool,破滅への導き,2,0,0,魔剣士,なし,味方ユニット1体を死亡させた後、自分のデッキからコスト6以上のユニットカードを2枚引く,https://gameconductor.com/dqrivals/c/d/361,official_detail_url_present_in_cards_json,REVIEW_NAME_MENTIONED_ONLY,yes,no,target_modal|deck_search|draw|cost_change,A_COMPLEX_NAME_ONLY,公式文面どおり個別実装の有無を確認。
cost2_unit_random_pool,船長,2,2,3,盗賊,ゾンビ,召喚時&手札から捨てた時:味方リーダーのHPを2回復する,https://gameconductor.com/dqrivals/c/d/1407,official_detail_url_present_in_cards_json,REVIEW_NAME_MENTIONED_ONLY,yes,no,summon|discard_from_hand|hand,B_RECENTLY_FIXED_RECHECK,直近修正済み。公式文面との一致を再テスト対象にする。
cost3_unit_random_pool,かいぞくウーパー,3,2,3,盗賊,なし,召喚時&手札から捨てた時：カードを1枚引く,https://gameconductor.com/dqrivals/c/d/1414,official_detail_url_present_in_cards_json,OK_TRACKED_IMPLEMENTED,yes,yes,summon|discard_from_hand|draw|hand,B_RECENTLY_FIXED_RECHECK,直近修正済み。公式文面との一致を再テスト対象にする。
cost3_unit_random_pool,かっちゅうアリ,3,1,4,共通,なし,BET：1ターンに1回のみ、攻撃力+1/HP+1。自分のターン終了時にGET(1)。このGETは1度だけ発動する。,https://gameconductor.com/dqrivals/c/d/1213,official_detail_url_present_in_cards_json,REVIEW_NAME_MENTIONED_ONLY,yes,no,bet|get|turn_end,A_COMPLEX_NAME_ONLY,GET/BET入口、1ターン1回制限、累積カウント、コイン消費時誘発を確認。
cost3_unit_random_pool,からくりエッグ,3,3,3,商人,なし,パワフルバッジ：メタルボディもしくはハードメタルボディを持つ味方ユニットと武器の攻撃力+1,https://gameconductor.com/dqrivals/c/d/622,official_detail_url_present_in_cards_json,NEEDS_EFFECT_REVIEW,no,no,powerful_badge|basic_keyword,A_NEEDS_EFFECT_REVIEW,常在/バッジ再計算、後出し反映、場を離れた時の解除を確認。
cost3_unit_random_pool,ごうけつぐま,3,2,4,共通,なし,絶好調、このユニットが絶好調状態なら攻撃力+2と「敵リーダーを攻撃できない」を得る,https://gameconductor.com/dqrivals/c/d/940,official_detail_url_present_in_cards_json,NEEDS_EFFECT_REVIEW,no,no,zekkocho,A_NEEDS_EFFECT_REVIEW,公式文面どおり個別実装の有無を確認。
cost3_unit_random_pool,てつのさそり,3,2,4,魔法使い,なし,パワフルバッジ：スライム系の味方ユニットのHP+1,https://gameconductor.com/dqrivals/c/d/612,official_detail_url_present_in_cards_json,NEEDS_EFFECT_REVIEW,no,no,powerful_badge,A_NEEDS_EFFECT_REVIEW,常在/バッジ再計算、後出し反映、場を離れた時の解除を確認。
cost3_unit_random_pool,なぞの神官,3,2,4,占い師,なし,味方ヒーローがいる場合占いカードのコスト-1,https://gameconductor.com/dqrivals/c/d/768,official_detail_url_present_in_cards_json,REVIEW_NAME_MENTIONED_ONLY,yes,no,fortune|cost_change,A_COMPLEX_NAME_ONLY,通常/必中/超必中、占い(1)/(2)誘発リスナーを確認。
cost3_unit_random_pool,びっくりサタン,3,2,3,占い師,なし,自分の占いで(1)の効果が発動する度カードを1枚引く,https://gameconductor.com/dqrivals/c/d/327,official_detail_url_present_in_cards_json,REVIEW_NAME_MENTIONED_ONLY,yes,no,fortune|draw,A_COMPLEX_NAME_ONLY,通常/必中/超必中、占い(1)/(2)誘発リスナーを確認。
cost3_unit_random_pool,ウィッチレディ,3,3,3,魔法使い,なし,自分が特技を使って敵ユニットを倒す度味方リーダーのテンション+1,https://gameconductor.com/dqrivals/c/d/390,official_detail_url_present_in_cards_json,OK_TRACKED_IMPLEMENTED,yes,yes,,B_RECENTLY_FIXED_RECHECK,直近修正済み。公式文面との一致を再テスト対象にする。
cost3_unit_random_pool,ウパソルジャー,3,1,5,戦士,なし,絶好調、絶好調状態の味方ユニットが攻撃する度このターン中味方リーダーは攻撃力+1を得る,https://gameconductor.com/dqrivals/c/d/987,official_detail_url_present_in_cards_json,REVIEW_NAME_MENTIONED_ONLY,yes,no,zekkocho,A_COMPLEX_NAME_ONLY,公式文面どおり個別実装の有無を確認。
cost3_unit_random_pool,オーガー,3,4,3,占い師,なし,天啓の神域の効果によってデッキから手札にこのカードが加わった場合、ランダムな敵ユニットに3ダメージ,https://gameconductor.com/dqrivals/c/d/529,official_detail_url_present_in_cards_json,NEEDS_EFFECT_REVIEW,no,no,random|deck_search|hand,A_NEEDS_EFFECT_REVIEW,公式文面どおり個別実装の有無を確認。
cost3_unit_random_pool,ガスト,3,2,4,戦士,なし,パワフルバッジ：ゾンビ系の味方ユニットのHP+1,https://gameconductor.com/dqrivals/c/d/608,official_detail_url_present_in_cards_json,NEEDS_EFFECT_REVIEW,no,no,powerful_badge,A_NEEDS_EFFECT_REVIEW,常在/バッジ再計算、後出し反映、場を離れた時の解除を確認。
cost3_unit_random_pool,クラウンヘッド,3,1,4,僧侶,なし,におうだち。召喚時：GET(1)。BET：HP+1、次の相手のターン終了時まで受けるダメージ-1。このユニットへのBETは1ターン1回,https://gameconductor.com/dqrivals/c/d/1126,official_detail_url_present_in_cards_json,OK_TRACKED_IMPLEMENTED,yes,yes,summon|bet|get|turn_end|basic_keyword,B_RECENTLY_FIXED_RECHECK,直近修正済み。公式文面との一致を再テスト対象にする。
cost3_unit_random_pool,グレムリン,3,2,4,僧侶,なし,味方が回復する度攻撃力+1,https://gameconductor.com/dqrivals/c/d/261,official_detail_url_present_in_cards_json,NEEDS_EFFECT_REVIEW,no,no,heal_trigger,A_NEEDS_EFFECT_REVIEW,公式文面どおり個別実装の有無を確認。
cost3_unit_random_pool,ケセランパセラン,3,4,3,占い師,なし,自分の占いで(1)の効果が発動する度味方リーダーのHPを2回復,https://gameconductor.com/dqrivals/c/d/328,official_detail_url_present_in_cards_json,REVIEW_NAME_MENTIONED_ONLY,yes,no,fortune,A_COMPLEX_NAME_ONLY,通常/必中/超必中、占い(1)/(2)誘発リスナーを確認。
cost3_unit_random_pool,ケムケムベス,3,3,6,戦士,なし,絶好調、このユニットは絶好調状態ではない場合攻撃できない,https://gameconductor.com/dqrivals/c/d/866,official_detail_url_present_in_cards_json,NEEDS_EFFECT_REVIEW,no,no,zekkocho,A_NEEDS_EFFECT_REVIEW,公式文面どおり個別実装の有無を確認。
cost3_unit_random_pool,ゴルゴンゾーラ,3,2,4,武闘家,なし,召喚時：GET(1)。BET：このユニット自身のHPを3回復する。,https://gameconductor.com/dqrivals/c/d/1190,official_detail_url_present_in_cards_json,OK_TRACKED_IMPLEMENTED,yes,yes,summon|bet|get,B_RECENTLY_FIXED_RECHECK,直近修正済み。公式文面との一致を再テスト対象にする。
cost3_unit_random_pool,サウルスロード,3,4,3,共通,ドラゴン,選択：・特技ダメージ+1を得る ・武器ダメージ+1を得る,,official_detail_url_missing,REVIEW_NAME_MENTIONED_ONLY,yes,no,choose,A_OFFICIAL_URL_MISSING,公式DB詳細URLの再取得が先。名前検索で公式IDを確認してから実装照合。
cost3_unit_random_pool,シルバーベア,3,2,4,武闘家,なし,れんけい：このターン中速攻と「敵リーダーを攻撃できない」を得る。スキルブースト:攻撃力+1,https://gameconductor.com/dqrivals/c/d/1269,official_detail_url_present_in_cards_json,REVIEW_NAME_MENTIONED_ONLY,yes,no,renkei|skill_boost|basic_keyword,A_COMPLEX_NAME_ONLY,テンション3条件のみ・テンション非消費・対象/場に出す/召喚時不発を確認。
cost3_unit_random_pool,ジャミ&ゴンズ,3,4,4,魔法使い,なし,選択：・HP-2 カードを1枚引く、敵リーダーに2ダメージ・攻撃力-2 におうだちを得る、味方リーダーのテンション+1,https://gameconductor.com/dqrivals/c/d/1563,official_detail_url_present_in_cards_json,OK_TRACKED_IMPLEMENTED,yes,yes,choose|draw|basic_keyword,B_RECENTLY_FIXED_RECHECK,直近修正済み。公式文面との一致を再テスト対象にする。
cost3_unit_random_pool,スウィートバッグ,3,3,3,共通,なし,テンションリンク：前にいる味方ユニットに貫通、ねらい撃ち、2回攻撃のいずれか1つを付与する。,https://gameconductor.com/dqrivals/c/d/449,official_detail_url_present_in_cards_json,REVIEW_NAME_MENTIONED_ONLY,yes,no,tension_link|basic_keyword,A_COMPLEX_NAME_ONLY,公式文面どおり個別実装の有無を確認。
cost3_unit_random_pool,ストーンビースト,3,1,5,魔剣士,なし,絶好調、このユニットが絶好調状態なら攻撃力+2とにおうだちを得る,https://gameconductor.com/dqrivals/c/d/934,official_detail_url_present_in_cards_json,NEEDS_EFFECT_REVIEW,no,no,zekkocho|basic_keyword,A_NEEDS_EFFECT_REVIEW,公式文面どおり個別実装の有無を確認。
cost3_unit_random_pool,ダックスビル,3,3,3,僧侶,なし,パワフルバッジ：ドラゴン系の味方ユニットのHP+1,https://gameconductor.com/dqrivals/c/d/661,official_detail_url_present_in_cards_json,NEEDS_EFFECT_REVIEW,no,no,powerful_badge,A_NEEDS_EFFECT_REVIEW,常在/バッジ再計算、後出し反映、場を離れた時の解除を確認。
cost3_unit_random_pool,テラノザース,3,4,3,戦士,ドラゴン,召喚時:自分のデッキに特技カードがないならカードを1枚引く,https://gameconductor.com/dqrivals/c/d/1484,official_detail_url_present_in_cards_json,REVIEW_NAME_MENTIONED_ONLY,yes,no,summon|draw,A_COMPLEX_NAME_ONLY,手札から召喚時のみ発動。ランダムで場に出た場合に発動しないことを確認。
cost3_unit_random_pool,デスパロット,3,2,3,商人,なし,味方ヒーローのヒーロースキルが発動した後道具カード2枚を手札に加える,https://gameconductor.com/dqrivals/c/d/881,official_detail_url_present_in_cards_json,REVIEW_NAME_MENTIONED_ONLY,yes,no,hand,A_COMPLEX_NAME_ONLY,公式文面どおり個別実装の有無を確認。
cost3_unit_random_pool,デビルウィザード,3,4,3,魔剣士,なし,パワフルバッジ：ゾンビ系の味方ユニットの攻撃力+1,https://gameconductor.com/dqrivals/c/d/627,official_detail_url_present_in_cards_json,NEEDS_EFFECT_REVIEW,no,no,powerful_badge,A_NEEDS_EFFECT_REVIEW,常在/バッジ再計算、後出し反映、場を離れた時の解除を確認。
cost3_unit_random_pool,デンタザウルス,3,2,4,魔法使い,ドラゴン,におうだち、召喚時：手札にコスト3以上の特技カードがあるならHP+2,https://gameconductor.com/dqrivals/c/d/1495,official_detail_url_present_in_cards_json,REVIEW_NAME_MENTIONED_ONLY,yes,no,summon|cost_change|hand|basic_keyword,A_COMPLEX_NAME_ONLY,手札から召喚時のみ発動。ランダムで場に出た場合に発動しないことを確認。
cost3_unit_random_pool,ドッグスナイパー,3,2,4,共通,なし,ねらい撃ち、戦闘以外のダメージで敵ユニットが死亡する度攻撃力+1,https://gameconductor.com/dqrivals/c/d/754,official_detail_url_present_in_cards_json,OK_TRACKED_IMPLEMENTED,yes,yes,basic_keyword,B_RECENTLY_FIXED_RECHECK,直近修正済み。公式文面との一致を再テスト対象にする。
cost3_unit_random_pool,ナイトキング,3,2,4,戦士,ゾンビ,におうだち、れんけい：味方リーダーのHPを4回復,https://gameconductor.com/dqrivals/c/d/1248,official_detail_url_present_in_cards_json,REVIEW_NAME_MENTIONED_ONLY,yes,no,renkei|basic_keyword,A_COMPLEX_NAME_ONLY,テンション3条件のみ・テンション非消費・対象/場に出す/召喚時不発を確認。
cost3_unit_random_pool,バルンバ,3,2,4,占い師,ドラゴン,パワフルバッジ：ドラゴン系の味方ユニットはにおうだちを得る,https://gameconductor.com/dqrivals/c/d/589,official_detail_url_present_in_cards_json,REVIEW_NAME_MENTIONED_ONLY,yes,no,powerful_badge|basic_keyword,A_COMPLEX_NAME_ONLY,常在/バッジ再計算、後出し反映、場を離れた時の解除を確認。
cost3_unit_random_pool,ビッグボック,3,2,3,占い師,なし,占い:(1)味方リーダーのテンション+1、このユニットのHP+1、(2)味方リーダーのテンション+2,https://gameconductor.com/dqrivals/c/d/1533,official_detail_url_present_in_cards_json,NEEDS_EFFECT_REVIEW,no,no,fortune,A_NEEDS_EFFECT_REVIEW,通常/必中/超必中、占い(1)/(2)誘発リスナーを確認。
cost3_unit_random_pool,フォステイル,3,2,4,占い師,冒険者,おうえん、自分のターン開始時ランダムな占いを持つカード1枚を手札に加える。そのカードのコスト-1。スキルリンク：1ターン先の未来へ旅立つ,https://gameconductor.com/dqrivals/c/d/1535,official_detail_url_present_in_cards_json,REVIEW_NAME_MENTIONED_ONLY,yes,no,fortune|skill_link|turn_start|random|cost_change|hand|basic_keyword,A_COMPLEX_NAME_ONLY,通常/必中/超必中、占い(1)/(2)誘発リスナーを確認。
cost3_unit_random_pool,フォズ大神官,3,2,3,僧侶,冒険者,自分のターン終了時味方リーダーのテンションスキルを別の職業のものに変更しテンション+2,https://gameconductor.com/dqrivals/c/d/878,official_detail_url_present_in_cards_json,OK_TRACKED_IMPLEMENTED,yes,yes,turn_end,B_RECENTLY_FIXED_RECHECK,直近修正済み。公式文面との一致を再テスト対象にする。
cost3_unit_random_pool,ブラウニー,3,1,4,戦士,なし,味方リーダーの攻撃で敵ユニットを倒す度攻撃力+2,https://gameconductor.com/dqrivals/c/d/181,official_detail_url_present_in_cards_json,OK_TRACKED_IMPLEMENTED,yes,yes,leader_attack,B_RECENTLY_FIXED_RECHECK,直近修正済み。公式文面との一致を再テスト対象にする。
cost3_unit_random_pool,マジカルハット,3,1,3,商人,なし,他の味方ユニットに自分が特技を使う度その特技と同じ効果がこのユニットに対しても発動する。,https://gameconductor.com/dqrivals/c/d/308,official_detail_url_present_in_cards_json,REVIEW_NAME_MENTIONED_ONLY,yes,no,spell_used,B_RECENTLY_FIXED_RECHECK,直近修正済み。公式文面との一致を再テスト対象にする。
cost3_unit_random_pool,メーダクイン,3,2,4,共通,なし,お互いの手札にある本来のコストが0の特技カードのコスト+1,https://gameconductor.com/dqrivals/c/d/1237,official_detail_url_present_in_cards_json,OK_TRACKED_IMPLEMENTED,yes,yes,cost_change|hand,B_RECENTLY_FIXED_RECHECK,直近修正済み。公式文面との一致を再テスト対象にする。
cost3_unit_random_pool,ライノソルジャー,3,4,2,共通,なし,スキルブースト：HP+1,https://gameconductor.com/dqrivals/c/d/789,official_detail_url_present_in_cards_json,NEEDS_EFFECT_REVIEW,no,no,skill_boost,A_NEEDS_EFFECT_REVIEW,公式文面どおり個別実装の有無を確認。
cost3_unit_random_pool,ルドマン,3,3,3,商人,冒険者,召喚時：GET(1)。BET：道具カードを1枚手札に加える。味方のBETが4回発動する度に、手札/山札からコスト3以下のユニット1体を場に出す。,https://gameconductor.com/dqrivals/c/d/1137,official_detail_url_present_in_cards_json,REVIEW_NAME_MENTIONED_ONLY,yes,no,summon|bet|get|target_modal|put_into_play|cost_change|hand,A_COMPLEX_NAME_ONLY,GET/BET入口、1ターン1回制限、累積カウント、コイン消費時誘発を確認。
cost3_unit_random_pool,ロウ,3,3,3,占い師,冒険者,テンションリンク:味方リーダーのテンションの数と同じ効果が発動する。①カードを1枚引く②ランダムな敵1体に2ダメージ、3コストのユニット1体を出す,https://gameconductor.com/dqrivals/c/d/414,official_detail_url_present_in_cards_json,OK_TRACKED_IMPLEMENTED,yes,yes,tension_link|target_modal|random|put_into_play|draw|cost_change,B_RECENTLY_FIXED_RECHECK,直近修正済み。公式文面との一致を再テスト対象にする。
cost3_unit_random_pool,ロミア,3,2,3,占い師,冒険者,召喚時:自分のデッキの上から2枚を表、もう2枚を裏にしてどちらか一方を選ぶ。選んだカードを全て引き、残りを捨てる,https://gameconductor.com/dqrivals/c/d/1295,official_detail_url_present_in_cards_json,OK_TRACKED_IMPLEMENTED,yes,yes,summon|deck_top,B_RECENTLY_FIXED_RECHECK,直近修正済み。公式文面との一致を再テスト対象にする。
cost3_unit_random_pool,亡国の先王ロウ,3,2,2,商人,冒険者,れんけい：使用コスト1以上の特技カード2枚を手札に加える。自分がコスト1以上の特技を使用した後、同じコストのランダムなユニットを1体場に出す。,https://gameconductor.com/dqrivals/c/d/1285,official_detail_url_present_in_cards_json,OK_TRACKED_IMPLEMENTED,yes,yes,renkei|random|put_into_play|cost_change|hand,B_RECENTLY_FIXED_RECHECK,直近修正済み。公式文面との一致を再テスト対象にする。
cost3_unit_random_pool,妖魔軍王ブギー,3,3,2,共通,なし,召喚時：敵の冒険者1体をこのユニットが場にいる間+2/+2して味方にする,https://gameconductor.com/dqrivals/c/d/645,official_detail_url_present_in_cards_json,OK_TRACKED_IMPLEMENTED,yes,yes,summon,B_RECENTLY_FIXED_RECHECK,直近修正済み。公式文面との一致を再テスト対象にする。
cost3_unit_random_pool,残響のようじゅつし,3,2,3,魔法使い,なし,召喚時：耐戦中に自分が使った特技カード1枚を手札に加える。自分の手札にある対戦中に自分が使用した特技カードと同じカードのコスト-1,https://gameconductor.com/dqrivals/c/d/1447,official_detail_url_present_in_cards_json,REVIEW_NAME_MENTIONED_ONLY,yes,no,summon|cost_change|hand,A_COMPLEX_NAME_ONLY,手札から召喚時のみ発動。ランダムで場に出た場合に発動しないことを確認。
cost3_unit_random_pool,踊り子マーニャ,3,2,4,魔法使い,冒険者,テンションリンク：自分のデッキの一番上のカードがユニットカード以外ならそのカードを引きコスト-1、ユニットカードならデッキの下に戻す,https://gameconductor.com/dqrivals/c/d/1355,official_detail_url_present_in_cards_json,REVIEW_NAME_MENTIONED_ONLY,yes,no,tension_link|cost_change,A_COMPLEX_NAME_ONLY,公式文面どおり個別実装の有無を確認。
cost3_unit_random_pool,魅惑のマルティナ,3,3,3,武闘家,冒険者,れんけい：後列にいる全ての敵ユニットを前列に移動させる。スキルリンク：合計7ダメージを敵前列のランダムなマスに振り分ける。,https://gameconductor.com/dqrivals/c/d/1270,official_detail_url_present_in_cards_json,OK_TRACKED_IMPLEMENTED,yes,yes,renkei|skill_link|position|random,B_RECENTLY_FIXED_RECHECK,直近修正済み。公式文面との一致を再テスト対象にする。
cost3_unit_random_pool,黄金兵,3,2,3,共通,なし,におうだち、自分がコインを使う度このターン中手札にあるこのカードのコスト-2,https://gameconductor.com/dqrivals/c/d/1236,official_detail_url_present_in_cards_json,REVIEW_NAME_MENTIONED_ONLY,yes,no,cost_change|hand|basic_keyword,A_COMPLEX_NAME_ONLY,公式文面どおり個別実装の有無を確認。
dragon_unit_random_pool,いっかく竜,1,2,2,占い師,ドラゴン,召喚時：味方リーダーのテンションスキルを竜の導きに変える,https://gameconductor.com/dqrivals/c/d/669,official_detail_url_present_in_cards_json,REVIEW_NAME_MENTIONED_ONLY,yes,no,summon,B_RECENTLY_FIXED_RECHECK,直近修正済み。公式文面との一致を再テスト対象にする。
dragon_unit_random_pool,パピラス,1,2,1,共通,ドラゴン,れんけい：ランダムなコスト1〜3の自分の職業の特技カードを1枚手札に加える。,https://gameconductor.com/dqrivals/c/d/1455,official_detail_url_present_in_cards_json,REVIEW_NAME_MENTIONED_ONLY,yes,no,renkei|random|cost_change|hand,A_COMPLEX_NAME_ONLY,テンション3条件のみ・テンション非消費・対象/場に出す/召喚時不発を確認。
dragon_unit_random_pool,とさかヘビ,2,2,2,共通,ドラゴン,召喚時：自分のデッキの上からカード4枚を見る。ドラゴン系のカードを1枚選びそれを引く。残りをデッキの下に戻す。,,official_detail_url_missing,REVIEW_NAME_MENTIONED_ONLY,yes,no,summon|deck_top,A_OFFICIAL_URL_MISSING,公式DB詳細URLの再取得が先。名前検索で公式IDを確認してから実装照合。
dragon_unit_random_pool,アルゴリザード,2,1,2,戦士,ドラゴン,速攻、れんけい：敵ユニット1体に2ダメージ,https://gameconductor.com/dqrivals/c/d/1246,official_detail_url_present_in_cards_json,REVIEW_NAME_MENTIONED_ONLY,yes,no,renkei|target_modal|basic_keyword,A_COMPLEX_NAME_ONLY,テンション3条件のみ・テンション非消費・対象/場に出す/召喚時不発を確認。
dragon_unit_random_pool,メイジバピラス,2,2,2,占い師,ドラゴン,絶好調、絶好調状態の味方ユニットが攻撃する度自分のデッキから占いカードを1枚引く,https://gameconductor.com/dqrivals/c/d/966,official_detail_url_present_in_cards_json,REVIEW_NAME_MENTIONED_ONLY,yes,no,fortune|zekkocho|deck_search|draw,A_COMPLEX_NAME_ONLY,通常/必中/超必中、占い(1)/(2)誘発リスナーを確認。
dragon_unit_random_pool,リザードキッズ,2,5,3,共通,ドラゴン,攻撃時：このターン中攻撃力-3。,,official_detail_url_missing,REVIEW_NAME_MENTIONED_ONLY,yes,no,attack,A_OFFICIAL_URL_MISSING,公式DB詳細URLの再取得が先。名前検索で公式IDを確認してから実装照合。
dragon_unit_random_pool,サウルスロード,3,4,3,共通,ドラゴン,選択：・特技ダメージ+1を得る ・武器ダメージ+1を得る,,official_detail_url_missing,REVIEW_NAME_MENTIONED_ONLY,yes,no,choose,A_OFFICIAL_URL_MISSING,公式DB詳細URLの再取得が先。名前検索で公式IDを確認してから実装照合。
dragon_unit_random_pool,テラノザース,3,4,3,戦士,ドラゴン,召喚時:自分のデッキに特技カードがないならカードを1枚引く,https://gameconductor.com/dqrivals/c/d/1484,official_detail_url_present_in_cards_json,REVIEW_NAME_MENTIONED_ONLY,yes,no,summon|draw,A_COMPLEX_NAME_ONLY,手札から召喚時のみ発動。ランダムで場に出た場合に発動しないことを確認。
dragon_unit_random_pool,デンタザウルス,3,2,4,魔法使い,ドラゴン,におうだち、召喚時：手札にコスト3以上の特技カードがあるならHP+2,https://gameconductor.com/dqrivals/c/d/1495,official_detail_url_present_in_cards_json,REVIEW_NAME_MENTIONED_ONLY,yes,no,summon|cost_change|hand|basic_keyword,A_COMPLEX_NAME_ONLY,手札から召喚時のみ発動。ランダムで場に出た場合に発動しないことを確認。
dragon_unit_random_pool,バルンバ,3,2,4,占い師,ドラゴン,パワフルバッジ：ドラゴン系の味方ユニットはにおうだちを得る,https://gameconductor.com/dqrivals/c/d/589,official_detail_url_present_in_cards_json,REVIEW_NAME_MENTIONED_ONLY,yes,no,powerful_badge|basic_keyword,A_COMPLEX_NAME_ONLY,常在/バッジ再計算、後出し反映、場を離れた時の解除を確認。
dragon_unit_random_pool,ギガントドラゴン,4,4,4,共通,ドラゴン,召喚時：敵の前列か後列を選び、縦一列の全ての敵ユニットに1ダメージ。味方の場か手札に攻撃力4以上の自身を除いたドラゴン系ユニットがいるなら、代わりに2ダメージ。,,official_detail_url_missing,REVIEW_NAME_MENTIONED_ONLY,yes,no,summon|position|hand,A_OFFICIAL_URL_MISSING,公式DB詳細URLの再取得が先。名前検索で公式IDを確認してから実装照合。
dragon_unit_random_pool,ヘルジュラシック,4,4,5,魔法使い,ドラゴン,敵ユニットが2体以上いるなら手札にあるこのカードのコスト-1,https://gameconductor.com/dqrivals/c/d/1497,official_detail_url_present_in_cards_json,REVIEW_NAME_MENTIONED_ONLY,yes,no,cost_change|hand,A_COMPLEX_NAME_ONLY,公式文面どおり個別実装の有無を確認。
dragon_unit_random_pool,ベビーサラマンダ,4,2,6,僧侶,ドラゴン,攻撃時：GET(1)、BET:攻撃力+1、このBETが4回発動した後超貫通8/8のサラマンダーに変身する,https://gameconductor.com/dqrivals/c/d/1138,official_detail_url_present_in_cards_json,REVIEW_NAME_MENTIONED_ONLY,yes,no,attack|bet|get|transform|basic_keyword,A_COMPLEX_NAME_ONLY,GET/BET入口、1ターン1回制限、累積カウント、コイン消費時誘発を確認。
dragon_unit_random_pool,リトルライバーン,4,3,5,僧侶,ドラゴン,味方が回復する度ランダムな敵1体に2ダメージ,https://gameconductor.com/dqrivals/c/d/274,official_detail_url_present_in_cards_json,REVIEW_NAME_MENTIONED_ONLY,yes,no,heal_trigger|random,A_COMPLEX_NAME_ONLY,公式文面どおり個別実装の有無を確認。
dragon_unit_random_pool,たつのこナイト,5,6,5,僧侶,ドラゴン,パワフルバッジ：自分の手札にあるドラゴン系のユニットカードのコスト-1。,https://gameconductor.com/dqrivals/c/d/630,official_detail_url_present_in_cards_json,REVIEW_NAME_MENTIONED_ONLY,yes,no,powerful_badge|cost_change|hand,A_COMPLEX_NAME_ONLY,常在/バッジ再計算、後出し反映、場を離れた時の解除を確認。
dragon_unit_random_pool,イブール,5,5,5,占い師,ドラゴン,相手プレイヤーの手札の特技カードのコスト+1、召喚時&攻撃時:相手のデッキの一番上にイブールの本が一枚置かれる,https://gameconductor.com/dqrivals/c/d/1392,official_detail_url_present_in_cards_json,REVIEW_NAME_MENTIONED_ONLY,yes,no,summon|attack|cost_change|hand,A_COMPLEX_NAME_ONLY,手札から召喚時のみ発動。ランダムで場に出た場合に発動しないことを確認。
dragon_unit_random_pool,ガメゴンロード,5,4,6,共通,ドラゴン,におうだち。召喚時：自分の場か手札に攻撃力4以上の他のドラゴン系がいるなら特技：メラミを1枚手札に加える。,,official_detail_url_missing,REVIEW_NAME_MENTIONED_ONLY,yes,no,summon|hand|basic_keyword,A_OFFICIAL_URL_MISSING,公式DB詳細URLの再取得が先。名前検索で公式IDを確認してから実装照合。
dragon_unit_random_pool,キースドラゴン,5,4,5,占い師,ドラゴン,占い：①味方リーダーのHPを5回復、②正面にいる全ての敵ユニットに2ダメージ,https://gameconductor.com/dqrivals/c/d/670,official_detail_url_present_in_cards_json,REVIEW_NAME_MENTIONED_ONLY,yes,no,fortune,A_COMPLEX_NAME_ONLY,通常/必中/超必中、占い(1)/(2)誘発リスナーを確認。
dragon_unit_random_pool,シュプリンガー,5,5,4,共通,ドラゴン,れんけい：このユニットに2回さくせんを出す。,https://gameconductor.com/dqrivals/c/d/1337,official_detail_url_present_in_cards_json,REVIEW_NAME_MENTIONED_ONLY,yes,no,renkei|put_into_play,A_COMPLEX_NAME_ONLY,テンション3条件のみ・テンション非消費・対象/場に出す/召喚時不発を確認。
dragon_unit_random_pool,スカイドラゴン,5,4,6,共通,ドラゴン,絶好調、絶好調状態な味方ユニットが攻撃する度味方リーダーのテンション+1,https://gameconductor.com/dqrivals/c/d/946,official_detail_url_present_in_cards_json,REVIEW_NAME_MENTIONED_ONLY,yes,no,zekkocho,A_COMPLEX_NAME_ONLY,公式文面どおり個別実装の有無を確認。
dragon_unit_random_pool,スノードラゴン,5,4,3,魔法使い,ドラゴン,召喚時：コスト4・5・6の特技カードをそれぞれランダムに1枚ずつ選出し、その中から1枚を選んで手札に加える。自分のデッキのメラ系の特技カードが無いなら手札にあるこのカードのコスト-2。,https://gameconductor.com/dqrivals/c/d/1498,official_detail_url_present_in_cards_json,OK_TRACKED_IMPLEMENTED,yes,yes,summon|random|cost_change|hand,B_RECENTLY_FIXED_RECHECK,直近修正済み。公式文面との一致を再テスト対象にする。
dragon_unit_random_pool,ドラゴビショップ,5,3,4,占い師,ドラゴン,召喚時:カードを2枚引く、このターン中に使った占いカードの枚数分デッキと手札にあるこのカードのコスト-1,https://gameconductor.com/dqrivals/c/d/1537,official_detail_url_present_in_cards_json,REVIEW_NAME_MENTIONED_ONLY,yes,no,summon|fortune|draw|cost_change|hand,A_COMPLEX_NAME_ONLY,通常/必中/超必中、占い(1)/(2)誘発リスナーを確認。
dragon_unit_random_pool,ドラゴンヘビー,5,4,6,共通,ドラゴン,におうだち、このユニットは移動せず手札に戻らない,https://gameconductor.com/dqrivals/c/d/893,official_detail_url_present_in_cards_json,REVIEW_NAME_MENTIONED_ONLY,yes,no,hand|basic_keyword,A_COMPLEX_NAME_ONLY,公式文面どおり個別実装の有無を確認。
dragon_unit_random_pool,ベビーニュート,5,3,6,僧侶,ドラゴン,味方ユニットのHPが回復する度ランダムな敵1体に1ダメージを与えた後カードを1枚引く,https://gameconductor.com/dqrivals/c/d/997,official_detail_url_present_in_cards_json,REVIEW_NAME_MENTIONED_ONLY,yes,no,heal_trigger|random|draw,A_COMPLEX_NAME_ONLY,公式文面どおり個別実装の有無を確認。
dragon_unit_random_pool,立ち塞がるドラゴン,5,4,7,盗賊,ドラゴン,におうだち、超貫通、召喚時：カードを2枚引いた後自分の手札から2枚選んで捨てる。死亡時：相手の手札にコスト2の王女の愛を1枚加える,https://gameconductor.com/dqrivals/c/d/1438,official_detail_url_present_in_cards_json,OK_TRACKED_IMPLEMENTED,yes,yes,summon|death|cost_change|hand|basic_keyword,B_RECENTLY_FIXED_RECHECK,直近修正済み。公式文面との一致を再テスト対象にする。
dragon_unit_random_pool,まかいファイター,6,4,5,戦士,ドラゴン,召喚時：GET(1)、BET：このターン中味方リーダーの攻撃力+1、このBETが4回発動する度まかいファイターを1体だす,https://gameconductor.com/dqrivals/c/d/1143,official_detail_url_present_in_cards_json,REVIEW_NAME_MENTIONED_ONLY,yes,no,summon|bet|get|leader_attack,A_COMPLEX_NAME_ONLY,GET/BET入口、1ターン1回制限、累積カウント、コイン消費時誘発を確認。
dragon_unit_random_pool,ドラゴンガイア,6,6,6,共通,ドラゴン,召喚時：次の相手のターン終了時まで全ての味方は相手の特技ダメージを受けない,https://gameconductor.com/dqrivals/c/d/153,official_detail_url_present_in_cards_json,OK_TRACKED_IMPLEMENTED,yes,yes,summon|turn_end,B_RECENTLY_FIXED_RECHECK,直近修正済み。公式文面との一致を再テスト対象にする。
dragon_unit_random_pool,ドラゴンブッシュ,6,6,7,共通,ドラゴン,特技ダメージ+1。召喚時：自分の場か手札に攻撃力4以上の他のドラゴン系がいるなら特技ダメージ+1を得る。,,official_detail_url_missing,REVIEW_NAME_MENTIONED_ONLY,yes,no,summon|hand,A_OFFICIAL_URL_MISSING,公式DB詳細URLの再取得が先。名前検索で公式IDを確認してから実装照合。
dragon_unit_random_pool,ドラゴンロード,6,6,6,共通,ドラゴン,場に出ている間、このユニットを除くドラゴン系の味方ユニット全てを+1/+1。場に出ている間、自分の手札にあるドラゴン系ユニットカードの使用コスト-1。,https://gameconductor.com/dqrivals/c/d/753,official_detail_url_present_in_cards_json,OK_TRACKED_IMPLEMENTED,yes,yes,aura|cost_change|hand,B_RECENTLY_FIXED_RECHECK,直近修正済み。公式文面との一致を再テスト対象にする。
dragon_unit_random_pool,竜将ドラゴンガイア,6,6,6,魔法使い,ドラゴン,召喚時：手札にコスト3以上の特技カードがあるなら縦一列にいる全ての敵ユニットに2ダメージ、それらのユニットを次のターン終了時まで攻撃不能にする,https://gameconductor.com/dqrivals/c/d/1499,official_detail_url_present_in_cards_json,REVIEW_NAME_MENTIONED_ONLY,yes,no,summon|turn_end|cost_change|hand,A_COMPLEX_NAME_ONLY,手札から召喚時のみ発動。ランダムで場に出た場合に発動しないことを確認。
dragon_unit_random_pool,オリハルゴン,7,6,7,戦士,ドラゴン,自分のターン中味方リーダーは攻撃力+3を得る。前列にいる場合味方リーダーが受けるダメージ-2,https://gameconductor.com/dqrivals/c/d/1489,official_detail_url_present_in_cards_json,OK_TRACKED_IMPLEMENTED,yes,yes,position,B_RECENTLY_FIXED_RECHECK,直近修正済み。公式文面との一致を再テスト対象にする。
dragon_unit_random_pool,ガメゴンレジェンド,7,5,7,僧侶,ドラゴン,におうだち、召喚時：ランダムな敵1体に1ダメージ。これを3回繰り返す。スキルブースト：繰り返す回数+1,https://gameconductor.com/dqrivals/c/d/1518,official_detail_url_present_in_cards_json,REVIEW_NAME_MENTIONED_ONLY,yes,no,summon|skill_boost|random|basic_keyword,A_COMPLEX_NAME_ONLY,手札から召喚時のみ発動。ランダムで場に出た場合に発動しないことを確認。
dragon_unit_random_pool,グレイナル,7,6,6,僧侶,ドラゴン,召喚時：竜戦士の装具を手札に加える。ドラゴン系の味方ユニットが攻撃して敵ユニットを倒す度味方リーダーのテンション+1,https://gameconductor.com/dqrivals/c/d/634,official_detail_url_present_in_cards_json,REVIEW_NAME_MENTIONED_ONLY,yes,no,summon|hand,A_COMPLEX_NAME_ONLY,手札から召喚時のみ発動。ランダムで場に出た場合に発動しないことを確認。
dragon_unit_random_pool,ブラックドラゴン,7,6,6,共通,ドラゴン,召喚時:ランダムな敵ユニット1体に1ダメージ。このカードを除く自分の場と手札にいるドラゴン系の数の3倍分与えるダメージが増える。,https://gameconductor.com/dqrivals/c/d/580,official_detail_url_present_in_cards_json,REVIEW_NAME_MENTIONED_ONLY,yes,no,summon|target_modal|random|hand,A_COMPLEX_NAME_ONLY,手札から召喚時のみ発動。ランダムで場に出た場合に発動しないことを確認。
dragon_unit_random_pool,ワイバーンドッグ,7,7,7,盗賊,ドラゴン,召喚時：ダメージを受けている全ての敵ユニットに3ダメージ、れんけい：さらにダメージを受けていない全てのユニットに1ダメージ,https://gameconductor.com/dqrivals/c/d/1324,official_detail_url_present_in_cards_json,OK_TRACKED_IMPLEMENTED,yes,yes,summon|renkei,B_RECENTLY_FIXED_RECHECK,直近修正済み。公式文面との一致を再テスト対象にする。
dragon_unit_random_pool,アンドレアル,8,5,5,僧侶,ドラゴン,スキルリンク：5/5のグリーンドラゴンを1体出す。 スキルブースト：コスト-1,https://gameconductor.com/dqrivals/c/d/749,official_detail_url_present_in_cards_json,REVIEW_NAME_MENTIONED_ONLY,yes,no,skill_link|skill_boost|put_into_play|cost_change,A_COMPLEX_NAME_ONLY,公式文面どおり個別実装の有無を確認。
dragon_unit_random_pool,ギガデーモン,8,7,6,武闘家,ドラゴン,こうげきできない、BET：速攻と「このターン中攻撃可能になる」を得る。自分のターン終了時GET(1),https://gameconductor.com/dqrivals/c/d/1123,official_detail_url_present_in_cards_json,REVIEW_NAME_MENTIONED_ONLY,yes,no,bet|get|turn_end|basic_keyword,A_COMPLEX_NAME_ONLY,GET/BET入口、1ターン1回制限、累積カウント、コイン消費時誘発を確認。
dragon_unit_random_pool,グレイトドラゴン,8,6,6,共通,ドラゴン,召喚時：このユニットを除く自分の場と手札にいるドラゴン系の数だけ+1/+1,https://gameconductor.com/dqrivals/c/d/142,official_detail_url_present_in_cards_json,REVIEW_NAME_MENTIONED_ONLY,yes,no,summon|hand,A_COMPLEX_NAME_ONLY,手札から召喚時のみ発動。ランダムで場に出た場合に発動しないことを確認。
dragon_unit_random_pool,キングリザード,10,7,7,共通,ドラゴン,このカードを除く自分の場と手札にいるドラゴン系の数だけコストが下がる。,https://gameconductor.com/dqrivals/c/d/144,official_detail_url_present_in_cards_json,REVIEW_NAME_MENTIONED_ONLY,yes,no,cost_change|hand,A_COMPLEX_NAME_ONLY,公式文面どおり個別実装の有無を確認。
dragon_unit_random_pool,邪竜軍王ガリンガ,12,8,6,魔剣士,ドラゴン,このユニットの攻撃で敵ユニットが死亡する度HPを超えた分だけ敵リーダーにダメージ。対戦中に死亡した味方ユニットの数分コスト-1,https://gameconductor.com/dqrivals/c/d/1308,official_detail_url_present_in_cards_json,NEEDS_EFFECT_REVIEW,no,no,cost_change,A_NEEDS_EFFECT_REVIEW,公式文面どおり個別実装の有無を確認。
