name,cost,tribe,text,status,v239_fix
テラノライナー,7,ドラゴン,速攻,basic_keyword_or_no_effect_confirmed,
おにこんぼう,7,ドラゴン,効果なし,basic_keyword_or_no_effect_confirmed,
ガメゴン,6,ドラゴン,におうだち,basic_keyword_or_no_effect_confirmed,
ドラゴンゾンビ,7,ドラゴン,死亡時：正面にいる全ての敵ユニットに3ダメージ,existing_code_path_confirmed,
ドラゴンガイア,6,ドラゴン,召喚時：次の相手のターン終了時まで全ての味方は相手の特技ダメージを受けない,existing_code_path_confirmed,
やまたのおろち,6,ドラゴン,召喚時：味方ユニット1体を死亡させる そのユニットのコスト分攻撃力とHPが上がる,existing_code_path_confirmed,
ハーゴン,6,魔王,召喚時：冒険者ユニット1体を1/1の犬に変える,existing_code_path_confirmed,
マルティナ,6,冒険者,召喚時：合計7ダメージを縦1列のランダムなマスに割り振る,v239_hardened,召喚時の縦1列ランダムマス7点を明示処理に追加
りゅうおう,7,魔王,死亡時：正体をあらわす,existing_code_path_confirmed,
デンデン竜,6,ドラゴン,におうだち、おうえん,basic_keyword_or_no_effect_confirmed,
ブラックドラゴン,7,ドラゴン,召喚時:ランダムな敵ユニット1体に1ダメージ。このカードを除く自分の場と手札にいるドラゴン系の数の3倍分与えるダメージが増える。,existing_code_path_confirmed,
ドラゴンロード,6,ドラゴン,場に出ている間、このユニットを除くドラゴン系の味方ユニット全てを+1/+1。場に出ている間、自分の手札にあるドラゴン系ユニットカードの使用コスト-1。,existing_code_path_confirmed,
覇海軍王ジャコラ,6,なし,におうだち、召喚時：このターン中すべてのユニットが受ける戦闘ダメージが2倍になる,existing_code_path_confirmed,
全てを滅ぼす者ゾーマ,7,魔王,超貫通,basic_keyword_or_no_effect_confirmed,
ミリオンゼニー,6,なし,自分のターン終了時にGET(1)。この効果は毎ターン発動する。BET：死亡時にGET(2)をこのユニットに付与する。このBET効果は重複しない。,existing_code_path_confirmed,
グレイトマムー,6,なし,れんけい：敵ユニット1体に5ダメージ,existing_code_path_confirmed,
ウルノーガ&ウルナーガ,7,魔王,れんけい：前列に召喚した場合、正面にいるランダムな敵ユニット1体を消滅させる。後列に召喚した場合、攻撃力6以上の他ユニット全てを死亡させる。,existing_code_path_confirmed,
エルギオス,7,魔王,ねらい撃ち、召喚時：このユニットに4回さくせんを出す,existing_code_path_confirmed,
アトラス,6,なし,攻撃時：このターン中味方リーダーの攻撃力分攻撃力が上がる,existing_code_path_confirmed,
まかいファイター,6,ドラゴン,召喚時：GET(1)、BET：このターン中味方リーダーの攻撃力+1、このBETが4回発動する度まかいファイターを1体だす,existing_code_path_confirmed,
アイラ,6,冒険者,召喚時：GET(2)。BET：ランダムな武器を味方リーダーに装備する。,existing_code_path_confirmed,
オリハルゴン,7,ドラゴン,自分のターン中味方リーダーは攻撃力+3を得る。前列にいる場合味方リーダーが受けるダメージ-2,existing_code_path_confirmed,
ようじゅつし,6,なし,自分が特技を使う度ランダムな敵1体に2ダメージ,existing_code_path_confirmed,
バーバラ,6,冒険者,召喚時:残りMPを全て消費する。 全ての敵に消費したMPの数分ダメージを与える。,existing_code_path_confirmed,
アークマージ,6,なし,この対戦の間ヒーロースキルが発動した回数分攻撃力+1を得る。このユニットの攻撃力が5以上の場合さらに特技ダメージ+2を得る。,existing_code_path_confirmed,
クラーゴン,6,なし,BET：このターン中に未発動の効果からランダムに1つ発動する。①全ての敵に1ダメージ ②ランダムな敵1体に2ダメージ ③敵リーダーに3ダメージ。全て発動済みなら何も起こらない。,existing_code_path_confirmed,
ドルマドン,7,なし,敵1体に10ダメージ,existing_code_path_confirmed,
竜将ドラゴンガイア,6,ドラゴン,召喚時：手札にコスト3以上の特技カードがあるなら縦一列にいる全ての敵ユニットに2ダメージ、それらのユニットを次のターン終了時まで攻撃不能にする,existing_code_path_confirmed,
ドラゴンバゲージ,7,ドラゴン,におうだち、自分のターン終了時味方リーダーのテンション+1,existing_code_path_confirmed,
グレイナル,7,ドラゴン,召喚時：竜戦士の装具を手札に加える。ドラゴン系の味方ユニットが攻撃して敵ユニットを倒す度味方リーダーのテンション+1,existing_code_path_confirmed,
ガメゴンレジェンド,7,ドラゴン,におうだち、召喚時：ランダムな敵1体に1ダメージ。これを3回繰り返す。スキルブースト：繰り返す回数+1,existing_code_path_confirmed,
まだらイチョウ,6,なし,BET：1/2のブラックタヌーを1体場に出す。このBETが3回発動する度に、このユニットを除く全ての味方ユニットを+1/+1する。カウントはターンを跨いで継続する。,existing_code_path_confirmed,
スラリンガル,7,なし,貫通、選択:+1/+1と速攻とこのターン中「敵リーダーを攻撃できずダメージを受けない」を得る。・このターンの終了時攻撃力とHPが2倍になる,existing_code_path_confirmed,
ジュリアンテ,7,なし,占い：(1)他の全ての味方ユニット+2/+2、(2)ランダムな敵3体を次のターン攻撃不能にする,existing_code_path_confirmed,
マーニャ,6,冒険者,召喚時:デッキの1版上のカードのコストが4以上ならドラゴラムを使う。 4以下ならそのカードのコストを0にして手札に加える。,existing_code_path_confirmed,
ダースドラゴン,7,ドラゴン,効果なし,basic_keyword_or_no_effect_confirmed,
あくまのカガミ,6,なし,召喚時：自分のデッキにある5コスト以下の冒険者と同じユニット1体ヲバに出しこのターン中速攻と「ターン終了時にこのユニットを自分のデッキに混ぜる」を付与する,existing_code_path_confirmed,
キラーマシン2,6,なし,2回攻撃、召喚時:このユニットにさくせんを出す。耐戦中に味方建物が3つ以上出ていたら、代わりに2回さくせんを出し、出たさくせんの効果全てを得る,existing_code_path_confirmed,
ホメロス,6,なし,召喚時:HPが2以下の敵ユニット1体を味方にする,existing_code_path_confirmed,
黄金兵長,7,なし,召喚時：GET(1)。攻撃時：敵リーダーに味方の場のピサロナイトの数と同じダメージ。BET：ピサロナイトを1体場に出す。,existing_code_path_confirmed,
ワイバーンドッグ,7,ドラゴン,召喚時：ダメージを受けている全ての敵ユニットに3ダメージ、れんけい：さらにダメージを受けていない全てのユニットに1ダメージ,existing_code_path_confirmed,
ヒドラ,6,なし,このユニットは子の耐戦中に自分の手札から捨てたカードの枚数により以下の効果を得る。2枚以上:貫通、4枚以上:速攻、6枚以上:2回攻撃,v239_hardened,対戦中に手札から捨てた枚数で貫通/速攻/2回攻撃を再評価するフック追加
ドラゴンブッシュ,6,,特技ダメージ+1。召喚時：自分の場か手札に攻撃力4以上の他のドラゴン系がいるなら特技ダメージ+1を得る。,existing_code_path_confirmed,
