pool,cost,name,status,risk,keywords,text,officialUrl
cost4_5_unit,4,リビングスタチュー,basic_keyword_or_no_text,simple,,におうだち,https://gameconductor.com/dqrivals/c/d/11
cost4_5_unit,4,りゅうき兵,remaining_for_next_pass,simple,,効果なし,https://gameconductor.com/dqrivals/c/d/12
cost4_5_unit,5,ストーンマン,basic_keyword_or_no_text,simple,,におうだち,https://gameconductor.com/dqrivals/c/d/13
cost4_5_unit,5,バアルゼブブ,v240_added_or_reinforced,complex,召喚時|敵リーダー,召喚時：敵リーダーに3ダメージ,https://gameconductor.com/dqrivals/c/d/14
cost4_5_unit,4,ぐんたいガニ,v240_added_or_reinforced,complex,ターン開始|出す,自分のターン開始時このユニットの前後にぐんたいガニを出す,https://gameconductor.com/dqrivals/c/d/24
cost4_5_unit,4,バイキングソウル,existing_trace,simple,,正面にいるユニットと戦闘をする場合このターン中攻撃力+3,https://gameconductor.com/dqrivals/c/d/25
cost4_5_unit,4,キラーパンサー,v240_added_or_reinforced,complex,召喚時,召喚時：敵ユニットが3体以上いる場合速攻を得る,https://gameconductor.com/dqrivals/c/d/26
cost4_5_unit,4,プリーストナイト,v240_added_or_reinforced,complex,召喚時|ランダム,召喚時：ダメージを受けているランダムな味方1体のHPを3回復,https://gameconductor.com/dqrivals/c/d/27
cost4_5_unit,4,シールドオーガ,v240_added_or_reinforced,complex,召喚時|味方リーダー,召喚時：味方リーダーのHPが15以下の場合+2/+2とにおうだちを得る,https://gameconductor.com/dqrivals/c/d/28
cost4_5_unit,5,アックスドラゴン,existing_trace,complex,召喚時,召喚時：ユニット1体に1ダメージを与えた後「受けるダメージ2倍」を付与する。,https://gameconductor.com/dqrivals/c/d/29
cost4_5_unit,5,レッドアーチャー,v240_added_or_reinforced,complex,召喚時|味方リーダー,召喚時：味方リーダーのHPが20以上の場合このユニットは攻撃力+2とねらい撃ちを得る,https://gameconductor.com/dqrivals/c/d/30
cost4_5_unit,4,サイレス,v240_added_or_reinforced,complex,召喚時|封印,召喚時：ユニット1体を封印する,https://gameconductor.com/dqrivals/c/d/77
cost4_5_unit,4,グール,remaining_for_next_pass,complex,毒,ダメージを与えたユニットを毒にする,https://gameconductor.com/dqrivals/c/d/78
cost4_5_unit,4,きとうし,remaining_for_next_pass,complex,特技,特技ダメージ+1,https://gameconductor.com/dqrivals/c/d/79
cost4_5_unit,4,あらくれチャッピー,v240_added_or_reinforced,complex,召喚時,召喚時：ユニット1体に2ダメージ,https://gameconductor.com/dqrivals/c/d/80
cost4_5_unit,4,亡者のひとだま,remaining_for_next_pass,simple,,このユニットは効果の対象にならない,https://gameconductor.com/dqrivals/c/d/81
cost4_5_unit,5,ひくいどり,basic_keyword_or_no_text,simple,,貫通,https://gameconductor.com/dqrivals/c/d/82
cost4_5_unit,5,しにがみのきし,v240_added_or_reinforced,complex,召喚時|移動,召喚時：前列にいるユニット1体を後列に移動させる,https://gameconductor.com/dqrivals/c/d/83
cost4_5_unit,5,トロル,v240_added_or_reinforced,simple,,受けるダメージ2倍,https://gameconductor.com/dqrivals/c/d/84
cost4_5_unit,5,かげのきし,basic_keyword_or_no_text,simple,,ステルス,https://gameconductor.com/dqrivals/c/d/85
cost4_5_unit,4,ブルベリーノ,v240_added_or_reinforced,complex,召喚時,召喚時：カードを1枚引く,https://gameconductor.com/dqrivals/c/d/113
cost4_5_unit,4,メッサーラ,v240_added_or_reinforced,complex,召喚時,召喚時：縦1列にいる全ての敵ユニットに1ダメージ,https://gameconductor.com/dqrivals/c/d/114
cost4_5_unit,4,オークキング,v240_added_or_reinforced,complex,召喚時,貫通、召喚時：HPを2回復,https://gameconductor.com/dqrivals/c/d/115
cost4_5_unit,4,シルバーデビル,remaining_for_next_pass,simple,,ねらい撃ち、2回攻撃,https://gameconductor.com/dqrivals/c/d/116
cost4_5_unit,4,メタルライダー,v240_added_or_reinforced,complex,死亡時|出す,死亡時：メタルボディ1/2メタルスライムをこのマスに出す,https://gameconductor.com/dqrivals/c/d/117
cost4_5_unit,4,コングヘッド,v240_added_or_reinforced,simple,,前後にいる味方ユニットの攻撃力+2,https://gameconductor.com/dqrivals/c/d/118
cost4_5_unit,4,バリクナジャ,v240_added_or_reinforced,complex,味方リーダー,このユニットの攻撃で敵ユニットを倒す度味方リーダーのテンション+1,https://gameconductor.com/dqrivals/c/d/119
cost4_5_unit,5,うごくせきぞう,remaining_for_next_pass,simple,,正面に敵ユニットが1体もいない場合攻撃できない,https://gameconductor.com/dqrivals/c/d/120
cost4_5_unit,5,エリミネーター,remaining_for_next_pass,simple,,前列にいる場合他の味方ユニットが死亡する度カードを1枚引く。,https://gameconductor.com/dqrivals/c/d/121
cost4_5_unit,5,マミー,v240_added_or_reinforced,complex,召喚時,召喚時：敵1体を次のターン攻撃不能にする,https://gameconductor.com/dqrivals/c/d/122
cost4_5_unit,5,ゴールドオーク,v240_added_or_reinforced,complex,召喚時|味方リーダー,召喚時：味方リーダーのテンションの2倍分味方リーダーのHPを回復,https://gameconductor.com/dqrivals/c/d/123
cost4_5_unit,5,バトルレックス,existing_trace,complex,攻撃時|武器|味方リーダー,攻撃時：このターン中味方リーダーの武器の攻撃力+2,https://gameconductor.com/dqrivals/c/d/124
cost4_5_unit,5,けがれの渦,v240_added_or_reinforced,complex,死亡時|毒,におうだち、死亡時：全てのユニットを毒にする,https://gameconductor.com/dqrivals/c/d/125
cost4_5_unit,5,さまようよろい,v240_added_or_reinforced,complex,召喚時|出す,召喚時：前列に召喚した場合ホイミスライムを後ろに出す,https://gameconductor.com/dqrivals/c/d/126
cost4_5_unit,4,ワイトキング,existing_trace,simple,,後列にいる場合前列にいるゾンビ系の味方ユニット全てを+1/+1,https://gameconductor.com/dqrivals/c/d/133
cost4_5_unit,4,キングスライム,remaining_for_next_pass,complex,テンションリンク|出す,テンションリンク：1/1のスライムを出す,https://gameconductor.com/dqrivals/c/d/134
cost4_5_unit,5,メタルキング,existing_trace,complex,テンションリンク|手札,速攻、メタルボディ、テンションリンク：自分の手札に戻る,https://gameconductor.com/dqrivals/c/d/135
cost4_5_unit,5,ギガンテス,existing_trace,complex,攻撃時,攻撃時：このターン中攻撃力+3,https://gameconductor.com/dqrivals/c/d/136
cost4_5_unit,4,ヒューザ,remaining_for_next_pass,complex,ターン終了|ランダム,自分のターン終了時他の味方ユニットが1体もいない場合ランダムな敵1体に自分の攻撃力と同じダメージを与える。,https://gameconductor.com/dqrivals/c/d/147
cost4_5_unit,4,ゴールデンスライム,v240_added_or_reinforced,simple,,メタルボディ、このターンの開始時このユニットを除く全てのユニットを死亡させる。 この効果は一度しか発動しない。,https://gameconductor.com/dqrivals/c/d/148
cost4_5_unit,4,カミュ,existing_trace,complex,召喚時|手札|武器|敵リーダー,召喚時：敵リーダーが装備中の武器を奪い自分の手札に加える。,https://gameconductor.com/dqrivals/c/d/149
cost4_5_unit,5,アンルシア,remaining_for_next_pass,complex,召喚時,召喚時：攻撃力5以上の敵ユニット1体を攻撃力0にする,https://gameconductor.com/dqrivals/c/d/150
cost4_5_unit,5,ラヴィエル,remaining_for_next_pass,complex,死亡時|手札,死亡時：対戦中に死亡したラヴィエル以外の味方の冒険者を1枚手札に加える,https://gameconductor.com/dqrivals/c/d/151
cost4_5_unit,5,フローラ,remaining_for_next_pass,complex,スキルリンク|手札,スキルリンク：ロドマンからの贈り物を自分の手札に加える,https://gameconductor.com/dqrivals/c/d/375
cost4_5_unit,5,デボラ,remaining_for_next_pass,complex,スキルリンク|手札,スキルリンク：自分の手札は全てレアリティが１つ上の別のカードに変わる,https://gameconductor.com/dqrivals/c/d/376
cost4_5_unit,5,ビアンカ,remaining_for_next_pass,complex,スキルリンク|敵リーダー,スキルリンク：敵リーダーに3ダメージ,https://gameconductor.com/dqrivals/c/d/377
cost4_5_unit,4,キラーピッケル,v240_added_or_reinforced,complex,召喚時|味方リーダー,召喚時：このターン中味方リーダーのテンションと同じだけユニット1体の攻撃力を上げる。,https://gameconductor.com/dqrivals/c/d/381
cost4_5_unit,4,バル&ベル,v240_added_or_reinforced,complex,ターン開始,自分のターン開始時ボル&ブルが自分の場にいる場合合体してバブルボブルになる。,https://gameconductor.com/dqrivals/c/d/400
cost4_5_unit,4,シルビア,remaining_for_next_pass,complex,召喚時,召喚時:お互いのリーダーのテンション+3,https://gameconductor.com/dqrivals/c/d/413
cost4_5_unit,4,メーダロード,remaining_for_next_pass,complex,特技|味方リーダー,相手が特技を使う度その効果が発動する前に味方リーダーのHPを3回復,https://gameconductor.com/dqrivals/c/d/418
cost4_5_unit,4,うみぼうず,remaining_for_next_pass,simple,,ステルス、スキルブースト:攻撃力+1,https://gameconductor.com/dqrivals/c/d/423
cost4_5_unit,4,ガーゴイル,remaining_for_next_pass,simple,,ねらい撃ち、おうえん,https://gameconductor.com/dqrivals/c/d/428
cost4_5_unit,5,くもの大王,v240_added_or_reinforced,complex,召喚時,召喚時：次のターン相手プレイヤーはテンションスキルを使用できない,https://gameconductor.com/dqrivals/c/d/453
cost4_5_unit,4,アルミラージ,basic_keyword_or_no_text,simple,,速攻,https://gameconductor.com/dqrivals/c/d/454
cost4_5_unit,4,かえんムカデ,v240_added_or_reinforced,complex,召喚時|地形,召喚時:地形マスに召喚された場合他の全てのユニットに2ダメージ,https://gameconductor.com/dqrivals/c/d/489
cost4_5_unit,4,若葉の精霊,v240_added_or_reinforced,complex,召喚時|地形,召喚時:地形マスに召喚された場合カードを1枚引く,https://gameconductor.com/dqrivals/c/d/490
cost4_5_unit,4,デスマエストロ,existing_trace,complex,召喚時,召喚時:このターン中攻撃力1以下の敵ユニット1体を味方にして速攻を付与する。,https://gameconductor.com/dqrivals/c/d/512
cost4_5_unit,5,デスプリースト,v240_added_or_reinforced,complex,召喚時|ランダム|コスト|地形|復活,召喚時:地形マスに召喚された場合コスト3以下のランダムな味方ユニット1体を復活させる。,https://gameconductor.com/dqrivals/c/d/513
cost4_5_unit,4,ずしおうまる,remaining_for_next_pass,complex,敵リーダー,敵リーダーのテンションが上がる度敵リーダーに3ダメージ,https://gameconductor.com/dqrivals/c/d/542
cost4_5_unit,5,デスタムーア,v240_added_or_reinforced,complex,敵リーダー,敵リーダーを無気力状態にする,https://gameconductor.com/dqrivals/c/d/543
cost4_5_unit,5,ヘルシーサー,v240_added_or_reinforced,complex,召喚時|地形,召喚時:地形マスにいる全ての味方ユニットを+1/+1,https://gameconductor.com/dqrivals/c/d/596
cost4_5_unit,4,ぶっちズキーニャ,v240_added_or_reinforced,complex,召喚時|地形,貫通、召喚時：自分の場にある地形の数分攻撃力+1,https://gameconductor.com/dqrivals/c/d/600
cost4_5_unit,4,コドラ,existing_trace,complex,召喚時|コスト,召喚時：このターン中次に使うドラゴン系のユニットカードのコスト-2,https://gameconductor.com/dqrivals/c/d/604
cost4_5_unit,4,カーディナルナイト,existing_trace,complex,召喚時|パワフルバッジ|ランダム|敵リーダー,召喚時：敵リーダーが持つパワフルバッジの効果をランダムで１つ消す,https://gameconductor.com/dqrivals/c/d/605
cost4_5_unit,4,オルゴ・デミーラ,remaining_for_next_pass,complex,死亡時|手札|変身,死亡時：オルゴ・デミーラは第2形態に変身して自分の手札に加わる,https://gameconductor.com/dqrivals/c/d/633
cost4_5_unit,4,ベビーゴイル,v240_added_or_reinforced,complex,召喚時|ランダム|コスト|特技,召喚時：お互いのデッキにランダムな2コストの特技カードを3枚加える,https://gameconductor.com/dqrivals/c/d/640
cost4_5_unit,5,スライムダーク,basic_keyword_or_no_text,none,,,https://gameconductor.com/dqrivals/c/d/641
cost4_5_unit,4,ハッスルじじい,v240_added_or_reinforced,complex,パワフルバッジ,パワフルバッジ：冒険者の味方ユニットを+1/+1,https://gameconductor.com/dqrivals/c/d/644
cost4_5_unit,4,エステラ,remaining_for_next_pass,complex,ターン開始,対戦中に死亡したドラゴン系の味方ユニットの数だけ攻撃力が上がる。 自分のターン開始時攻撃力が5以上なら竜化の術を使用する。,https://gameconductor.com/dqrivals/c/d/646
cost4_5_unit,5,ホーンビートル,basic_keyword_or_no_text,simple,,ねらい撃ち,https://gameconductor.com/dqrivals/c/d/762
cost4_5_unit,4,デザートゴースト,remaining_for_next_pass,complex,手札,におうだち、前列にいる場合自分がデッキからカードを手札に加える度+1/+1を得る。,https://gameconductor.com/dqrivals/c/d/790
cost4_5_unit,4,まほうじじい,remaining_for_next_pass,complex,コスト,味方ヒーローのヒーロースキルはコストが1下がる,https://gameconductor.com/dqrivals/c/d/791
cost4_5_unit,5,デスターキー,basic_keyword_or_no_text,none,,,https://gameconductor.com/dqrivals/c/d/792
cost4_5_unit,5,ミルドラース,v240_added_or_reinforced,complex,ターン開始|ランダム|場に出す|出す|コスト,自分のターン開始時自分のデッキからコスト5以下のランダムなユニット1体を場に出す,https://gameconductor.com/dqrivals/c/d/823
cost4_5_unit,4,デスニャーゴ,v240_added_or_reinforced,complex,死亡時|出す,死亡時:1/1のプリズニャンを1体出す。スキルブースト:+1体,https://gameconductor.com/dqrivals/c/d/824
cost4_5_unit,5,あんこくまどう,existing_trace,complex,召喚時|パワフルバッジ|ランダム|敵リーダー,におうだち、召喚時：敵リーダーが持つパワフルバッジの効果をランダムで２つ消す。その場合+1/+1を得る。,https://gameconductor.com/dqrivals/c/d/837
cost4_5_unit,4,プレミアムスライム,v240_added_or_reinforced,complex,ターン終了|味方リーダー,自分のターン終了時味方リーダーのテンション+1,https://gameconductor.com/dqrivals/c/d/859
cost4_5_unit,4,ムーンフェイス,v240_added_or_reinforced,complex,召喚時,召喚時：敵ヒーローのレベルを1下げる,https://gameconductor.com/dqrivals/c/d/864
cost4_5_unit,5,ドラゴンヘビー,remaining_for_next_pass,complex,手札|移動,におうだち、このユニットは移動せず手札に戻らない,https://gameconductor.com/dqrivals/c/d/893
cost4_5_unit,4,デスセイレス,v240_added_or_reinforced,complex,召喚時,召喚時：全ての味方ユニットを絶好調状態に戻す,https://gameconductor.com/dqrivals/c/d/918
cost4_5_unit,4,ヘルパイレーツ,v240_added_or_reinforced,complex,召喚時|手札|コスト,召喚時：自分のデッキと手札にある絶好調を持つカードのコスト-1,https://gameconductor.com/dqrivals/c/d/941
cost4_5_unit,5,ゆうれい,remaining_for_next_pass,simple,,シンクロ:①貫通、②2回攻撃、③ステルス,https://gameconductor.com/dqrivals/c/d/943
cost4_5_unit,4,ネクロマンサー,remaining_for_next_pass,simple,,全てのリーダーとユニットはHPを回復せずダメージを軽減しない,https://gameconductor.com/dqrivals/c/d/945
cost4_5_unit,5,スカイドラゴン,existing_trace,complex,味方リーダー,絶好調、絶好調状態な味方ユニットが攻撃する度味方リーダーのテンション+1,https://gameconductor.com/dqrivals/c/d/946
cost4_5_unit,5,ザンクローネ,remaining_for_next_pass,simple,,この対戦中に死亡した敵ユニットの数分攻撃力+1,https://gameconductor.com/dqrivals/c/d/947
cost4_5_unit,5,あくまのきし,existing_trace,complex,召喚時|ターン終了|手札,におうだち、召喚時：自分の手札に魔王系カードがあるなら敵1体を次のターン終了時まで行動不能にする,https://gameconductor.com/dqrivals/c/d/1012
cost4_5_unit,4,ビックアイ,v240_added_or_reinforced,complex,召喚時,召喚時：自分の場に冒険者がいるなら横一列にいる全ての敵ユニットに2ダメージ,https://gameconductor.com/dqrivals/c/d/1029
cost4_5_unit,4,グレイトボンバー,v240_added_or_reinforced,complex,死亡時,におうだち、死亡時：味方ヒーローがいるなら全てのユニットに2ダメージ,https://gameconductor.com/dqrivals/c/d/1073
cost4_5_unit,4,はめつの使者,v240_added_or_reinforced,complex,パワフルバッジ,パワフルバッジ：魔王系の味方ユニットを+1/+1,https://gameconductor.com/dqrivals/c/d/1075
cost4_5_unit,5,大切な友達,remaining_for_next_pass,complex,出す,指定の味方マスに速攻4/4のゲレゲレを1体出す,https://gameconductor.com/dqrivals/c/d/1111
cost4_5_unit,5,ゲレゲレ,basic_keyword_or_no_text,simple,,速攻,https://gameconductor.com/dqrivals/c/d/1118
cost4_5_unit,4,ゴールデントーテム,v240_added_or_reinforced,complex,GET,メタルボディ、このユニットがダメージを受ける度GET(1),https://gameconductor.com/dqrivals/c/d/1175
cost4_5_unit,4,デスケルト,v240_added_or_reinforced,complex,召喚時|手札,召喚時：味方ユニット1体を手札に戻す,https://gameconductor.com/dqrivals/c/d/1215
cost4_5_unit,4,ジラフマスター,existing_trace,complex,攻撃時|BET|GET|ランダム,攻撃時:GET(1)、BET:以下の効果からランダムに1つ発動する (1)攻撃力+1 (2)HP+1 (3)このターン中2回攻撃を得る,https://gameconductor.com/dqrivals/c/d/1216
cost4_5_unit,4,マデサゴーラ,existing_trace,complex,ターン終了|BET|手札,自分のターン終了時：スペシャルコイン1枚を手札に加える。BET:自分のデッキからBETを持つカードを1枚引く,https://gameconductor.com/dqrivals/c/d/1217
cost4_5_unit,5,スロットマジーン,v240_added_or_reinforced,complex,攻撃時|BET|GET,攻撃時:GET(1)、BET:両プレイヤーはカードを1枚引く,https://gameconductor.com/dqrivals/c/d/1218
cost4_5_unit,5,くらやみにゅうどう,v240_added_or_reinforced,complex,召喚時,召喚時:次の相手のターン中敵のヒーロースキルは使用できず発動もしない,https://gameconductor.com/dqrivals/c/d/1219
cost4_5_unit,5,かみさま,v240_added_or_reinforced,complex,ターン終了|ランダム|味方リーダー,自分のターン終了時以下の効果からランダムに1つ発動する(1)カードを2枚引く(2)味方リーダーのテンション+3(3)他のすべての味方のHPを4回復,https://gameconductor.com/dqrivals/c/d/1220
cost4_5_unit,4,コンガオンガ,existing_trace,complex,れんけい|ランダム|手札|コスト|消滅,れんけい：攻撃力が6以上の敵ユニット1体を消滅させる。そのユニットと同じ使用コストのランダムなユニットカード1枚を相手の手札に加える。,https://gameconductor.com/dqrivals/c/d/1239
cost4_5_unit,4,フェイスボール,existing_trace,complex,ターン終了|れんけい|味方リーダー,ステルス、れんけい：次の相手のターン終了時まで味方リーダーが受けるダメージ-2,https://gameconductor.com/dqrivals/c/d/1240
cost4_5_unit,5,慈愛のキラーパンサー,v240_added_or_reinforced,complex,召喚時|手札,おうえん、召喚時：おうえん 2/2のベビーパンサー1枚を手札に加える,https://gameconductor.com/dqrivals/c/d/1241
cost4_5_unit,4,みわくのランプ,existing_trace,complex,占い|ランダム|手札,自分が占いカードを使う度ランダムな占い師のカード1枚を手札に加える,https://gameconductor.com/dqrivals/c/d/1296
cost4_5_unit,4,ブラックベジター,v240_added_or_reinforced,complex,召喚時|建物,召喚時：味方建物があるなら他のすべてのユニットに2ダメージ,https://gameconductor.com/dqrivals/c/d/1336
cost4_5_unit,5,シュプリンガー,existing_trace,complex,れんけい|出す,れんけい：このユニットに2回さくせんを出す。,https://gameconductor.com/dqrivals/c/d/1337
cost4_5_unit,5,アデン,existing_trace,complex,召喚時|建物,におうだち、召喚時：味方建物１つの耐久値+1、そうした場合攻撃力+2を得る,https://gameconductor.com/dqrivals/c/d/1338
cost4_5_unit,4,りゅうはかせ,remaining_for_next_pass,complex,コスト|特技,自分が使用するコスト3以上の特技のダメージを+2する,https://gameconductor.com/dqrivals/c/d/1463
cost4_5_unit,4,じごくのばんけん,remaining_for_next_pass,complex,建物,2回攻撃、隣接している味方建物の数分攻撃力+1,https://gameconductor.com/dqrivals/c/d/1464
cost4_5_unit,4,バブルキング,v240_added_or_reinforced,complex,召喚時|出す|毒,召喚時：味方ユニット1体にさくせんを出す。このユニットが戦闘ダメージを与えたユニットを毒にする。,https://gameconductor.com/dqrivals/c/d/1465
cost4_5_unit,4,ヘルズクロウ,existing_trace,complex,召喚時|コスト,ねらい撃ち、召喚時：自分のデッキの上からカード4枚を見る。コスト1以下のカードを1枚選びそれを引く。残りをデッキの下に戻す。,https://gameconductor.com/dqrivals/c/d/1466
cost4_5_unit,4,アモス,remaining_for_next_pass,complex,ターン終了|変身,相手のターン終了時このユニットと同じHPを持つモンストラーに変身する,https://gameconductor.com/dqrivals/c/d/1467
cost4_5_unit,4,じごくのもんばん,v240_added_or_reinforced,complex,召喚時|移動,召喚時：敵ユニット1体をこのユニットの正面に移動させる,https://gameconductor.com/dqrivals/c/d/177
cost4_5_unit,4,さんぞくウルフ,v240_added_or_reinforced,complex,味方リーダー|敵リーダー,味方リーダーの攻撃で敵ユニットを倒す度敵リーダーに2ダメージ,https://gameconductor.com/dqrivals/c/d/178
cost4_5_unit,4,たてまじん,remaining_for_next_pass,complex,味方リーダー,前列にいる場合味方リーダーが受けるダメージ-1,https://gameconductor.com/dqrivals/c/d/184
cost4_5_unit,5,しにがみきぞく,v240_added_or_reinforced,complex,召喚時|味方リーダー,貫通、召喚時：味方リーダーのHPが15以下の場合速攻を得る,https://gameconductor.com/dqrivals/c/d/185
cost4_5_unit,5,ドラゴンソルジャー,existing_trace,complex,味方リーダー,対戦中に味方リーダーが攻撃した回数分攻撃力+1,https://gameconductor.com/dqrivals/c/d/187
cost4_5_unit,5,パパス,remaining_for_next_pass,complex,死亡時,死亡時：4/2のパパスの剣を装備する,https://gameconductor.com/dqrivals/c/d/192
cost4_5_unit,5,ボーンファイター,v240_added_or_reinforced,complex,召喚時|手札|コスト|武器,召喚時：自分のデッキと手札にある武器カードのコスト-1,https://gameconductor.com/dqrivals/c/d/396
cost4_5_unit,4,くびかりぞく,v240_added_or_reinforced,complex,味方リーダー,味方リーダーの攻撃で敵ユニットを倒す度味方リーダーのテンション+1,https://gameconductor.com/dqrivals/c/d/427
cost4_5_unit,5,オクトセントリー,v240_added_or_reinforced,complex,味方リーダー,貫通、味方リーダーの攻撃で敵ユニットを倒す度味方リーダーのHPを3回復,https://gameconductor.com/dqrivals/c/d/458
cost4_5_unit,4,グレイグ,remaining_for_next_pass,complex,召喚時,におうだち、召喚時：次の相手のターン中このユニットが受けつダメージは1になる。,https://gameconductor.com/dqrivals/c/d/475
cost4_5_unit,5,ネクロバルサ,v240_added_or_reinforced,complex,召喚時|武器|味方リーダー,召喚時:味方リーダーの攻撃力が4以上ある場合武器の耐久力を+2する。,https://gameconductor.com/dqrivals/c/d/506
cost4_5_unit,4,サタンメイル,remaining_for_next_pass,complex,召喚時|地形,召喚時:味方1マスの地形を刃の紋章に変える。 この効果で地形の上書きはできない。,https://gameconductor.com/dqrivals/c/d/550
cost4_5_unit,5,ヘルオーディン,v240_added_or_reinforced,complex,パワフルバッジ,におうだち、パワフルバッジ：ゾンビ系の味方ユニットは貫通を得る。,https://gameconductor.com/dqrivals/c/d/593
cost4_5_unit,4,ゾンビマスター,existing_trace,complex,召喚時|死亡時|手札,召喚時：ゾンビ系の味方ユニット1体に死亡時：このカードを手札に加えるを付与する,https://gameconductor.com/dqrivals/c/d/609
cost4_5_unit,4,ブルサベージ,remaining_for_next_pass,simple,,絶好調、絶好調状態のユニットが攻撃する度このユニットの攻撃力+2,https://gameconductor.com/dqrivals/c/d/950
cost4_5_unit,4,ヘルビースト,v240_added_or_reinforced,complex,召喚時|手札,におうだち、召喚時：自分の手札に魔王系のカードがあるなら+2/+2,https://gameconductor.com/dqrivals/c/d/1042
cost4_5_unit,5,ギュメイ将軍,existing_trace,simple,,貫通、このユニット以外の全ての敵味方は戦闘ダメージとデッキ切れによるダメージのみ受ける,https://gameconductor.com/dqrivals/c/d/1065
cost4_5_unit,5,ローズバトラー,remaining_for_next_pass,complex,毒|味方リーダー,味方リーダーへの敵の攻撃や効果の対象はこのユニットに変更される。ダメージを与えたユニットを毒にする,https://gameconductor.com/dqrivals/c/d/1177
cost4_5_unit,4,最後の砦の英雄グレイグ,existing_trace,complex,れんけい,におうだち、れんけい：正面にいる全ての敵ユニットに2ダメージ。敵ユニットが死亡する度攻撃力+1,https://gameconductor.com/dqrivals/c/d/1251
cost4_5_unit,5,キングムーチョ,v240_added_or_reinforced,complex,召喚時|武器|味方リーダー,におうだち、召喚時：味方ヒーローがいる場合味方リーダーが装備中の武器を+1/+1,https://gameconductor.com/dqrivals/c/d/1253
cost4_5_unit,4,修練のたてまじん,v240_added_or_reinforced,complex,召喚時|出す|武器|味方リーダー,におうだち、召喚時：味方リーダーが武器を装備している場合このユニットにさくせんを出す,https://gameconductor.com/dqrivals/c/d/1345
cost4_5_unit,4,ファラリスブル,v240_added_or_reinforced,complex,召喚時|武器|建物|味方リーダー,召喚時：味方リーダーが装備中の武器の耐久力+1、対戦中に味方建物が3つ以上出ていたら代わりに味方リーダーが装備中の武器を+1/+2,https://gameconductor.com/dqrivals/c/d/1346
cost4_5_unit,5,レッドサイクロン,v240_added_or_reinforced,complex,ターン終了|味方リーダー|敵リーダー,自分のターン終了時にお互いのリーダーに2ダメージ。味方リーダーのHPが15以下の場合代わりに自分のターン終了時敵リーダーに2ダメージ,https://gameconductor.com/dqrivals/c/d/1347
cost4_5_unit,5,ドランゴ,existing_trace,complex,ランダム|味方リーダー|敵リーダー,味方リーダーが攻撃した後ランダムな横一列にいる全ての敵ユニットと敵リーダーに2ダメージ。このユニットは冒険者としても扱う,https://gameconductor.com/dqrivals/c/d/1349
cost4_5_unit,4,突貫のしにがみきぞく,v240_added_or_reinforced,complex,味方リーダー,貫通、貫通を持つ他の全ての味方の攻撃力+1、味方リーダーのHPが15以下の場合、他の全ての味方ユニットは貫通を得る,https://gameconductor.com/dqrivals/c/d/1446
cost4_5_unit,4,りゅうせんし,existing_trace,complex,召喚時|味方リーダー|敵リーダー,召喚時：速攻と「このターン中敵リーダーを攻撃できない」を得る。このユニットの攻撃は味方リーダーの攻撃としても扱う,https://gameconductor.com/dqrivals/c/d/1486
cost4_5_unit,4,流浪のヒューザ,existing_trace,complex,召喚時|味方リーダー,召喚時：敵ユニット1体に1ダメージ。対戦中に味方リーダーが攻撃した回数分+1ダメージ,https://gameconductor.com/dqrivals/c/d/1487
cost4_5_unit,5,ゴールデンドラゴン,existing_trace,complex,味方リーダー,この対戦中に味方リーダーが攻撃した回数分HP+1,https://gameconductor.com/dqrivals/c/d/1488
cost4_5_unit,5,ローシュ,existing_trace,complex,れんけい|手札|山札|味方リーダー,貫通。味方リーダーが直接攻撃した後、自分のデッキから冒険者カードを1枚引く。れんけい：自分の山札、手札、場の冒険者カードに+1/+1。,https://gameconductor.com/dqrivals/c/d/1562
cost4_5_unit,4,メトロゴースト,v240_added_or_reinforced,complex,特技,対戦中に自分の使った特技カードの枚数分攻撃力+1,https://gameconductor.com/dqrivals/c/d/213
cost4_5_unit,4,ドルイド,v240_added_or_reinforced,complex,召喚時|特技,召喚時：対戦中に使った特技カード1枚を自分のデッキの一番上に置く。,https://gameconductor.com/dqrivals/c/d/214
cost4_5_unit,4,アイスボンバー,existing_trace,complex,召喚時,ねらい撃ち。召喚時：相手の場に氷塊があるなら+2/+2,https://gameconductor.com/dqrivals/c/d/215
cost4_5_unit,5,吹雪の魔女,v240_added_or_reinforced,complex,召喚時,召喚時：敵の場に氷塊があるなら敵ユニット1体に4ダメージ,https://gameconductor.com/dqrivals/c/d/221
cost4_5_unit,5,マリベル,remaining_for_next_pass,complex,召喚時|コスト|特技,召喚時：このターン中次に使う特技カードのコスト-7,https://gameconductor.com/dqrivals/c/d/223
cost4_5_unit,5,なげきの亡霊,remaining_for_next_pass,complex,テンションリンク|ランダム|手札|コスト|特技,テンションリンク：コスト2以下のランダムな魔法使いの特技カードを手札に1枚加える。,https://gameconductor.com/dqrivals/c/d/391
cost4_5_unit,5,ベロニカ,v240_added_or_reinforced,complex,召喚時|ランダム|手札|特技,召喚時：ランダムな魔法使いの特技カードを手札に1枚加える。、スキルブースト：+1枚,https://gameconductor.com/dqrivals/c/d/402
cost4_5_unit,4,樹氷の竜,existing_trace,complex,ターン終了|敵リーダー,自分のターン終了時、敵の場に氷塊があるなら敵リーダーに3ダメージ。,https://gameconductor.com/dqrivals/c/d/517
cost4_5_unit,5,バルバロッサ,v240_added_or_reinforced,complex,召喚時|手札,召喚時:魔法陣に召喚された場合メラミを手札に加える,https://gameconductor.com/dqrivals/c/d/554
cost4_5_unit,4,まどうスライム,v240_added_or_reinforced,complex,ランダム|手札|特技,特技ダメージ+1。自分が特技を使う度ランダムなスライム系のユニットカードを手札に1枚加える。,https://gameconductor.com/dqrivals/c/d/614
cost4_5_unit,4,闇の司祭,v240_added_or_reinforced,complex,パワフルバッジ|特技,パワフルバッジ：スライム系の味方ユニットは特技ダメージを受けない,https://gameconductor.com/dqrivals/c/d/653
cost4_5_unit,5,魔犬レオパルド,v240_added_or_reinforced,complex,死亡時|手札,死亡時：神鳥の杖を手札に加える,https://gameconductor.com/dqrivals/c/d/782
cost4_5_unit,4,ラリホービートル,v240_added_or_reinforced,complex,召喚時|ターン終了,召喚時：味方ヒーローがいる場合敵ユニット1体を次のターン終了時まで攻撃不能にする。,https://gameconductor.com/dqrivals/c/d/797
cost4_5_unit,5,スノーホムンクルス,basic_keyword_or_no_text,none,,,https://gameconductor.com/dqrivals/c/d/870
cost4_5_unit,5,メイジポンポコ,existing_trace,complex,死亡時|コスト|特技|味方リーダー,シンクロ：①味方リーダーが使用する特技カードの攻撃力+1、②死亡時：自分のデッキからコスト5以上の特技カードを1枚引く、③+1/+1,https://gameconductor.com/dqrivals/c/d/952
cost4_5_unit,5,キャプテン・クロウ,existing_trace,complex,特技,おうえん、自分が特技を使う度カードを１枚引く,https://gameconductor.com/dqrivals/c/d/1066
cost4_5_unit,5,レモンキング,existing_trace,complex,攻撃時|BET|GET|場に出す|出す,攻撃時：GET(1)。BET：スライムを2体、味方の場に出す。レモンキング以外のスライム系の味方ユニットが死亡した時、相手リーダーへ1ダメージ。,https://gameconductor.com/dqrivals/c/d/1102
cost4_5_unit,4,少女マリベル,existing_trace,complex,召喚時|BET|GET|コスト|特技,召喚時：GET(2)。BET：このターン中、次に使う特技カードのコスト-2。,https://gameconductor.com/dqrivals/c/d/1147
cost4_5_unit,4,天才魔法使いベロニカ,remaining_for_next_pass,complex,れんけい|ランダム|手札|特技,れんけい：敵1体に3ダメージ。戦闘以外のダメージで敵ユニットが死亡する度魔法使いの特技カードをランダムに1枚手札に加える,https://gameconductor.com/dqrivals/c/d/1260
cost4_5_unit,4,飛翔のガーゴイル,existing_trace,complex,召喚時|手札|出す|特技,おうえん、ねらい撃ち。召喚時：自分の手札に特技カードがあるならこのユニットにさくせんを出す,https://gameconductor.com/dqrivals/c/d/1357
cost4_5_unit,5,ゲルニック将軍,v240_added_or_reinforced,complex,特技|味方リーダー,自分が魔法使いの特技を使う度または敵が特技を使う度味方リーダーのテンション+1,https://gameconductor.com/dqrivals/c/d/1358
cost4_5_unit,4,ヘルジュラシック,existing_trace,complex,手札|コスト,敵ユニットが2体以上いるなら手札にあるこのカードのコスト-1,https://gameconductor.com/dqrivals/c/d/1497
cost4_5_unit,5,スノードラゴン,existing_trace,complex,召喚時|ランダム|手札|コスト|特技,召喚時：コスト4・5・6の特技カードをそれぞれランダムに1枚ずつ選出し、その中から1枚を選んで手札に加える。自分のデッキのメラ系の特技カードが無いなら手札にあるこのカードのコスト-2。,https://gameconductor.com/dqrivals/c/d/1498
cost4_5_unit,5,邪教の使徒ゲマ,remaining_for_next_pass,complex,召喚時|ターン開始|ランダム|味方リーダー,召喚時：次の相手のターン開始時相手は受ける効果を選ぶ・味方リーダーに5ダメージ、味方リーダーのテンション-3・攻撃力が最も高いランダムな味方ユニット1体を死亡させる,https://gameconductor.com/dqrivals/c/d/1564
cost4_5_unit,5,ナイトフォックス,remaining_for_next_pass,complex,コスト|特技,自分の特技カードのコスト-1,https://gameconductor.com/dqrivals/c/d/232
cost4_5_unit,4,ムーンキメラ,v240_added_or_reinforced,complex,召喚時|移動,召喚時：後列にいる全ての敵ユニットを前列に移動させる。,https://gameconductor.com/dqrivals/c/d/244
cost4_5_unit,4,きりさきピエロ,v240_added_or_reinforced,complex,召喚時|手札,召喚時：敵ユニット1体につき武術カード1枚を手札に加える。,https://gameconductor.com/dqrivals/c/d/249
cost4_5_unit,5,キラーマシン,remaining_for_next_pass,complex,召喚時,2回攻撃、召喚時：敵ユニット1体に2ダメージ,https://gameconductor.com/dqrivals/c/d/250
cost4_5_unit,5,デュラハンナイト,existing_trace,complex,召喚時|手札,召喚時：このユニット以下の攻撃力を持つ敵ユニット1体を相手の手札に戻す、スキルブースト:攻撃力+1,https://gameconductor.com/dqrivals/c/d/410
cost4_5_unit,4,ベスキング,remaining_for_next_pass,complex,テンションリンク|出す,テンションリンク：2/1のスライムベスを出す,https://gameconductor.com/dqrivals/c/d/435
cost4_5_unit,4,キラーファング,remaining_for_next_pass,complex,移動,このユニットが移動する度2/-1,https://gameconductor.com/dqrivals/c/d/479
cost4_5_unit,5,アカリリス,remaining_for_next_pass,complex,出す|移動,このユニットが移動する度速攻2/1のいっかくうさぎを出す,https://gameconductor.com/dqrivals/c/d/558
cost4_5_unit,4,キラーエイプ,v240_added_or_reinforced,complex,パワフルバッジ,パワフルバッジ：スライム系の味方ユニットの攻撃力+1,https://gameconductor.com/dqrivals/c/d/584
cost4_5_unit,5,グランスライム,v240_added_or_reinforced,complex,手札|コスト,このユニットを除くスライム系の味方ユニット全てを+1/+1。 自分の手札にあるスライム系のユニットカードのコスト-1。,https://gameconductor.com/dqrivals/c/d/585
cost4_5_unit,5,エンゼルスライム,existing_trace,complex,召喚時|手札|捨て,召喚時：自分のデッキの上から3枚のカードを公開する。 その中にあるスライム系のユニットカードを全て手札に加え、残りのカードを捨てる。,https://gameconductor.com/dqrivals/c/d/658
cost4_5_unit,5,クイーンモーモン,remaining_for_next_pass,complex,味方リーダー,味方ヒーローがいる場合自分のターン中味方リーダーの攻撃力+2,https://gameconductor.com/dqrivals/c/d/748
cost4_5_unit,4,ほのおのせんし,v240_added_or_reinforced,complex,召喚時,召喚時：前列に召喚した場合味方ヒーローがいるなら１マス前にいる敵ユニットに4ダメージ,https://gameconductor.com/dqrivals/c/d/842
cost4_5_unit,4,シルバーマント,remaining_for_next_pass,simple,,絶好調、絶好調状態の味方ユニットが攻撃する度そのユニットは攻撃力+1を得る,https://gameconductor.com/dqrivals/c/d/954
cost4_5_unit,5,アームライオン,v240_added_or_reinforced,simple,,絶好調、絶好調状態の味方ユニットは速攻を得る,https://gameconductor.com/dqrivals/c/d/956
cost4_5_unit,4,コトブキーノ,v240_added_or_reinforced,complex,召喚時|ランダム|手札|特技,召喚時：自分のデッキから特技カードをランダムに1枚手札に加える。自分の場に冒険者がいるなら代わりに2枚手札に加える。,https://gameconductor.com/dqrivals/c/d/1046
cost4_5_unit,4,アサシンクロー,existing_trace,complex,召喚時|BET|GET|手札,召喚時：GET(1)。BET：武術カードを1枚手札に加える。,https://gameconductor.com/dqrivals/c/d/1122
cost4_5_unit,5,ゴレオン将軍,remaining_for_next_pass,complex,BET|GET|スキルリンク|味方リーダー,スキルリンク：GET(1)、BET:攻撃力+1、自分がコインを使う度味方リーダーのテンション+1,https://gameconductor.com/dqrivals/c/d/1178
cost4_5_unit,4,カンダタ,existing_trace,complex,召喚時|攻撃時|手札,召喚時&攻撃時:敵の手札コイン1枚を盗む。盗めなかった場合攻撃力+1、自分の手札のコインの数分このユニットの攻撃力+1,https://gameconductor.com/dqrivals/c/d/1192
cost4_5_unit,4,ブラッドミスト,remaining_for_next_pass,simple,,ステルス、スキルブースト:攻撃力+1,https://gameconductor.com/dqrivals/c/d/1271
cost4_5_unit,4,ニマ大師,v240_added_or_reinforced,complex,召喚時|味方リーダー,召喚時：味方リーダーのテンションスキルを灼熱とうこん討ちに変える,https://gameconductor.com/dqrivals/c/d/1272
cost4_5_unit,5,キラーリカント,v240_added_or_reinforced,complex,死亡時|味方リーダー,おうえん、におうだち、死亡時：味方リーダーのテンション+1,https://gameconductor.com/dqrivals/c/d/1364
cost4_5_unit,5,マミムメモリー,v240_added_or_reinforced,complex,スキルリンク|コスト|味方リーダー,自分がコスト1以上のカードを使う度味方リーダーのテンションが、使用したカードのコストの数分上がる。スキルリンク:+1/+1,https://gameconductor.com/dqrivals/c/d/1365
cost4_5_unit,5,追撃のキラーマシン,remaining_for_next_pass,complex,召喚時|ランダム|出す,2回攻撃、召喚時:このユニットにさくせんを出す。自分がさくせんを出した後、1ターンに2回までランダムな敵ユニット1体に2ダメージ,https://gameconductor.com/dqrivals/c/d/1448
cost4_5_unit,4,デビルロード,existing_trace,complex,敵リーダー,2回攻撃、ねらい撃ち、このユニットが敵リーダーを攻撃した後「このターン中敵リーダーを攻撃できない」を得る,https://gameconductor.com/dqrivals/c/d/1507
cost4_5_unit,4,大工の息子ハッサン,remaining_for_next_pass,complex,召喚時|出す|コスト|建物,召喚時：自分のデッキからコスト2以下の建物カードの中でコストが最大のもの1枚を指定の味方マスに出す,https://gameconductor.com/dqrivals/c/d/1508
cost4_5_unit,5,イエローファット,existing_trace,complex,召喚時|出す|味方リーダー,召喚時：味方リーダーのテンションを全て消費する。消費した数と同じだけ速攻1/1のファーラットを出す,https://gameconductor.com/dqrivals/c/d/1509
cost4_5_unit,5,ハンターフライ,remaining_for_next_pass,complex,死亡時|コスト|味方リーダー,先制、死亡時：味方リーダーのテンション+1、スキルブースト:コスト-1,https://gameconductor.com/dqrivals/c/d/1565
cost4_5_unit,5,ベロリンマン,v240_added_or_reinforced,complex,召喚時|スキルリンク|出す,おうえん、召喚時&スキルリンク:ベロリンマンを1体出す,https://gameconductor.com/dqrivals/c/d/1566
cost4_5_unit,5,スターキメラ,remaining_for_next_pass,simple,,味方が回復する度攻撃力+2,https://gameconductor.com/dqrivals/c/d/270
cost4_5_unit,4,イーブルフライ,v240_added_or_reinforced,complex,召喚時,召喚時：ユニット1体の攻撃力をHPと同じ値にする,https://gameconductor.com/dqrivals/c/d/272
cost4_5_unit,4,エビルチクリン,v240_added_or_reinforced,complex,召喚時,におうだち、召喚時：味方ユニット1体ににおうだちを付与する,https://gameconductor.com/dqrivals/c/d/273
cost4_5_unit,4,リトルライバーン,existing_trace,complex,ランダム,味方が回復する度ランダムな敵1体に2ダメージ,https://gameconductor.com/dqrivals/c/d/274
cost4_5_unit,5,クリフト,remaining_for_next_pass,complex,召喚時|ランダム,召喚時：ランダムな2マスにいる敵ユニットを死亡させる,https://gameconductor.com/dqrivals/c/d/283
cost4_5_unit,4,ともしびこぞう,v240_added_or_reinforced,complex,死亡時|ランダム,死亡時：ランダムな敵1体に2ダメージ、スキルブースト:+1ダメージ,https://gameconductor.com/dqrivals/c/d/466
cost4_5_unit,5,ユニコーン,v240_added_or_reinforced,complex,召喚時,召喚時:HPを4回復,https://gameconductor.com/dqrivals/c/d/523
cost4_5_unit,4,フォレストドラゴ,existing_trace,complex,ターン終了|味方リーダー,自分のターン終了時味方リーダーのHPを2回復,https://gameconductor.com/dqrivals/c/d/562
cost4_5_unit,5,たつのこナイト,remaining_for_next_pass,complex,パワフルバッジ|手札|コスト,パワフルバッジ：自分の手札にあるドラゴン系のユニットカードのコスト-1。,https://gameconductor.com/dqrivals/c/d/630
cost4_5_unit,4,ウィングタイガー,v240_added_or_reinforced,complex,召喚時,召喚時：味方ヒーローがいる場合敵ユニット1体の攻撃力を-2,https://gameconductor.com/dqrivals/c/d/741
cost4_5_unit,5,グリーンドラゴン,remaining_for_next_pass,simple,,効果なし,https://gameconductor.com/dqrivals/c/d/770
cost4_5_unit,5,アイアンナイト,v240_added_or_reinforced,complex,死亡時|ランダム,におうだち、死亡時：ランダムな味方ユニット1体を味方ヒーローのレベルの数分+1/+1,https://gameconductor.com/dqrivals/c/d/876
cost4_5_unit,4,ごくらくちょう,v240_added_or_reinforced,complex,死亡時|味方リーダー|敵リーダー,シンクロ:①HP+1、②ねらい撃ち、③死亡時:味方リーダーのHPを3回復、敵リーダーに3ダメージ,https://gameconductor.com/dqrivals/c/d/958
cost4_5_unit,5,ベビーニュート,existing_trace,complex,ランダム,味方ユニットのHPが回復する度ランダムな敵1体に1ダメージを与えた後カードを1枚引く,https://gameconductor.com/dqrivals/c/d/997
cost4_5_unit,4,ベビーサラマンダ,existing_trace,complex,攻撃時|BET|GET|変身,攻撃時：GET(1)、BET:攻撃力+1、このBETが4回発動した後超貫通8/8のサラマンダーに変身する,https://gameconductor.com/dqrivals/c/d/1138
cost4_5_unit,4,チョメ,basic_keyword_or_no_text,simple,,速攻,https://gameconductor.com/dqrivals/c/d/1196
cost4_5_unit,5,マリンフェアリー,remaining_for_next_pass,complex,召喚時|ランダム|手札|コスト|復活|捨て,召喚時:手札にあるコインをランダムに1枚捨てる。そうした場合この対戦中に死亡した4コスト以下の味方ユニット3種類の中から1体を選んで復活させる,https://gameconductor.com/dqrivals/c/d/1197
cost4_5_unit,5,セラフィ,v240_added_or_reinforced,complex,召喚時|ターン終了|出す,召喚時：指定の味方マスに速攻3/3のチョメを1体出す。自分のターン終了時全ての味方のHPを1回復,https://gameconductor.com/dqrivals/c/d/1198
cost4_5_unit,4,ベルザブル,remaining_for_next_pass,complex,テンションリンク,テンションリンク:このユニットは1ダメージを受ける。その後このユニットのHPが1以上あるならカードを1枚引く,https://gameconductor.com/dqrivals/c/d/1274
cost4_5_unit,4,決意の聖賢セーニャ,existing_trace,complex,れんけい|ランダム,れんけい：全ての味方のHPを3回復する。味方ユニットのHPが回復する度、ランダムな敵1体に2ダメージ。,https://gameconductor.com/dqrivals/c/d/1275
cost4_5_unit,4,マージマタンゴ,v240_added_or_reinforced,complex,召喚時,召喚時:HPを3回復,https://gameconductor.com/dqrivals/c/d/1374
cost4_5_unit,4,強奪のくびかりぞく,v240_added_or_reinforced,complex,召喚時|出す|味方リーダー,召喚時：味方リーダーのテンションが2以上あるならこのユニットにさくせんを出す。このユニットの攻撃で敵ユニットが死亡する度カードを1枚引く,https://gameconductor.com/dqrivals/c/d/1375
cost4_5_unit,4,メダル王女,remaining_for_next_pass,complex,召喚時|ターン終了|テンションリンク|ランダム|出す|コスト,召喚時：相手のターン終了時までステルスを得る、テンションリンク：ランダムなコスト2以下のスライム系のユニットを1体出す,https://gameconductor.com/dqrivals/c/d/1514
cost4_5_unit,5,フォレスドン,remaining_for_next_pass,complex,召喚時|ターン終了|コスト|復活,召喚時：対戦中に死亡したコスト4以上の味方ユニット3種類の中から1体を選んで復活させ「ターン終了時このユニットは死亡する」を付与する,https://gameconductor.com/dqrivals/c/d/1567
cost4_5_unit,4,ダンビラムーチョ,remaining_for_next_pass,complex,テンションリンク|ランダム,テンションリンク：ランダムな味方ユニット1体の攻撃力+1,https://gameconductor.com/dqrivals/c/d/288
cost4_5_unit,5,おどるほうせき,remaining_for_next_pass,complex,特技,このユニットに自分が特技を使う度カードを1枚引く,https://gameconductor.com/dqrivals/c/d/292
cost4_5_unit,4,ごろつき,v240_added_or_reinforced,complex,召喚時,召喚時：自分のデッキから攻撃力1のユニットを1枚引く,https://gameconductor.com/dqrivals/c/d/298
cost4_5_unit,4,ヘルボックル,v240_added_or_reinforced,complex,召喚時|出す,召喚時:1/1のきりかぶこぞう1体を指定の味方マスに出す,https://gameconductor.com/dqrivals/c/d/299
cost4_5_unit,5,オーシャンクロー,remaining_for_next_pass,complex,特技,このユニットに自分が特技を使う度+1/+1,https://gameconductor.com/dqrivals/c/d/304
cost4_5_unit,5,マネマネ,remaining_for_next_pass,complex,召喚時|変身,召喚時：他のユニット1体に変身する,https://gameconductor.com/dqrivals/c/d/309
cost4_5_unit,4,トロデ,remaining_for_next_pass,complex,特技,このユニットに自分が特技を使う度その特技と同じ効果が他の全ての味方ユニットに対しても発動する。,https://gameconductor.com/dqrivals/c/d/407
cost4_5_unit,5,もみじこぞう,v240_added_or_reinforced,complex,召喚時|出す,召喚時：2/2のもみじこぞうを1体出す。スキルブースト:+1体,https://gameconductor.com/dqrivals/c/d/445
cost4_5_unit,4,ゴールドマン,remaining_for_next_pass,complex,召喚時|地形,召喚時:上下のマスの地形を宝箱に変える。 この効果で地形の上書きはできない。,https://gameconductor.com/dqrivals/c/d/526
cost4_5_unit,5,エンタシスマン,remaining_for_next_pass,complex,手札|コスト,におうだち、このカード以外の自分の手札が6枚以上ある場合コスト-2,https://gameconductor.com/dqrivals/c/d/566
cost4_5_unit,4,メタルブラザーズ,v240_added_or_reinforced,complex,死亡時|手札,メタルボディ、死亡時：メタルスライムを手札に2枚加える。,https://gameconductor.com/dqrivals/c/d/621
cost4_5_unit,4,てっこうまじん,remaining_for_next_pass,simple,,味方が持つメタルボディはハードメタルボディに強化される,https://gameconductor.com/dqrivals/c/d/632
cost4_5_unit,4,デュランダル,remaining_for_next_pass,complex,パワフルバッジ|手札|武器,パワフルバッジ：自分の手札にあるメタルボディもしくはハードメタルボディを持つユニットカードと武器のカード残すと-1,https://gameconductor.com/dqrivals/c/d/666
cost4_5_unit,4,トンブレロ,v240_added_or_reinforced,complex,召喚時,召喚時：味方ヒーローがいる場合味方ユニット1体を+2/+2,https://gameconductor.com/dqrivals/c/d/846
cost4_5_unit,4,ブラバニクイーン,remaining_for_next_pass,simple,,シンクロ：①貫通、②速攻、③攻撃力+1,https://gameconductor.com/dqrivals/c/d/964
cost4_5_unit,5,獣魔将ガルレイ,v240_added_or_reinforced,complex,召喚時|ランダム,召喚時：正面にいるランダムな敵ユニット1体に2ダメージ。自分の場に冒険者がいるなら代わりに4ダメージ,https://gameconductor.com/dqrivals/c/d/1000
cost4_5_unit,4,ロクサーヌ,remaining_for_next_pass,complex,召喚時|手札,召喚時：好きなカードパックを選んで手札に加える,https://gameconductor.com/dqrivals/c/d/1054
cost4_5_unit,4,マグマロン,v240_added_or_reinforced,complex,召喚時|ターン終了|BET|GET,召喚時：GET(1)、BET:攻撃力+1と「次の相手のターン終了時まで効果の対象にならない」を得る,https://gameconductor.com/dqrivals/c/d/1127
cost4_5_unit,4,ベロベロ,existing_trace,complex,召喚時|ターン終了|れんけい|出す|コピー,れんけい：+1/+1。召喚時と自分のターン終了時に、このユニットの前後にコピーを出す。,https://gameconductor.com/dqrivals/c/d/1287
cost4_5_unit,5,デンダ,v240_added_or_reinforced,complex,召喚時|出す,召喚時:前列に召喚した場合1/1のデンダの子分を3体出す。後列に召喚した場合全ての味方ユニットを+1/+1,https://gameconductor.com/dqrivals/c/d/1288
cost4_5_unit,5,ハンフリー,existing_trace,complex,召喚時,召喚時:ユニット1体の攻撃力とHPを吸い取り自身の攻撃力とHPを同じ値にする。そのユニットを2/2にする,https://gameconductor.com/dqrivals/c/d/1289
cost4_5_unit,4,ヨージス,remaining_for_next_pass,complex,手札|コスト|建物,味方建物の数分手札にあるこのカードのコスト-1,https://gameconductor.com/dqrivals/c/d/1384
cost4_5_unit,4,宿王リッカ,v240_added_or_reinforced,complex,召喚時|ターン終了,召喚時：次の相手のターン終了時までステルスを得る。 味方ユニットが場に出た後そのユニットを+1/+1,https://gameconductor.com/dqrivals/c/d/1385
cost4_5_unit,5,キラークリムゾン,remaining_for_next_pass,complex,選択|手札|コスト|味方リーダー,選択:・味方リーダーのテンション+2・コスト2のはがねのそろばん1枚を手札に加える,https://gameconductor.com/dqrivals/c/d/1527
cost4_5_unit,5,高潔な王パパス,existing_trace,complex,召喚時|味方リーダー,味方リーダーが敵ユニットを攻撃した後同じユニットに2ダメージ。味方リーダーのHPを2回復。召喚時:このターン中味方リーダーの攻撃力+2,https://gameconductor.com/dqrivals/c/d/1570
cost4_5_unit,4,ベルフェゴル,existing_trace,complex,占い|手札,自分が占いを持つ手札を使う度+1/+1,https://gameconductor.com/dqrivals/c/d/317
cost4_5_unit,4,エビルドライブ,remaining_for_next_pass,complex,占い,占い：(1)カードを1枚引く、(2)攻撃力+3,https://gameconductor.com/dqrivals/c/d/333
cost4_5_unit,4,ワンダーフール,v240_added_or_reinforced,complex,召喚時|コスト,召喚時：デッキの一番上のカードのコストが奇数なら+1/+1と貫通を得る。偶数なら-1/-1とにおうだちを得る,https://gameconductor.com/dqrivals/c/d/334
cost4_5_unit,5,おばけトマト,remaining_for_next_pass,complex,占い,占い：(1)敵ユニット1体の攻撃力を1にする、(2)敵ユニット1体のHPを1にする,https://gameconductor.com/dqrivals/c/d/335
cost4_5_unit,5,ミレーユ,existing_trace,complex,召喚時|攻撃時|手札,召喚時&攻撃時:自分のデッキの上からカードを2枚見る。1枚を手札に加え残りをデッキの上に戻す。,https://gameconductor.com/dqrivals/c/d/343
cost4_5_unit,4,レッサーデーモン,remaining_for_next_pass,complex,テンションリンク|ランダム|コスト,テンションリンク：お互いのデッキの一番上にあるカードを比べ、コストが高い方のリーダーに1ダメージ。 ランダムな位置にカードを戻す。 スキルブースト：+1ダメージ,https://gameconductor.com/dqrivals/c/d/448
cost4_5_unit,4,デスマーキュリー,remaining_for_next_pass,complex,召喚時|地形,召喚時:指定のマスの地形を天啓の神域に変える。 この効果で地形の上書きはできない。,https://gameconductor.com/dqrivals/c/d/530
cost4_5_unit,4,ソルジャーブル,v240_added_or_reinforced,complex,パワフルバッジ,パワフルバッジ：ドラゴン系の味方ユニットの攻撃力+1,https://gameconductor.com/dqrivals/c/d/625
cost4_5_unit,5,だいまどう,remaining_for_next_pass,complex,召喚時|手札|特技,特技ダメージ+1、召喚時：自分の手札にドラゴン系のユニットカードがある場合運命の輪を手札に1枚加える。,https://gameconductor.com/dqrivals/c/d/626
cost4_5_unit,5,キースドラゴン,existing_trace,complex,占い|味方リーダー,占い：①味方リーダーのHPを5回復、②正面にいる全ての敵ユニットに2ダメージ,https://gameconductor.com/dqrivals/c/d/670
cost4_5_unit,4,サイコロン,existing_trace,complex,召喚時|ランダム,召喚時：味方ヒーローがいる場合合計5ダメージをこのユニット以外のランダムなユニットに割り振る,https://gameconductor.com/dqrivals/c/d/848
cost4_5_unit,4,ホワイトパンサー,existing_trace,complex,攻撃時,絶好調、速攻、攻撃時：このユニットが絶好調状態ならこのターン中ダメージを受けない,https://gameconductor.com/dqrivals/c/d/884
cost4_5_unit,5,メタルドラゴン,remaining_for_next_pass,complex,占い|出す|コスト,絶好調、占い：①自分のデッキからコスト2以下の絶好調を持つユニットを2体出す、②絶好調を持つ全ての味方ユニットを+1/+1,https://gameconductor.com/dqrivals/c/d/933
cost4_5_unit,4,リゼロッタ&ルコリア,remaining_for_next_pass,complex,占い|ランダム|手札,占い：①この対戦中に死亡したランダムな味方ユニットを2枚手札に加える、②自分の手札とデッキの攻撃力2以下のユニットカードを+1/+1する,https://gameconductor.com/dqrivals/c/d/969
cost4_5_unit,5,グランマーズ,existing_trace,complex,召喚時|攻撃時|手札|コスト,召喚時&攻撃時：自分のデッキの上からカード3枚を見る。1枚を手札に加えそのカードのコスト-2。残りをデッキの下に戻す,https://gameconductor.com/dqrivals/c/d/1021
cost4_5_unit,4,ルバンカ,existing_trace,complex,召喚時|BET|GET|コスト,におうだち。召喚時：デッキの一番上が偶数コストならGET(2)。BET：HP+1,https://gameconductor.com/dqrivals/c/d/1164
cost4_5_unit,5,インプケイオス,remaining_for_next_pass,complex,召喚時|コスト|味方リーダー,召喚時：敵ユニット1体に1ダメージ。自分のデッキの一番上のカードのコストが偶数なら代わりに3ダメージ与えた後味方リーダーのHPを3回復,https://gameconductor.com/dqrivals/c/d/1203
cost4_5_unit,4,ヘルプラネット,existing_trace,complex,れんけい|占い,におうだち。れんけい：自分が次に使う占いカード1枚のみ効果が両方発動する。,https://gameconductor.com/dqrivals/c/d/1297
cost4_5_unit,5,セレン,existing_trace,complex,死亡時|れんけい|出す,れんけい：他の全ての味方ユニットに死亡時2/2の魚を出すを付与する。攻撃力2以下の味方ユニットは速攻を得る。,https://gameconductor.com/dqrivals/c/d/1298
cost4_5_unit,4,ゴルドン,v240_added_or_reinforced,complex,召喚時|コスト|建物,におうだち、召喚時：自分のデッキからコスト2以下の建物カードを1枚引く。そのカードのコストを-1,https://gameconductor.com/dqrivals/c/d/1391
cost4_5_unit,5,イブール,existing_trace,complex,召喚時|攻撃時|手札|コスト|特技,相手プレイヤーの手札の特技カードのコスト+1、召喚時&攻撃時:相手のデッキの一番上にイブールの本が一枚置かれる,https://gameconductor.com/dqrivals/c/d/1392
cost4_5_unit,4,魔王グラコス,v240_added_or_reinforced,complex,ターン終了|れんけい|出す|敵リーダー,れんけい：テンタコルスを2体出す。自分のターン終了時このユニットがブロックされていないなら敵リーダーに3ダメージ,https://gameconductor.com/dqrivals/c/d/1441
cost4_5_unit,5,ドラゴビショップ,existing_trace,complex,召喚時|占い|手札|コスト,召喚時:カードを2枚引く、このターン中に使った占いカードの枚数分デッキと手札にあるこのカードのコスト-1,https://gameconductor.com/dqrivals/c/d/1537
cost4_5_unit,5,セニカ,remaining_for_next_pass,complex,ターン終了|れんけい,自分のターン終了時このターン戦闘以外のダメージで死亡した敵かHPを回復した味方ユニットがいるならカードを1枚引く。れんけい:敵1体に3ダメージ。全ての味方のHPを3回復,https://gameconductor.com/dqrivals/c/d/1572
cost4_5_unit,4,ボーンプリズナー,existing_trace,complex,召喚時,召喚時：このターン中敵ユニット1体の攻撃力-3,https://gameconductor.com/dqrivals/c/d/357
cost4_5_unit,4,マッドフィンガー,v240_added_or_reinforced,complex,死亡時|出す,死亡時：1/1のマドハンドを2体出す,https://gameconductor.com/dqrivals/c/d/358
cost4_5_unit,4,リビングデッド,v240_added_or_reinforced,complex,召喚時|変身,召喚時：味方ユニット1体を3/3のミイラおとこに変身させる,https://gameconductor.com/dqrivals/c/d/362
cost4_5_unit,5,妖剣士オーレン,remaining_for_next_pass,complex,召喚時,召喚時：敵ユニット1体を-2/-2,https://gameconductor.com/dqrivals/c/d/367
cost4_5_unit,4,ジャミ,existing_trace,complex,召喚時|ターン終了|手札,召喚時：相手の手札が6枚以上ある場合、縦1列にいる全ての敵ユニットを次のターン終了時まで攻撃不能にする。,https://gameconductor.com/dqrivals/c/d/438
cost4_5_unit,4,ゴンズ,existing_trace,complex,召喚時|手札,おうえん、におうだち。召喚時：相手の手札が6枚以上なら+2/+2,https://gameconductor.com/dqrivals/c/d/439
cost4_5_unit,5,ゲマ,remaining_for_next_pass,complex,手札|コスト|敵リーダー,ステルス、相手がデッキからカードを手札に加える度そのカードのコストを+1、敵リーダーに2ダメージ,https://gameconductor.com/dqrivals/c/d/446
cost4_5_unit,4,まおうのつかい,remaining_for_next_pass,simple,,自分のターン中味方ユニットがダメージを受けた場合その味方ユニットの攻撃力+2,https://gameconductor.com/dqrivals/c/d/483
cost4_5_unit,4,どぐうせんし,v240_added_or_reinforced,complex,召喚時|地形,召喚時:このユニットがいる横1列の後列マスの地形を全てバリア床に変える。 この効果で地形の上書きはできない。,https://gameconductor.com/dqrivals/c/d/484
cost4_5_unit,5,バラモスブロス,remaining_for_next_pass,complex,パワフルバッジ|味方リーダー,パワフルバッジ：ゾンビ系のユニットカードを使う度味方リーダーのMPが1回復,https://gameconductor.com/dqrivals/c/d/631
cost4_5_unit,4,デッドエンペラー,v240_added_or_reinforced,complex,死亡時|出す,死亡時：4/4のじごくのきしをこのマスに出す スキルブースト：攻撃力+1,https://gameconductor.com/dqrivals/c/d/769
cost4_5_unit,4,じごくのきし,basic_keyword_or_no_text,none,,,https://gameconductor.com/dqrivals/c/d/773
cost4_5_unit,5,ホークブリザード,v240_added_or_reinforced,complex,死亡時|ランダム|コスト,死亡時：ランダムな敵ユニット1体を死亡させる。 スキルブースト：コスト-1,https://gameconductor.com/dqrivals/c/d/812
cost4_5_unit,4,フライングデス,existing_trace,complex,召喚時|出す|コスト,召喚時：自分の場に空きマスがあるなら味方ユニットを1体死亡させた後自分のデッキからそのユニットと同じコストを持つユニットを1体出す,https://gameconductor.com/dqrivals/c/d/971
cost4_5_unit,4,はらわたを食らう,remaining_for_next_pass,complex,消滅|味方リーダー,敵ユニット1体を消滅させる。味方リーダーのHPを3回復,https://gameconductor.com/dqrivals/c/d/1060
cost4_5_unit,4,エッグラ&チキーラ,remaining_for_next_pass,complex,召喚時|ターン開始,召喚時：タマゴかニワトリどちらが偉いと思うかを選ぶ。次のターン開始時相手にどちらを選んだか当てられなかった場合選んだ効果が発動する。,https://gameconductor.com/dqrivals/c/d/1067
cost4_5_unit,5,マジックリップス,existing_trace,complex,召喚時|ターン終了,召喚時：次に場に出る味方の魔王系ユニットに「次の相手のターン終了時までこのユニットは戦闘ダメージのみ受ける」を付与する,https://gameconductor.com/dqrivals/c/d/1094
cost4_5_unit,5,ポイズンキッス,existing_trace,complex,召喚時|手札|毒,におうだち、召喚時：自分の手札に魔王系カードがあるなら全ての敵ユニットを毒にする,https://gameconductor.com/dqrivals/c/d/1098
cost4_5_unit,4,じごくのざりがに,remaining_for_next_pass,complex,味方リーダー,味方のピサロナイトが場に出る度味方リーダーのHPを2回復する,https://gameconductor.com/dqrivals/c/d/1135
cost4_5_unit,4,せかいじゅのは,remaining_for_next_pass,complex,ランダム|コスト|復活,コストが最も高いランダムな味方ユニット1体を指定の味方マスに復活させる,https://gameconductor.com/dqrivals/c/d/1167
cost4_5_unit,5,ダークモーモン,remaining_for_next_pass,complex,ターン終了|BET|GET,自分のターン終了時GET(1)、BET:お互いのリーダーのテンション+1,https://gameconductor.com/dqrivals/c/d/1169
cost4_5_unit,4,魔王バラモス,v240_added_or_reinforced,complex,死亡時|ターン終了|手札|コスト|特技|味方リーダー,自分のターン終了時手札にある魔王系のユニットカードと特技カードのコスト-1。死亡時：味方リーダーのテンション+1,https://gameconductor.com/dqrivals/c/d/1179
cost4_5_unit,4,ぬかどこスライム,existing_trace,complex,ターン終了|れんけい|毒,れんけい：後列にいる全ての敵ユニットに毒と次のターン終了時まで攻撃不能を付与する。,https://gameconductor.com/dqrivals/c/d/1302
cost4_5_unit,5,暗黒大樹の番人,existing_trace,complex,召喚時|出す,におうだち、召喚時:このターン中ユニットが死亡しているなら暗黒大樹の番人を指定の味方マスに出す,https://gameconductor.com/dqrivals/c/d/1303
cost4_5_unit,5,じごくのよろい,v240_added_or_reinforced,complex,召喚時|死亡時|出す,召喚時&死亡時:ピサロナイトを1体出す。スキルブースト:攻撃力+1,https://gameconductor.com/dqrivals/c/d/1400
cost4_5_unit,5,デスマシーン,existing_trace,complex,死亡時|手札|コスト|敵リーダー,におうだち、このターン中死亡したユニットの数分手札にあるこのカードのコスト-1、死亡時：敵リーダーに3ダメージ,https://gameconductor.com/dqrivals/c/d/1401
cost4_5_unit,5,地獄の帝王エスターク,remaining_for_next_pass,simple,,このユニットはＨＰが減っていない間攻撃力−5され「このユニットの攻撃は他のすべての敵にも同時にダメージを与える」を得る,https://gameconductor.com/dqrivals/c/d/1402
cost4_5_unit,4,デビルプリンス,v240_added_or_reinforced,complex,死亡時|ランダム,死亡時:正面にいるランダムな敵ユニット1体を死亡させる,https://gameconductor.com/dqrivals/c/d/1546
cost4_5_unit,5,セルゲイナス,v240_added_or_reinforced,complex,召喚時|手札|味方リーダー,ねらい撃ち、召喚時:自分の手札に魔王系カードがあるなら味方リーダーのHPを4回復,https://gameconductor.com/dqrivals/c/d/1547
cost4_5_unit,5,怪竜やまたのおろち,existing_trace,complex,召喚時|ランダム,召喚時:残りMPを全て消費する。消費したMPの数分攻撃力+1、その後 このユニットの攻撃力と同じ数分のダメージをランダムな敵ユニットに割り振る,https://gameconductor.com/dqrivals/c/d/1548
cost4_5_unit,4,デーモンスピリット,v240_added_or_reinforced,complex,召喚時|死亡時|手札|出す|コスト|特技,召喚時：手札にコスト3以上の特技カードがあるならデーモンスピリットを1体出す。死亡時:コスト3以上の特技カード1枚を手札に加える,https://gameconductor.com/dqrivals/c/d/1573
cost4_5_unit,4,ベビル,v240_added_or_reinforced,complex,召喚時,召喚時：縦1列にいる全ての敵ユニットに1ダメージ,https://gameconductor.com/dqrivals/c/d/1319
cost4_5_unit,4,笑顔の伝道師シルビア,existing_trace,complex,ターン終了|れんけい|ランダム|場に出す|出す|コスト|味方リーダー,れんけい：コスト1のランダムなユニット2体を場に出す。自分のターン終了時に味方ユニットが3体以上なら味方リーダーのテンション+1。,https://gameconductor.com/dqrivals/c/d/1320
cost4_5_unit,4,マヤ,existing_trace,complex,れんけい|ランダム|手札|敵リーダー,速攻。れんけい：2回攻撃を得る。このユニットが敵リーダーを攻撃した後、相手の手札のカードと同じカードをランダムに1枚手札に加える。,https://gameconductor.com/dqrivals/c/d/1321
cost4_5_unit,5,とうだいタイガー,existing_trace,complex,れんけい|手札,れんけい：攻撃力3以下の敵ユニット1体を相手の手札に戻す。,https://gameconductor.com/dqrivals/c/d/1323
cost4_5_unit,4,ようがんげんじん,v240_added_or_reinforced,complex,召喚時|出す,ステルス、召喚時：このユニットにさくせんを出す,https://gameconductor.com/dqrivals/c/d/1416
cost4_5_unit,4,メダルにゃん,v240_added_or_reinforced,complex,召喚時|手札|捨て,召喚時：カードを2枚引いた後自分の手札から2枚選んで捨てる,https://gameconductor.com/dqrivals/c/d/1417
cost4_5_unit,4,オークデビル,remaining_for_next_pass,complex,味方リーダー,自分のターン中味方リーダーはダメージを受けない,https://gameconductor.com/dqrivals/c/d/1432
cost4_5_unit,5,立ち塞がるドラゴン,existing_trace,complex,召喚時|死亡時|手札|コスト|捨て,におうだち、超貫通、召喚時：カードを2枚引いた後自分の手札から2枚選んで捨てる。死亡時：相手の手札にコスト2の王女の愛を1枚加える,https://gameconductor.com/dqrivals/c/d/1438
cost4_5_unit,4,スラッピー,existing_trace,complex,召喚時|敵リーダー,召喚時:ダメージを受けている敵ユニットがいるなら速攻と「このターン中敵リーダーを攻撃できない」を得る,https://gameconductor.com/dqrivals/c/d/1555
cost4_5_unit,4,スライムボーグ,remaining_for_next_pass,complex,召喚時|ランダム|手札|特技|捨て,召喚時&手札から捨てた時:相手の職業の特技カードをランダムに1枚手札に加える,https://gameconductor.com/dqrivals/c/d/1556
cost4_5_unit,5,セイレーンゴースト,v240_added_or_reinforced,complex,召喚時|攻撃時|出す,ステルス、召喚時&攻撃時:ステルス 2/1のゴーストを1体出す,https://gameconductor.com/dqrivals/c/d/1557
cost4_5_unit,4,ドンホセ,remaining_for_next_pass,complex,召喚時|死亡時|ランダム|手札,召喚時：相手の職業のランダムなレジェンドレアカード3枚から1枚選び手札に加える。死亡時:手札にある自分のデッキに入っていなかったユニットカードを+1/+1,https://gameconductor.com/dqrivals/c/d/1576
cost4_5_unit,4,ギガントドラゴン,existing_trace,complex,召喚時|手札,召喚時：敵の前列か後列を選び、縦一列の全ての敵ユニットに1ダメージ。味方の場か手札に攻撃力4以上の自身を除いたドラゴン系ユニットがいるなら、代わりに2ダメージ。,
cost4_5_unit,5,ガメゴンロード,existing_trace,complex,召喚時|手札|特技,におうだち。召喚時：自分の場か手札に攻撃力4以上の他のドラゴン系がいるなら特技：メラミを1枚手札に加える。,
cost4_5_6_spell,5,もろば斬り,existing_trace,complex,味方リーダー,ユニット1体に7ダメージ、味方リーダーに3ダメージ,https://gameconductor.com/dqrivals/c/d/179
cost4_5_6_spell,5,ギガブレイク,existing_trace,complex,味方リーダー,縦1列にいる全てのユニットに4ダメージを与える。味方リーダーのHPが15以下の場合代わりに6ダメージ。,https://gameconductor.com/dqrivals/c/d/188
cost4_5_6_spell,6,ジゴスパーク,existing_trace,complex,味方リーダー,必殺技、全ての敵ユニットに3ダメージ。対戦中に味方リーダーが攻撃した回数分ダメージ+1,https://gameconductor.com/dqrivals/c/d/190
cost4_5_6_spell,6,おしゃれなバンダナ,existing_trace,complex,コスト|味方リーダー,カードを2枚引く。 味方リーダーの攻撃力が4以上ある場合このカードのコスト-4,https://gameconductor.com/dqrivals/c/d/551
cost4_5_6_spell,4,稲妻雷光斬,existing_trace,simple,,横1列にいる全ての敵ユニットに4ダメージ。他の全ての敵ユニットに1ダメージ,https://gameconductor.com/dqrivals/c/d/1252
cost4_5_6_spell,4,メラゾーマ,existing_trace,simple,,敵1体に5ダメージを与える,https://gameconductor.com/dqrivals/c/d/200
cost4_5_6_spell,4,ピンクタイフーン,existing_trace,simple,,縦一列にいる全てのユニットに1ダメージ。 それらのユニットを次のターン攻撃不能にする。,https://gameconductor.com/dqrivals/c/d/216
cost4_5_6_spell,4,フローズンリンク,existing_trace,simple,,氷塊に隣接する敵ユニット1体を氷塊に変える,https://gameconductor.com/dqrivals/c/d/450
cost4_5_6_spell,5,スライム呼び,existing_trace,complex,出す|コスト,縦一列の空きマスに1/1のスライムを出す。 スキルブースト：コスト-1,https://gameconductor.com/dqrivals/c/d/652
cost4_5_6_spell,4,ヒャドの極意,existing_trace,complex,手札,ヒャド1枚を手札に加える。味方ヒーローがいる場合代わりに2枚加える,https://gameconductor.com/dqrivals/c/d/820
cost4_5_6_spell,5,地這い大蛇,existing_trace,complex,出す|特技,ユニット1体に4ダメージ。この特技で対象が死亡した場合におうだち3/3のゴーレムを出す。,https://gameconductor.com/dqrivals/c/d/924
cost4_5_6_spell,6,神速メラガイアー,existing_trace,complex,手札|コスト,ユニット1体に8ダメージ。自分の手札に魔王系カードがあるならコスト-2,https://gameconductor.com/dqrivals/c/d/1024
cost4_5_6_spell,6,邪悪な祈り,existing_trace,complex,手札|コスト,おうえん、カードを2枚引く。自分の手札に魔王系カードがあるならコスト-3,https://gameconductor.com/dqrivals/c/d/1082
cost4_5_6_spell,5,モンスターコイン,existing_trace,complex,GET|ランダム|手札|出す|コスト,GET(2)、その後、自分の手札にあるコインの枚数と同じコストを持つランダムなユニット1体を出す。,https://gameconductor.com/dqrivals/c/d/1103
cost4_5_6_spell,5,マヒャド,existing_trace,complex,手札|コスト|特技,縦1列にいる氷塊以外の全ての敵ユニットに4ダメージ。自分のデッキにメラ系の特技カードが無いなら手札にあるこのカードのコスト-2,https://gameconductor.com/dqrivals/c/d/1261
cost4_5_6_spell,6,まもののツボ,existing_trace,complex,手札|コスト,3種類のコスト6〜7のユニットの中から1枚を選び手札に加える。このターン中そのカードのコストを0にする,https://gameconductor.com/dqrivals/c/d/1500
cost4_5_6_spell,6,ゴールドフィンガー,existing_trace,complex,封印,ユニット1体を封印し6ダメージを与える,https://gameconductor.com/dqrivals/c/d/246
cost4_5_6_spell,4,無念無想,existing_trace,complex,コスト|特技,このターン中の自分の特技カードのコスト-1,https://gameconductor.com/dqrivals/c/d/436
cost4_5_6_spell,4,必中拳,existing_trace,complex,コスト,ユニット1体に4ダメージを与える。スライム系の味方ユニットの数分コスト-1。,https://gameconductor.com/dqrivals/c/d/595
cost4_5_6_spell,5,はげしいおたけび,existing_trace,complex,手札,前列にいる攻撃力が4以下の敵ユニット全てを手札に戻す。,https://gameconductor.com/dqrivals/c/d/800
cost4_5_6_spell,6,ばくれつけん,existing_trace,complex,ランダム,おうえん、ランダムな敵ユニット1体に2ダメージ、これを4回繰り返す,https://gameconductor.com/dqrivals/c/d/1366
cost4_5_6_spell,4,ザオラル,existing_trace,complex,ランダム|復活,ランダムな味方ユニット1体を指定の味方マスに復活させる。,https://gameconductor.com/dqrivals/c/d/260
cost4_5_6_spell,5,ザキ,existing_trace,simple,,ユニット1体を死亡させる,https://gameconductor.com/dqrivals/c/d/262
cost4_5_6_spell,4,ホーリーライト,existing_trace,complex,味方リーダー,ユニット1体に4ダメージ、味方リーダーのHPを2回復,https://gameconductor.com/dqrivals/c/d/275
cost4_5_6_spell,4,ふしぎなタンバリン,existing_trace,simple,,おうえん、横一列にいる全ての味方ユニットに攻撃力+1と速攻を付与する。,https://gameconductor.com/dqrivals/c/d/276
cost4_5_6_spell,5,グランドクロス,existing_trace,simple,,必殺技、敵の後列中央を中心に十字架型に5ダメージを与える,https://gameconductor.com/dqrivals/c/d/277
cost4_5_6_spell,5,ベホマ,existing_trace,simple,,HPを7回復、カードを2枚引く,https://gameconductor.com/dqrivals/c/d/278
cost4_5_6_spell,4,ニフラム,existing_trace,simple,,攻撃力2以下の敵ユニット全てを死亡させる。,https://gameconductor.com/dqrivals/c/d/394
cost4_5_6_spell,6,ザオリク,existing_trace,complex,ランダム|コスト|復活,コストが最も高いランダムな味方ユニット1体を指定の味方マスに復活させる。,https://gameconductor.com/dqrivals/c/d/409
cost4_5_6_spell,6,精霊の矢,existing_trace,complex,コスト|特技|味方リーダー,ユニット1体に3ダメージを与える。 この特技で対象が死亡した場合、味方リーダーのMPがこのカードのコスト分回復する。,https://gameconductor.com/dqrivals/c/d/586
cost4_5_6_spell,6,冷たい笑み,existing_trace,simple,,お互いの全てのユニットの攻撃力をHPと同じ値にする,https://gameconductor.com/dqrivals/c/d/660
cost4_5_6_spell,5,ニードルラッシュ,existing_trace,complex,ランダム|コスト,ランダムな敵ユニット1体を死亡させる。味方ヒーローのレベルの数分コスト-1,https://gameconductor.com/dqrivals/c/d/928
cost4_5_6_spell,4,いかずちの杖,existing_trace,simple,,横一列にいる全ての敵ユニットに4ダメージを与える,https://gameconductor.com/dqrivals/c/d/303
cost4_5_6_spell,5,魔法のツボ,existing_trace,simple,,カードを3枚引く,https://gameconductor.com/dqrivals/c/d/305
cost4_5_6_spell,5,覚醒の果実,existing_trace,complex,手札|コスト,このユニット1体を+3/+3、このカード以外の自分の手札が6枚以上ある場合コスト-2,https://gameconductor.com/dqrivals/c/d/310
cost4_5_6_spell,6,あらくれ呼び,existing_trace,complex,出す,必殺技、速攻3/1のあらくれを3体出す,https://gameconductor.com/dqrivals/c/d/311
cost4_5_6_spell,5,分裂の杖,existing_trace,complex,場に出す|出す|コピー,味方ユニット1体をコピーして場に出す。 攻撃力とHPPは4/4になる。,https://gameconductor.com/dqrivals/c/d/527
cost4_5_6_spell,4,覚醒の巻物,existing_trace,simple,,ユニット1体に貫通、におうだち、+1/+1を付与する。 スキルブースト:+1/+1,https://gameconductor.com/dqrivals/c/d/587
cost4_5_6_spell,4,痛みわけの杖,existing_trace,simple,,お互いの全てのユニットに3ダメージ,https://gameconductor.com/dqrivals/c/d/664
cost4_5_6_spell,6,スペクタクルショー,existing_trace,complex,ランダム|変身,縦1列にいる全てのユニットをメタルボディもしくはハードメタルボディを持つランダムなユニットに変身させる。,https://gameconductor.com/dqrivals/c/d/665
cost4_5_6_spell,4,大風の巻物,existing_trace,complex,手札,敵ユニット1体を相手の手札に戻る。カードを1枚引く。,https://gameconductor.com/dqrivals/c/d/804
cost4_5_6_spell,4,とうぞくのツボ,existing_trace,complex,コスト,カードを2枚引く。自分の場に冒険者がいるならコスト-2,https://gameconductor.com/dqrivals/c/d/1089
cost4_5_6_spell,6,ゴールドなげ,existing_trace,complex,手札|捨て,すべての敵ユニットに1ダメージ。自分の手札にあるコインの枚数分+1ダメージ。その後コインを2枚捨てる。,https://gameconductor.com/dqrivals/c/d/1129
cost4_5_6_spell,6,バイキルトのツボ,existing_trace,simple,,このターン中全ての味方の攻撃力+2,https://gameconductor.com/dqrivals/c/d/1528
cost4_5_6_spell,4,太陽のタロット,existing_trace,complex,占い|味方リーダー,占い：(1)全ての敵ユニットに2ダメージ、(2)味方リーダーのHPを7回復,https://gameconductor.com/dqrivals/c/d/318
cost4_5_6_spell,5,隠者のタロット,existing_trace,complex,占い|手札|コピー,占い:(1)ユニットのコピーを自分の手札に加える、(2)ユニット1体を1/1のスライムに返信,https://gameconductor.com/dqrivals/c/d/336
cost4_5_6_spell,4,暴風雨,existing_trace,complex,ランダム,合計5ダメージをランダムな敵に割り振る,https://gameconductor.com/dqrivals/c/d/337
cost4_5_6_spell,4,アルカナバースト,existing_trace,complex,コスト,カードを1枚引く、ユニット1体に2ダメージ。引いたカードのコストが奇数なら代わりに6ダメージ,https://gameconductor.com/dqrivals/c/d/338
cost4_5_6_spell,4,愚者のタロット,existing_trace,complex,占い,占い:①全ての敵ユニットの攻撃力を1にする②全ての敵ユニットのHPを1にする,https://gameconductor.com/dqrivals/c/d/416
cost4_5_6_spell,4,魔術師のタロット,existing_trace,complex,占い|手札|コスト|コピー,占い：①デッキの一番上のカードのコスト-3 ②デッキの一番上のカードを手札に加える。さらにそのコピー1枚を手札に加える,https://gameconductor.com/dqrivals/c/d/455
cost4_5_6_spell,5,定められし未来,existing_trace,simple,,敵ユニット1体を相手デッキの一番上に戻す,https://gameconductor.com/dqrivals/c/d/570
cost4_5_6_spell,4,信託の門,existing_trace,complex,出す,必殺技、2/4のコンジャラーを2体出す,https://gameconductor.com/dqrivals/c/d/808
cost4_5_6_spell,6,恋人のタロット,existing_trace,complex,占い,占い：①全ての味方ユニットを+2/+2、②全ての味方ユニットを絶好調状態に戻して+1/+1,https://gameconductor.com/dqrivals/c/d/967
cost4_5_6_spell,6,ゾディアックコード,existing_trace,complex,占い|手札|コスト,必殺技：この対戦中超必中モードになる。自分のデッキから占いカードを1枚手札に加えてコスト-3する。無いなら代わりに審判のタロットを手札に加える。,https://gameconductor.com/dqrivals/c/d/1002
cost4_5_6_spell,5,死神のタロット,existing_trace,complex,占い|出す,占い：①全てのユニットに3ダメージ、②：2/2のナイトウィスプを3体出す,https://gameconductor.com/dqrivals/c/d/1056
cost4_5_6_spell,6,魂の復活,existing_trace,complex,ランダム|復活,この対戦中に死亡した3種類のランダムな冒険者の中から1体を選んで復活させる。超必中モードなら代わりに全て復活させる。,https://gameconductor.com/dqrivals/c/d/1092
cost4_5_6_spell,4,悪夢のルーレット,existing_trace,complex,GET|ランダム,GET(1)、その後コインの枚数と同じ数のランダムな敵ユニットのHPを1にする,https://gameconductor.com/dqrivals/c/d/1133
cost4_5_6_spell,6,逆転への兆し,existing_trace,complex,占い|ランダム|出す|コスト,占い：(1)全てのユニットを1/1にする(2)ランダムなコスト3のユニットを2体出す,https://gameconductor.com/dqrivals/c/d/1299
cost4_5_6_spell,4,タロットコンバート,existing_trace,complex,特技|味方リーダー,ユニット1体に4ダメージ。この特技で対象が死亡した場合味方リーダーのMPを2回復,https://gameconductor.com/dqrivals/c/d/1536
cost4_5_6_spell,6,テーブル・ターニング,existing_trace,complex,占い|出す,占い:(1)4/4のホースデビルを2体出す(2)2/2のモーモンを4体出す,https://gameconductor.com/dqrivals/c/d/1539
cost4_5_6_spell,4,裁きの炎,existing_trace,simple,,攻撃力が4以下のユニット1体を死亡させる,https://gameconductor.com/dqrivals/c/d/359
cost4_5_6_spell,4,地獄の業火,existing_trace,simple,,後列にいる全てのユニットに5ダメージ,https://gameconductor.com/dqrivals/c/d/360
cost4_5_6_spell,4,暗黒の闘気,existing_trace,simple,,全ての味方ユニットを+1/+1,https://gameconductor.com/dqrivals/c/d/363
cost4_5_6_spell,6,漆黒の世界,existing_trace,simple,,全てのユニットを-2/-2,https://gameconductor.com/dqrivals/c/d/365
cost4_5_6_spell,5,地獄からの呼び声,existing_trace,complex,ランダム|手札,対戦中に死亡した味方ユニットをランダムに3枚手札に加える,https://gameconductor.com/dqrivals/c/d/368
cost4_5_6_spell,4,魔王の号令,existing_trace,complex,ランダム|手札|場に出す|出す,両プレイヤーは手札からランダムなユニット1体を場に出す。,https://gameconductor.com/dqrivals/c/d/437
cost4_5_6_spell,4,魔力の泉,existing_trace,simple,,おうえん、両プレイヤーはお互いのリーダーのテンションの数と同じだけカードを引く,https://gameconductor.com/dqrivals/c/d/442
cost4_5_6_spell,4,魔界の磁場,existing_trace,complex,出す,この対戦の間味方のピサロナイトは+1/+1を得る。 ピサロナイトを出す。,https://gameconductor.com/dqrivals/c/d/533
cost4_5_6_spell,4,死者の魂,existing_trace,complex,出す,最大MPが1増える。3/3のミイラおとこを出す。,https://gameconductor.com/dqrivals/c/d/674
cost4_5_6_spell,6,暗黒の縛鎖,existing_trace,complex,コスト,ユニット1体を-6/-6。味方ヒーローのレベルの数分コスト-1。,https://gameconductor.com/dqrivals/c/d/885
cost4_5_6_spell,4,魔王の鼓舞,existing_trace,complex,出す,ピサロナイトを2体出す。全ての味方ユニットを絶好調状態に戻す,https://gameconductor.com/dqrivals/c/d/901
cost4_5_6_spell,5,活性の秘奥,existing_trace,complex,味方リーダー,自分の最大MP+1、味方リーダーのHPを8回復,https://gameconductor.com/dqrivals/c/d/1063
cost4_5_6_spell,4,タメトラ,existing_trace,complex,味方リーダー|敵リーダー,敵リーダーのテンションを0にする。消費したテンションを同じ数分味方リーダーのテンションを増やす。,https://gameconductor.com/dqrivals/c/d/1136
cost4_5_6_spell,5,煉獄魔斬,existing_trace,simple,,前列にいる全ての敵ユニットに2ダメージ。後列にいる全ての敵ユニットに4ダメージ。,https://gameconductor.com/dqrivals/c/d/1304
cost4_5_6_spell,5,絶息の波動,existing_trace,simple,,残りMPを全て消費する。全てのユニットを-1/-1、消費したMPの数分-1/-1が増える,https://gameconductor.com/dqrivals/c/d/1549
cost4_5_6_spell,5,ヘッドハント,existing_trace,complex,手札|特技,敵ユニット1体に5ダメージ。この特技で対象が死亡した場合そのユニットと同じカードを1枚手札に加える,https://gameconductor.com/dqrivals/c/d/1418
corrected_cost6_unit_from_spell_pool,6,エビルトレント,v240_cardType_corrected_and_unit_effect_added,complex,official_cardType_correction,このユニットを除く全ての味方ユニットの攻撃力をHPと同じ値にする,https://gameconductor.com/dqrivals/c/d/280
